program;description;menu name;type;auto description (for reference)
EPRO15;;Estruturação do Produto;Programa;"EPRO15 – Estruturação do Produto. Tipo: Programa. Variações no menu: Estruturação do Produto - Exibe Somente Lista de Materiais Válidos; Estruturação do Produto PGD; Estruturação do Produto (Exibe Lista de Materiais e Processos Inativos); Estruturação do Produto - Henrich (Mostra Mat e Processos Inativos). Termos frequentes: produto engenharia estruturação, fator de conversão, estruturação de produto, engenharia e desenvolvimento, especificação técnica, questão das fotos. Documentos: Estruturação de Produto - EPRO15; Estruturação de Produto - EPRO15 com rotina nova de criação de Produto Acabado pelas Marcas_Variação, para Henrich; Documentação IA_Cadastro de Produto até Faturamento."
PEDI1;;Pedidos de Venda;Programa;"PEDI1 – Pedidos de Venda. Tipo: Programa. Variações no menu: Pedidos de Venda - Normal; Pedidos de Venda Exportação; Pedidos de Venda - Simplificado; PEDI1 - AUGUSTO. Termos frequentes: distribuição pedidos, grade a marcar, lote produção estoque, tipo de entrega, venda alteração, moeda. Documentos: Pedido de Venda_Detalhes Gerais-PEDI1; Lote Produção Estoque - PEDI1; Documentação IA_Cadastro de Produto até Faturamento."
ESTO25;;Plano Abastecimento Materiais;Programa;"ESTO25 – Plano Abastecimento Materiais. Tipo: Programa. Variações no menu: Plano Abastecimento Materiais - Remessa Industrialização; Plano Abastecimento Materiais - Remessa Industrialização c/Nota; Plano Abastecimento Materiais - Requisição -Rel. Qtd Abast; Plano Abastecimento Materiais - Simples Remessa. Termos frequentes: abastecimento materiais requisição, abastecimento materiais simples, materiais remessa industrialização, planejamento necessidade, centro de custo, materiais transferência produção. Documentos: Plano Abastecimento Materiais _Requisições ESTO25; Plano Abastecimento Materiais _ Remessa Industrialização ESTO25; Plano Abastecimento Materiais _Transferencia ESTO25."
FATU2;;Notas Fiscais de Saída;Programa;"FATU2 – Notas Fiscais de Saída. Tipo: Programa. Variações no menu: Notas Fiscais de Saída - CORRETO; Nota Fiscal de Saída - TICKET - KHTA; Notas Fiscais de Saída - MONITOR; Kunden ERP."
ESTO7;;Consulta Estoque Produto;Programa;"ESTO7 – Consulta Estoque Produto. Tipo: Programa. Variações no menu: Consulta Estoque Produto adoc. Termos frequentes: suprimentos estoque consultas, venda reservados, systems. Documentos: Consulta Estoque Produto - ESTO7; Liberação Lote Produção Estoque para Venda Estoque Futuro - MPSP20; Rotina Estoque Futuro Brisa_e Geral."
MPSP5;;Plano de Produção;Programa;"MPSP5 – Plano de Produção. Tipo: Programa. Variações no menu: Plano de Produção - UTILIZA_DATAS_PLANEJAMENTO = S; Plano de Produção - GUILHERME; Plano de Produção - CURTUME; Plano de Produção - UTILIZA_DATAS_PLANEJAMENTO = N - Loc. 16. Termos frequentes: mestre de produção, variação de consumo, variação de grade, tipo calculo lote, data base, utiliza datas planejamento. Documentos: Plano de Produção_Detalhes Gerais - MPSP5; Plano de Produção-MPSP5, “KUNDEN”.“EMAIL_MONITOR_ATM”.“ASSUNTO”; Plano de Produção – MPSP5."
MPSP2;;Planejamento;Programa;"MPSP2 – Planejamento. Tipo: Programa. Variações no menu: Planejamento (DESCONSIDERAR_DATA_BASE = S); Planejamento Kunden; Planejamento - CALÇADOS ROBERTO; Planejamento - 186. Termos frequentes: mestre de produção, recurso base planejamento, configuração recurso base, minutos disponíveis, recursos base planejamento, erro mps datas. Documentos: Planejamento_rotina e dados gerais - MPSP2; Planejamento – MPSP2."
FATU61;;Monitor Notas Fiscais Eletrônicas;Programa;"FATU61 – Monitor Notas Fiscais Eletrônicas. Tipo: Programa. Variações no menu: Fab - Monitor Notas Fiscais Eletrônicas Romaneio; Monitor Notas Fiscais Eletrônicas Romaneio; Monitor Notas Fiscais Eletrônicas (Patch 153); Monitor Notas Fiscais Eletrônicas - Equador. Termos frequentes: notas fiscais eletrônica, carta de correção, primevo, homologação da sefaz, parece que ocorre, investigar um assunto. Documentos: Monitor Notas Fiscais Eletrônicas – FATU61; Monitor Notas Fiscais - NF Eletronica - FATU61; Monitor de Notas Fiscais- MDE – FATU61."
FATU3;;Notas Fiscais de Entrada;Programa;"FATU3 – Notas Fiscais de Entrada. Tipo: Programa. Variações no menu: Notas Fiscais de Entrada FL01; Notas Fiscais de Entrada - Monitor; Notas Fiscais de Entrada - Atelier; Notas Fiscais de Entrada 207 PEGADA."
CFAB2;;Consulta Ordem de Fabricação;Programa;"CFAB2 – Consulta Ordem de Fabricação. Tipo: Programa. Documentos: Consulta Ordem de Fabricação - CFAB2; Chão de Fábrica WEB."
COMP13;;Plano de Necessidades de Compras;Programa;"COMP13 – Plano de Necessidades de Compras. Tipo: Programa. Variações no menu: Plano de Necessidades de Compras - Gera Neces Estab Fat; Plano de Necessidades de Compras - Estab. 115 - Comp. 3; Plano de Necessidades de Compras - Estab. 72099; Plano de Necessidades de Compras - Aniger. Termos frequentes: mrp de compras, pedidos em carteira, necessidades de compra, data compra, compras por estabelecimento, recurso base planejamento. Documentos: Plano Necessidades de Compras_MRP - COMP13; Plano de Necessidade de Compras – COMP13 160419."
PEDI4;;Liberação Pedidos Faturamento;Programa;"PEDI4 – Liberação Pedidos Faturamento. Tipo: Programa. Variações no menu: Liberação Pedidos Faturamento 2; Liberação Pedidos Faturamento - Sem Produção ESTAB 3; Liberação Pedidos Faturamento Conta e Ordem; Liberação Pedidos Faturamento - ADOC. Termos frequentes: pedidos venda faturamento, qtde de volumes, pago pelo destinatário, liberação parcial, filtrar estab, produto na estruturação. Documentos: Liberação Pedidos Faturamento - PEDI4; Documentação IA_Cadastro de Produto até Faturamento."
ADMI6;;Programas;Programa;"ADMI6 – Programas. Tipo: Programa. Variações no menu: Programas - DT. Documentos: Programas – ADMI6; Programas - ADMI6."
COMP3;;Pedidos de Compra;Programa;"COMP3 – Pedidos de Compra. Tipo: Programa. Variações no menu: Pedidos de Compra Serviço; Pedidos de Compra - com alteração liberada; Pedidos de Compra com Cotação; Pedidos de Compra sem Cotação. Termos frequentes: suprimentos compras, thunderbird, data de saída, dias transporte, ordem de compra, compra parâmetro inicialização. Documentos: Pedido de Compras - COMP3; Pedido de Compra – COMP3 - 160419; parte_02."
FATU16;;Gera/Emissão Rótulo Unidade Armazenamento;Programa;"FATU16 – Gera/Emissão Rótulo Unidade Armazenamento. Tipo: Programa. Variações no menu: Gera/Emissão Rótulo Unidade Armazenamento - Pedidos Estofados; Gera/Emissão Rótulo Unidade Armazenamento - Lote Produção Estoque; Gera/Emissão Rótulo Unidade Armazenamento - HKUNTZLER Térmica; Geração/Emissão Rótulo - Henrich. Termos frequentes: rótulos unidades armazenamento, corrugados, agrupa produtos rotulo, layout de rótulo, tipos de corrugadas, gera rótulos pedidos. Documentos: Rotulos_Emissão_Caixas_Corrugadas - FATU16."
CFAB1;;Apontamento de Ordem de Fabricação;Programa;"CFAB1 – Apontamento de Ordem de Fabricação. Tipo: Programa. Variações no menu: Apontamento de Talão; Apontamento de Ordem de Fabricação - Corte; Apontamento de Lote; Apontamento de Ordem de Fabricação - Leitor. Documentos: Rotinas Brisa."
CFAB59;;Cópia de Ordem de Fabricação - Impressão OF;Programa;"CFAB59 – Cópia de Ordem de Fabricação - Impressão OF. Tipo: Programa. Variações no menu: Cópia de Ordem de Fabricação - Curtume; Cópia de Ordem de Fabricação; Cópia de Ordem de Fabricação - Impressão OF CFAB184; Cópia de Ordem de Fabricação - Impressão OF CFAB19_AMC. Termos frequentes: plano mestre, quantidade na ofs, novamente os materiais, maneira de alterarmos, preciso excluir, depuración de talones. Documentos: Copia Ordens de Fabricação - CFAB59."
ADMI34;;Pessoas Físicas/Jurídicas;Programa;"ADMI34 – Pessoas Físicas/Jurídicas. Tipo: Programa. Termos frequentes: cadastros pessoas físicas, proveedores y persona, ticket comb dar, física de otros, criação do monitor, busca cnpj. Documentos: Pessoas Fisicas_Juridicas - ADMI34; Documentação IA_Cadastro de Produto até Faturamento."
PEDI44;;Liberação Pedidos Faturamento;Programa;"PEDI44 – Liberação Pedidos Faturamento. Tipo: Programa. Variações no menu: PGD Lib. Pedidos Faturamento MTZ 115 Loc.5108 LIVRE; Liberação Pedidos Faturamento - ESTAB 713100 - RENAN; PGD Lib. Pedidos Faturamento MTZ 116 Loc.5109 [Processo Novo]; Liberação Pedidos Faturamento CRST - EMP2. Termos frequentes: pedidos venda faturamento, mínimo de parcela, permite faturamento, fazendo a validação, vendas e distribuição, rotulo liber atm. Documentos: Liberação Pedidos Faturamento Rotulos - PEDI44."
RECE2;;Operações;Programa;"RECE2 – Operações. Tipo: Programa. Variações no menu: Operações - Recebimento; Operações - Faturamento; Operações Faturamento; Operações Recebimento. Termos frequentes: operações de faturamento, suprimentos recebimento cadastros, operação fiscal, reflete, exige localização, industrialização efetuada. Documentos: Operação - RECE2."
ESTO112;;Plano Abastecimento Materiais e Controle de Ordem de Fabricação;Programa;"ESTO112 – Plano Abastecimento Materiais e Controle de Ordem de Fabricação. Tipo: Programa. Variações no menu: Plano Abastecimento Materiais e Controle de Ordem de Fabricação (Marcio, sem Medição); Plano Abastecimento Materiais e Controle de Ordem de Fabricação (Soubach); Plano Abast Materiais e Controle de OF C/APONT (ACABADO); Plano Abast Materiais e Controle de OF S/APONT - LOC 16. Termos frequentes: controle de ofs, gera com base. Documentos: Plano Abastecimento Materiais e Controle de Ordem de Fabricação - ESTO112."
ADMI8;;Parâmetros;Programa;"ADMI8 – Parâmetros. Tipo: Programa. Termos frequentes: administração cadastros parâmetros. Documentos: Parâmetros – ADMI8; MANUAL_NOVO_MONITOR."
CFAB90;;Apontamento MultiTarefa - Curtume;Programa;"CFAB90 – Apontamento MultiTarefa - Curtume. Tipo: Programa. Variações no menu: Apontamento MultiTarefa - Curtume.; Apontamento Curtume; Apontamento MultiTarefa - Curtume - SECAGEM (pelo Classificar); Apontamento MultiTarefa - Curtume - RECURTIR - FULÃO 01 RECURTIMENTO WELL. Termos frequentes: desvio, apont sem funcionario, multi tarefa curtume, qtde primária, sempre usar enter, funcionário. Documentos: Apontamento MultiTarefa – CFAB90; Instruções programa CFAB90."
FVEN5;;Cálculo Preço de Venda - Calçado;Programa;"FVEN5 – Cálculo Preço de Venda - Calçado. Tipo: Programa. Variações no menu: Cálculo Preço de Venda - Curtume; Cálculo Preço de Venda - Rel.Excel ADOC/Malu; Cálculo Preço de Venda - Calçado c/Preço Estratégico; Cálculo Preço de Venda - Brisa."
MPSP46;;Ordem de Fabricação - Geração e Abast;Programa;"MPSP46 – Ordem de Fabricação - Geração e Abast. Tipo: Programa. Variações no menu: Ordem de Fabricação - Geração e Abast - JEAN; Ordem de Fabricação - Geração e Abast (Acabamento); Ordem de Fabricação - Geração e Abast - 161; Ordem de Fabricação - Geração e Abast (FRIGORIFICO MIX)."
RECE7;;Retornos de Remessa;Programa;"RECE7 – Retornos de Remessa. Tipo: Programa. Variações no menu: Retornos de Remessa Industrialização - Com Apontamento Produção, Cat Pedido 6; Retornos de Remessa Industrialização - Atelier Ped.cat.6; Retornos de Remessa Industrialização - Sem Apontamento Produção; Retornos de Remessa Beneficiamento Categoria Pedido 6. Termos frequentes: suprimentos recebimento notas, retorno de remessa, remessa industrialização. Documentos: Retornos de Remessa Industrialização – RECE7."
COMP14;;Cotações Código Produto;Programa;"COMP14 – Cotações Código Produto. Tipo: Programa. Variações no menu: Cotações Compra Estrutura Produto Sem Condição; Cotação; Cotações Código Estrutural; Cotações Compra Produto Com Condição. Termos frequentes: suprimentos compras cotações, pedidos en cotizaciones, ticket com funcionalidad, baenamora, funcionalidade, botón de alterar. Documentos: Cotações - COMP14; Cotações Terceirizados  - COMP14."
FATU153;;Liberação Pedidos Faturamento por Rota Estab 3;Programa;"FATU153 – Liberação Pedidos Faturamento por Rota Estab 3. Tipo: Programa. Variações no menu: Liberação Pedidos Faturamento por Rota Estab 3 - Emissão LOCAL 122; Liberação Pedidos Faturamento por Rota RODRIGO; Liberação Pedidos Faturamento por Rota Estab 3 - Ñ OLHA PAINEL; Liberação Pedidos Faturamento por Rota Estab 3 - Lançamento. Termos frequentes: vendas e distribuição, lincros, produzido na real, relatório detalhado, situação da letavo, liberação de pedidos. Documentos: Liberação Pedidos Faturamento por Rota – FATU153."
FATU110;;Retorno de Industrialização Depósito Disponível;Programa;"FATU110 – Retorno de Industrialização Depósito Disponível. Tipo: Programa. Variações no menu: Retorno de Industrialização Depósito Disponível - LIBERAR_PED_SEM_PRODUCAO = N; Retorno de Ind. Depósito Disp. - LIBERAR_PED_SEM_PRODUCAO = N; Retorno de Ind. Depósito Disp. - LIBERAR_PED_SEM_PRODUCAO = S; Retorno de Industrialização Dep Disp - TST. Termos frequentes: industrialização deposito disponível, industrialização deposito disponivel, abastecimentos de depósito, nfs item, parciais do bloco, retorno nos blocos. Documentos: Retorno de Industrialização Depósito Disponível – FATU110."
CPRO4;;Lançamentos - Produção;Programa;"CPRO4 – Lançamentos - Produção. Tipo: Programa. Termos frequentes: lançamento de cep, condenas, configurado para atualizar, implantação da wellour, vinculados ao apontamento, gerou e demais. Documentos: Lançamentos de CEP - CPRO4; Rotina CPRO3,CPRO22,CPRO23,CPRO27,CPRO24,CPRO4,RECE50, Condenas, Laudos, Gera Contra Nota."
FATU6;;Devoluções de Venda;Programa;"FATU6 – Devoluções de Venda. Tipo: Programa. Variações no menu: Devoluções de Empréstimo; Devoluções de Venda - Estab Padrão => 13- Não Controla Rótulo; Genera Nota Credito - Peru - Devol de Ventas; Devoluções de Venda LCTO. Termos frequentes: devolução de venda, suprimentos recebimento notas, área de qualidade, evento, emissão e lançamento, vista com guilherme. Documentos: Devolução de Venda - FATU6 e FATU104."
PEDI2;;Categorias de Pedido;Programa;"PEDI2 – Categorias de Pedido. Tipo: Programa. Variações no menu: Categorias de Pedido - Venda; Categorias de Pedido - Lote Estoque; Categorias de Pedido - Outros. Termos frequentes: tecnica da tabela, exige analise, vez que pegada, venda sem cond. Documentos: Categoria de Pedido - PEDI2."
PEDI7;;Emissão de Etiqueta por Unidade de Produto por Plano de Produção;Programa;"PEDI7 – Emissão de Etiqueta por Unidade de Produto por Plano de Produção. Tipo: Programa. Variações no menu: Emissão de Etiqueta por Unidade de Produto por Plano de Produção(Termotransferência); Emissão de Etiqueta por Unidade de Produto por Plano de Produção CARMIM (Termotransferência); Emissão de Etiquetas por Unidade de Produto por Plano de Produção(Amostras); Emissão de Etiqueta por Unidade de Produto por Plano de Produção(Gráfico/Matricial) - Henrich PDV. Termos frequentes: distribuição pedidos etiquetas, pedi pegada, respectiva grade, emissão de etiquetas, xxxxxxxxxxxxxxxxxxxxxxxxxxxxxx, criar nova versão. Documentos: Etiquetas por Unidade de Produto - PEDI7 - PEDI142."
ESTO4;;Requisição Informada;Programa;"ESTO4 – Requisição Informada. Tipo: Programa. Variações no menu: Requisição Informada - PEG; Requisição Informada - Habilita O.F.; Requisição Informada - Exige Confirmação/Exclusão; Requisição com Ordem de Serviço. Termos frequentes: centro de custo, estoque lançamentos requisição. Documentos: Requisição Informada – ESTO4."
PEDI3;;Cancelamento de Entrega Pedido;Programa;"PEDI3 – Cancelamento de Entrega Pedido. Tipo: Programa. Variações no menu: Cancelamento de Entrega Pedido - MARTIN; Cancelamento de Entrega Pedido - Validações. Termos frequentes: distribuição pedidos, cancelar a entrega, ofs de semi-acabados, rotina não cancela, parâmetro do gestão, distorcendo o estoque. Documentos: Cancelamento de Pedidos e Entregas - PEDI3."
ADMI35;;Clientes;Programa;ADMI35 – Clientes. Tipo: Programa. Variações no menu: Clientes - LETI. Termos frequentes: administração cadastros clientes, vincular o representante, resumo cadastro, criação de novo, inspeção, tenha a nova. Documentos: Clientes - ADMI35.
ADMI63;;Agendador de Tarefas;Programa;ADMI63 – Agendador de Tarefas. Tipo: Programa. Documentos: Agendador de tarefas - ADMI63.
FATU146;;Configuração de Serviços de Documentos Fiscais Eletrônicos (DF-e);Programa;"FATU146 – Configuração de Serviços de Documentos Fiscais Eletrônicos (DF-e). Tipo: Programa. Termos frequentes: distribuição faturamento cadastros, dados adicionais, configurações de notas, fiscal e danfe. Documentos: Configuração de Serviços de Documentos Fiscais Eletrônicos (DF-e) - FATU146; MANUAL_NOVO_MONITOR."
PREC9;;Calendário Recursos;Programa;PREC9 – Calendário Recursos. Tipo: Programa.
FATU124;;Importação de Notas Fiscais de Entrada por XML;Programa;"FATU124 – Importação de Notas Fiscais de Entrada por XML. Tipo: Programa. Variações no menu: Importação de Notas Fiscais de Entrada por XML com Romaneio; Fab - Importação de Notas Fiscais de Entrada por XML; Ate - Importação de Notas Fiscais de Entrada por XML; Importação de Notas Fiscais de Entrada por XML - Emp 210. Termos frequentes: problema de internet, nenhum documento encontrado, importa xml nfe, suprimentos recebimento, importar a nf-e. Documentos: Importação de Notas Fiscais de Entrada por XML - FATU124."
EPRO58;;Estruturação de Produtos - Inventário;Programa;EPRO58 – Estruturação de Produtos - Inventário. Tipo: Programa. Documentos: Estruturação de Produtos – Inventário – EPRO58.
PREC7;;Processos - Calcula Meta sobre Eficiência;Programa;"PREC7 – Processos - Calcula Meta sobre Eficiência. Tipo: Programa. Variações no menu: Processos - Parametrizado; Processos - Calcula Meta sobre Eficiência -JMB; Processos - Calcula Eficiencia sobre Meta c/ TPC; Processos - Calcula Eficiencia sobre Meta. Termos frequentes: recursos processos processos, select, ficha de operações. Documentos: Processos - PREC7."
CFAB85;;Relatório de Rendimento com Custo;Programa;"CFAB85 – Relatório de Rendimento com Custo. Tipo: Programa. Variações no menu: Relatório de Rendimento com Custo - Marcio; Relatório de Rendimento com Custo FRIGO; Relatório de Rendimento com Custo - Krumenauer. Termos frequentes: napa asa, padrão para curtume, encerramento de ordem, matéria prima couro, custo fixo, rendimento com custos. Documentos: Relatório de Rendimento com Custo - CFAB85."
COMP5;;Recebimento de Pedidos de Compra;Programa;"COMP5 – Recebimento de Pedidos de Compra. Tipo: Programa. Variações no menu: Recebimento de Pedidos de Compra Localização 76; Recebimento de Pedidos de Compra - Peru; Recebimento de Pedidos de Compra - REMISSION; Recebimento de Pedidos de Compra - Peru [PADRAO]. Termos frequentes: compra rotina, suprimentos compras, conversão do fornecedor, ajustar a mensagem. Documentos: Recebimento Pedidos de Compras - COMP5; Recebimento de Pedidos de Compra – COMP5 - 160419; parte_02."
ESTO15;;Livro Inventário;Programa;ESTO15 – Livro Inventário. Tipo: Programa. Variações no menu: Livro Inventário - 64 Bits. Termos frequentes: custo médio, relatórios livro inventário, unidades, livro inventario, posição do estoque, seleção especial. Documentos: Livro Inventario - ESTO15.
EPRO28;;Aprovação p/Cálculo de Custos;Programa;"EPRO28 – Aprovação p/Cálculo de Custos. Tipo: Programa. Variações no menu: Desenvolvimento de Produto; Aprovação p/Cálculo de Custos s/ Parâmetro de Categoria; Aprovação p/Cálculo de Custos - Marcio; Aprovação p/Cálculo de Custos - Roberto. Termos frequentes: preço de venda, produto engenharia aprovação. Documentos: Aprovação de Produto para Cálculo de Custos - EPRO28."
ADMI1;;Usuários;Programa;ADMI1 – Usuários. Tipo: Programa. Termos frequentes: perguntando porque acho, account unlock, alterar senha, cibele. Documentos: Usuários - ADMI1.
FATU74;;Gera NF pelo;Programa;"FATU74 – Gera NF pelo. Tipo: Programa. Variações no menu: Gera NF pelo Rótulo; Gera NF pelo Rótulo - Estab3 - Loc 11; PGD Gera NF pelo Rótulo MTZ 115 Loc.5118; Gera NF pelo Rótulo - Estab3 - Loc 16. Termos frequentes: notas fiscais rótulo, informado o atributo, gera notas fiscais, integrar com estoque, geração de nota, criado anteriormente. Documentos: Gera Nota Fiscal Rótulo - FATU74; Geração NFS Transferência pelo FATU74 sem integrar com Estoque."
VEND2;;Lista de Preço (Estrutural);Programa;"VEND2 – Lista de Preço (Estrutural). Tipo: Programa. Variações no menu: Lista de Preço (Produto); 3 Lista de Preço (Estrutural) - (AW); 4 Lista de Preço (Produto) - (AW); Lista de Preço (Estrutural) - ANIGER."
EPRO2;;Categoria;Programa;EPRO2 – Categoria. Tipo: Programa. Termos frequentes: sabes como transformar. Documentos: Categoria – EPRO2.
PEDI142;;Emissão de Etiqueta por Unidade de Produto;Programa;"PEDI142 – Emissão de Etiqueta por Unidade de Produto. Tipo: Programa. Variações no menu: Emissão de Etiqueta por Unidade de Produto - AK; Emissão de Etiqueta por Unidade de Produto - Sunset; Emissão Etiqueta Awana. Termos frequentes: distribuição pedidos etiquetas, pedi pegada, respectiva grade, emissão de etiquetas, xxxxxxxxxxxxxxxxxxxxxxxxxxxxxx, criar nova versão. Documentos: Etiquetas por Unidade de Produto - PEDI7 - PEDI142."
EPRO60;;Estruturação de Produtos - Compras;Programa;EPRO60 – Estruturação de Produtos - Compras. Tipo: Programa. Documentos: Estruturação de Produtos – Compras – EPRO60.
ESTO129;;Plano Abastecimento Materiais - Requisição - Controle de Lote;Programa;"ESTO129 – Plano Abastecimento Materiais - Requisição - Controle de Lote. Tipo: Programa. Variações no menu: Plano Abastecimento Materiais - Requisição - Controle de Lote - patch 208 (sem validação); Plano Abastecimento Materiais - Rem Industrialização- Controle de Lote; Plano Abastecimento Materiais - Requisição - Controle de Lote - Menos Parâmetros; Plano Abastecimento Materiais - Requisição Depósito Disponível ESTO129. Termos frequentes: industrialização efetuada. Documentos: Plano Abastecimento Materiais - Requisição - Controle de Lote – ESTO129."
CFAB7;;Emissão Ordem de Fabricação;Programa;"CFAB7 – Emissão Ordem de Fabricação. Tipo: Programa. Variações no menu: Emissão Ordem de Fabricação- CALI; Emissão Ordem de Fabricação - PREPACK PIAGUI; Emissão Ordem de Fabricação Curtume (TAPETE) - RESUMIDA; Emissão Ordem de Fabricação - LUTHEUZ."
FATU104;;Devoluções de Venda;Programa;"FATU104 – Devoluções de Venda. Tipo: Programa. Variações no menu: Devoluções de Venda EMIS- fatu104 - FL01 116; Devoluções de Venda LCTO FATU104 - MTZ 115; Devoluções de Venda EMIS- fatu104 - MTZ 115 - Obriga Evento; Devoluções de Venda LCTO- fatu104 - com estab. Termos frequentes: devolução de venda, suprimentos recebimento notas, área de qualidade, evento, emissão e lançamento, vista com guilherme. Documentos: Devolução de Venda - FATU6 e FATU104."
CFAB24;;Posição do Plano de Produção;Programa;CFAB24 – Posição do Plano de Produção. Tipo: Programa. Variações no menu: Posição do Plano de Produção (KDR).
ADMI84;;Coletores;Programa;ADMI84 – Coletores. Tipo: Programa. Documentos: Coletores – ADMI84.
EPRO16;;Estruturação do Produto - Aniger;Programa;"EPRO16 – Estruturação do Produto - Aniger. Tipo: Programa. Variações no menu: XXX Estruturação do Produto - Aniger - EPRO16 - INATIVOS; Estruturação do Produto - Aniger - EPRO16; Estruturação do Produto - Aniger - MARTIN; Estruturação de Produtos - Aniger."
CFAB101;;Analise de Abate Frigorifico - 33443;Programa;"CFAB101 – Analise de Abate Frigorifico - 33443. Tipo: Programa. Variações no menu: Analise de Rendimento Frigorifico; Analise de Abate Frigorifico - 33443 - Emis; Analise de Abate Frigorifico - 33443 - Lcto; Analise de Compras Matéria-Prima Couro / Fornecedor. Termos frequentes: matéria-prima couro fornecedor, fábrica relatório gerenciais, analise de compras, produção por classificação, couro fornecedor alteração, inspeção de recebimento. Documentos: Relatório Analise de Compras Matéria-Prima Couro - Fornecedor – CFAB101; Relatório Analise de Abate_Frigorífico – CFAB101; Relatório Analise de Rendimento_Frigorífico - CFAB101."
ESTO71;;Gera Nota Fiscal Abastecimento Materiais - Remessa Industrialização;Programa;"ESTO71 – Gera Nota Fiscal Abastecimento Materiais - Remessa Industrialização. Tipo: Programa. Variações no menu: Gera Nota Fiscal Abastecimento Materiais - Transferência para Produção; Gera Nota Fiscal Abastecimento Materiais - Simples Remessa; Transferência para Produção(material); Gera Nota Fiscal Abastecimento Materiais - Remessa Industrialização - Simão. Termos frequentes: fiscal remessa beneficiamento. Documentos: Gera Nota Fiscal Remessa Beneficiamento - ESTO71."
EPRO39;;Alteração Lista Material de Produtos;Programa;EPRO39 – Alteração Lista Material de Produtos. Tipo: Programa. Termos frequentes: material de produto, dando as mensagens, engenharia e desenvolvimento, vou encaminhar, produtos já utilizados, curtume interna. Documentos: Alteração Lista Materiais de Produtos - EPRO39.
ADMI5;;Configuração de Tabela;Programa;ADMI5 – Configuração de Tabela. Tipo: Programa. Termos frequentes: respectiva empresa, unique, validação na questão, lançamentos de notas, criar uma unique. Documentos: Configuração de Tabela - ADMI5.
MIND27;;Solicitação de Serviços de Manutenção;Programa;"MIND27 – Solicitação de Serviços de Manutenção. Tipo: Programa. Variações no menu: Ordem de Serviços de Manutenção; Solicitação de Serviços de Manutenção - KRM; Solicitação/Ordem de Serviços de Manutenção (Controle Atividade); Solicitação/Ordem de Serviços de Manutenção. Termos frequentes: solicitado informado, usar o manutenção, oficial calzado piagui, eles querem começar, feitos em referente, máquinas acessórios. Documentos: Solicitação de Serviços de Manutenção – MIND27."
EPRO61;;Estruturação do Produto - Venda;Programa;EPRO61 – Estruturação do Produto - Venda. Tipo: Programa. Documentos: Estruturação de Produto – Venda - EPRO61.
TERC1;;Remessa;Programa;"TERC1 – Remessa. Tipo: Programa. Variações no menu: Remessa.; Remessa (Reenvio); Remessa (Código de Barras); Remessa - Terceirização. Termos frequentes: apontamento terc, remessa conserto. Documentos: Remessa – TERC1."
ADMI122;;Configuração Diretórios Servidor;Programa;"ADMI122 – Configuração Diretórios Servidor. Tipo: Programa. Termos frequentes: diretório padrão. Documentos: Configuração Diretório Padrão – ADMI122; MANUAL_NOVO_MONITOR."
ESTO41;;Geração Registro Produtos;Programa;"ESTO41 – Geração Registro Produtos. Tipo: Programa. Variações no menu: Geração Registro Produtos Prontos; Geração Registro Produtos em Fabricação. Termos frequentes: produtos em fabricação, estou tentando montar, gerar os produtos, sistema não gera, novos apontamentos deixarão, estoque em elaboração. Documentos: Geração Registro Produtos em Fabricação - ESTO41."
COMP39;;Consulta Plano de Necessidades de Compras;Programa;COMP39 – Consulta Plano de Necessidades de Compras. Tipo: Programa. Termos frequentes: suprimentos compras consultas. Documentos: Consulta Plano de Necessidades de Compras – COMP39.
RECE50;;Gera Contra Nota Fiscal de Entrada - Frigorífico;Programa;"RECE50 – Gera Contra Nota Fiscal de Entrada - Frigorífico. Tipo: Programa. Variações no menu: Gera Contra Nota Fiscal de Entrada - Frigorífico - valor abate. Termos frequentes: recebimentos notas fiscais, serem demonstrados, aproveitamento condicional, configuração de eventos, peso vivo, ajustada a rotina. Documentos: Gera Contra Nota Fiscal de Entrada - Frigorífico - RECE50; Rotina CPRO3,CPRO22,CPRO23,CPRO27,CPRO24,CPRO4,RECE50, Condenas, Laudos, Gera Contra Nota."
ESTO69;;Encerramento Estoque;Programa;ESTO69 – Encerramento Estoque. Tipo: Programa. Termos frequentes: encerramento de estoque, depois do encerramento, tabela encerr qtd, baixas bom, reabrir o estoque, smart. Documentos: Encerramento Estoque – ESTO69.
ESTO73;;Ajuste Divergências Estoque X Inventário CRI;Programa;"ESTO73 – Ajuste Divergências Estoque X Inventário CRI. Tipo: Programa. Variações no menu: Ajuste Divergência Estoque X Inventariado - CRI; Ajuste Divergências Estoque X Inventário CRI ADOC. Termos frequentes: ajuste divergência estoque, inventariado cri, referente estos productos, podrías definir. Documentos: Ajuste Divergência Estoque X Inventariado – ESTO73."
PEDI14;;Importação Pedidos de Venda - EDI;Programa;"PEDI14 – Importação Pedidos de Venda - EDI. Tipo: Programa. Variações no menu: Importação Pedidos de Venda - EDI Vale; Importação Pedidos de Venda - EDI (LTZ) - VEDDER; Importação Pedidos de Venda - EDI Termotêxtil; Importação Pedidos de Venda - EDI PIAGUI (old - solido). Termos frequentes: moa, ftx zzz atm, salto abs pintado, tax oth, pri ntp, operation fileopen failed. Documentos: Importação de Pedidos de Venda EDI –  PEDI14."
MIND22;;Controle - Ordens de Serviço;Programa;MIND22 – Controle - Ordens de Serviço. Tipo: Programa. Documentos: Ordens de Serviço – MIND22.
CEXC109;;Gerenciador de Serviços;Programa;"CEXC109 – Gerenciador de Serviços. Tipo: Programa. Variações no menu: Gerenciador de Serviços - OLD; Gerenciador de Serviços - Robert."
CFAB10;;Estorno Apontamento de Ordem de Fabricação;Programa;"CFAB10 – Estorno Apontamento de Ordem de Fabricação. Tipo: Programa. Variações no menu: Estorno Apontamento de Talão; Estorno Apontamento de Ordem de Fabricação - MANUAL - PLANO PROD; Estorno Apontamento de Ordem de Fabricação- 79; Estorno Apontamento de Ordem de Fabricação - Atualiza Interface AX. Termos frequentes: exclusão apontamento. Documentos: Exclusão Apontamento de Ordem de Fabricação – CFAB10."
CPRO3;;Eventos;Programa;"CPRO3 – Eventos. Tipo: Programa. Variações no menu: Eventos - Multiplos Indicadores. Termos frequentes: vincular o indicador, tipos de problema, sistema mesmo enumera, respectivo evento sempre, qualidade vendas produção, condenas. Documentos: Rotina CPRO3,CPRO22,CPRO23,CPRO27,CPRO24,CPRO4,RECE50, Condenas, Laudos, Gera Contra Nota; Devolução de Venda - FATU6 e FATU104; Eventos – CPRO3."
COMP75;;Plano de Necessidades de Compras;Programa;"COMP75 – Plano de Necessidades de Compras. Tipo: Programa. Variações no menu: Plano de Necessidades de Compras - 60460; Plano de Necessidades de Compras - GERA_ESTAB_PEDIDO = S; Plano de Necessidades de Compras - Normal; Plano de Necessidades de Compras - Marcio_Duramas. Termos frequentes: lote mínimo compra, mrp de compras, verificar e ajustar, compra agrupado. Documentos: Plano de Necessidades de Compras Agrupado – COMP75."
ESTO13;;Relatório Posição Estoque;Programa;"ESTO13 – Relatório Posição Estoque. Tipo: Programa. Variações no menu: Relatório Posição Estoque - 64 Bits; Relatório Posição Estoque - HK. Termos frequentes: posição de estoque, posição do estoque. Documentos: Relatório Posição Estoque - ESTO13."
MIND2;;Máquinas/Acessórios;Programa;MIND2 – Máquinas/Acessórios. Tipo: Programa. Termos frequentes: categoria de bens, origem a patrimonial, incluir o cod. Documentos: Maquinas e Acessórios – MIND2.
PREC8;;Configuração Recurso Base Planejamento;Programa;PREC8 – Configuração Recurso Base Planejamento. Tipo: Programa. Documentos: Configuração Recurso Base Planejamento - PREC8.
ESTO2;;Implantação de Saldo;Programa;"ESTO2 – Implantação de Saldo. Tipo: Programa. Variações no menu: Implantação de Saldo - ICO; Implantação de Saldo - MARTIN; Implantação de Ssldo - IJP = ESTAB 1, Loc 1, Oper 20-Implantação (Controla Depos.) 2/4; Implantação de Ssldo - IJP = ESTAB 1, Loc 89, Oper 10-Implantação Normal. Termos frequentes: centro de custo. Documentos: Implantação de Saldo – ESTO2."
FATU12;;Transferências;Programa;"FATU12 – Transferências. Tipo: Programa. Variações no menu: Transferências p/ F1; Transferências ESTAB 1 LOC 9955; Transferências - Shoe Trade - MATRIZ; Transferências - Shoe Trade - TIENDA AREQUIPA. Termos frequentes: notas fiscais transferências, notas fiscais transferência, lançar o recebimento, suprimentos recebimento. Documentos: Transferencia (Recebimento) - FATU12."
ADMI51;;Cotações de Moeda;Programa;ADMI51 – Cotações de Moeda. Tipo: Programa. Termos frequentes: moeda web alteração, gravar no sistema, cadastro de moedas, modificar nome, swift, iso. Documentos: Cotações de Moeda - ADMI51.
ESTO23;;Transferência entre Localização - Estab;Programa;"ESTO23 – Transferência entre Localização - Estab. Tipo: Programa. Variações no menu: Transferência entre Localização - Estab 3; Transferência entre Localização; Transferência entre Localizações - 115; Transferência entre Localização - Estab 115 DISPONIVEL. Termos frequentes: transferencia de rotulo, problemas de negativos. Documentos: Transferência entre Localização - ESTO23; Devolução de Venda - FATU6 e FATU104."
ESTO19;;Registro Controle Produção e Estoque;Programa;ESTO19 – Registro Controle Produção e Estoque. Tipo: Programa. Variações no menu: Registro Controle Produção e Estoque - TECNOCALZA. Termos frequentes: seleção especial, utilizar o separador, filtro de multi, segmentado do produto, ponto e vírgula. Documentos: Registro Controle Produção e Estoque – ESTO19.
EPRO59;;Estruturação de Produtos - Abastecimento;Programa;EPRO59 – Estruturação de Produtos - Abastecimento. Tipo: Programa.
VEND78;;Relatório Posição de Pedidos;Programa;VEND78 – Relatório Posição de Pedidos. Tipo: Programa. Variações no menu: Relatório Posição de Pedidos - Produto. Termos frequentes: distribuição pedidos relatórios, uteis para sunset, datas das fabricas, consegui achar, ocorrida na aks, análise de crédito. Documentos: Relatório Posição de Pedidos - VEND78.
EPRO34;;Relatório Ficha Técnica;Programa;"EPRO34 – Relatório Ficha Técnica. Tipo: Programa. Variações no menu: Relatório Estrutura de Produto; Relatório Ficha Técnica - Piagui; Relatório Estrutura de Produto - 64B; 5 Relatório Estrutura de Produto - (AW). Termos frequentes: técnica curtume epro, relatório estrutura, imprimir materiais especificados, substrato, relatório estruturação, produto relatórios. Documentos: Relatório Estrutura de Produto – EPRO34; Relatório Ficha Técnica Curtume – EPRO34-EPRO35_CURTUME..."
VEND14;;Planejamento de Vendas;Programa;"VEND14 – Planejamento de Vendas. Tipo: Programa. Variações no menu: Planejamento de Vendas (Recurso); Planejamento de Vendas (Produto). Termos frequentes: controle cotas planej, qtd efetiva, lote produção estoque. Documentos: Planejamento de Vendas - VEND14."
TERC3;;Posição Remessa/Retorno;Programa;"TERC3 – Posição Remessa/Retorno. Tipo: Programa. Variações no menu: Posição Remessa/Retorno - CADEIN; Posição Remessa/Retorno - Imagem CADEIN. Termos frequentes: saldo em ateliers, voce ver, pre-fabricado. Documentos: Relatório Posição Remessa_Retorno - TERC3."
ESTO67;;Lançamento Produto Inventariado - CRI - Com Controle de Lote;Programa;"ESTO67 – Lançamento Produto Inventariado - CRI - Com Controle de Lote. Tipo: Programa. Variações no menu: Lançamento Produto Inventariado - CRI; Lançamento Produto Inventariado - CRI - Não exige lote (quando há controle lote); Lançamento Produtos Inventário - CRI - c/Botão Confirmar; Lançamento Produtos Inventário - CRI - Não Exige Lote - c/Botão Confirmar. Termos frequentes: produtos inventário cri, utilizado na época, produto por inventariar, referente estos productos, podrías definir. Documentos: Lançamento Produtos Inventário - CRI - ESTO67."
ESTO30;;Relatório Análise Consumo Previsto x Realizado;Programa;"ESTO30 – Relatório Análise Consumo Previsto x Realizado. Tipo: Programa. Variações no menu: Relatório Análise Consumo Previsto x Realizado - 64 bits; Relatório Análise Consumo Previsto x Realizado - OKS. Termos frequentes: necessidade de materiais, relatório analise consumo, quantidade prevista, solicitante, análise de consumo, definido no plano. Documentos: Relatório Analise Consumo Previsto X Realizado - ESTO30."
MPSP74;;Relatório Plano Mestre de Produção por Plano e Produto (Baenamora, Processos;Programa;"MPSP74 – Relatório Plano Mestre de Produção por Plano e Produto (Baenamora, Processos. Tipo: Programa. Variações no menu: Relatório Plano Mestre de Produção por Plano, Produto e Cliente; Relatório Plano Mestre de Produção por Plano e Produto; Relatório Plano Mestre de Produção por Plano e Produto (Baenamora, Processos até Corte); Relatório Plano Mestre de Produção por Plano e Produto (Baenamora, Processos Guarnición a Montaje). Termos frequentes: saldo saldo saldo, prev, lanc, produção por grupos, produtos dos planos, produto pai salva. Documentos: Relatório Plano Mestre de Produção por Plano e Produto – MPSP74 – MPSP75; Relatório Plano Mestre de Produção por Plano e Produto – MPSP74 – MPSP75_Exemplo; Relatório Plano Mestre de Produção por Plano, Produto e Cliente – MPSP74 – MPSP77."
FATU149;;Controle de Medições com Integração com a Medidora;Programa;FATU149 – Controle de Medições com Integração com a Medidora. Tipo: Programa. Termos frequentes: lendo os seguintes, pruebas adoc etiquetas, sds, barras, barras do meio, fizemos o ajuste. Documentos: Controle de Medições com Integração com a Medidora – FATU149.
ADMI16;;Mercado;Programa;ADMI16 – Mercado. Tipo: Programa.
FATU17;;Rótulos;Relatório;"FATU17 – Rótulos. Tipo: Relatório. Variações no menu: Relatório Rótulos; FATU17_PEGADA; Rótulo Unidade Armazemamento; Rótulos - PEGADA."
PEDI52;;Pedido de Venda- PEDI52;Programa;"PEDI52 – Pedido de Venda- PEDI52. Tipo: Programa. Variações no menu: Pedido de Venda- Moveleiro; Pedido de Venda - Calçadista (Openfield); Pedido de Venda - Moveleiro (Openfield); Pedido de Venda- Moveleiro - Relatório Resumido. Termos frequentes: venda com estoque, atualizar o mrp, parametro deve funcionar, inicialização que defina, apenas para pedidos. Documentos: Pedidos de Venda com Estoques – PEDI52."
FATU9;;Devolução de;Programa;"FATU9 – Devolução de. Tipo: Programa. Variações no menu: Devolução de Industrialização - Emissão; Recebimentos de Indutrialização; Devolução de Emprestimo Obtido; Devolução de Compra - Tecnocalza. Termos frequentes: adoc estão testando, alfanumérico, incorrectos en tabla, notas fiscais devoluções. Documentos: Devolução de Compras - FATU9."
ESTO3;;Devoluções;Programa;ESTO3 – Devoluções. Tipo: Programa. Variações no menu: Devoluções - Habilita O.F.. Termos frequentes: estoque lançamentos devoluções, centro de custo. Documentos: Devoluções – ESTO3.
PEDI46;;1=Importação de Pedidos Arezzo;Programa;"PEDI46 – 1=Importação de Pedidos Arezzo. Tipo: Programa. Variações no menu: Importação de Pedidos de Venda. Termos frequentes: venda edi, exec remove dados, integrity constraint, produto interno, automática depois, usuário cria. Documentos: Importação de Pedidos de Venda – PEDI46; Importação de Pedidos de Venda – CSV – PEDI139."
PEDI115;;Relatório Pedidos Prontos para Faturar;Programa;"PEDI115 – Relatório Pedidos Prontos para Faturar. Tipo: Programa. Variações no menu: Relatório Pedidos Prontos para Faturar (Centro de Trabalho); Relatório Pedidos Prontos para Faturar (Localização); Relatório Pedidos Prontos para Faturar (TEA). Termos frequentes: distribuição pedidos relatórios, pronto expedição, parcialmente produzidos, classe de risco, fabricação e faturamento, venda rotina vendas. Documentos: Relatório Pedidos Prontos para Faturar - PEDI115."
CUST8;;Recálculo do Custeio das Ordens de Fabricação;Programa;"CUST8 – Recálculo do Custeio das Ordens de Fabricação. Tipo: Programa. Variações no menu: Recálculo do Custeio das Ordens de Fabricação - 1X; Recálculo do Custeio das Ordens de Fabricação - Planet. Termos frequentes: custos recálculo recálculo, controladoria custos. Documentos: Recálculo do Custeio das Ordens de Fabricação - CUST8."
EPRO57;;Estruturação de Produtos - Contábil Fiscal;Programa;EPRO57 – Estruturação de Produtos - Contábil Fiscal. Tipo: Programa. Documentos: Estruturação de Produto – EPRO57.
ESTO20;;Registro Controle Produção e Estoque;Relatório;ESTO20 – Registro Controle Produção e Estoque. Tipo: Relatório.
EPRO14;;Componente;Programa;EPRO14 – Componente. Tipo: Programa.
ADMI125;;Parâmetros de Inicialização;Programa;ADMI125 – Parâmetros de Inicialização. Tipo: Programa.
CFAB65;;Apontamento de Rótulos;Programa;"CFAB65 – Apontamento de Rótulos. Tipo: Programa. Variações no menu: Apontamento de Rótulos Novo - Proc 330; Apontamento de Rótulos - PROC 160066; Apontamento de Rótulos - PROC 247 LOCAL 9886; Apontamento de Rótulos - Processo 79 Localização 11. Termos frequentes: fábrica lançamentos. Documentos: Apontamento de Rótulos com Consulta - CFAB65."
CFAB17;;Emissão Cartão Componente;Programa;"CFAB17 – Emissão Cartão Componente. Tipo: Programa. Variações no menu: Emissão Cartão Componente - PEGADA; 2 Emissão Cartão Componente - (AW); Emissão Cartão Componente - KDR; Emissão Cartão Componente - MALU."
CFAB11;;Emissão Ordem de Fabricação;Relatório;"CFAB11 – Emissão Ordem de Fabricação. Tipo: Relatório. Variações no menu: Emissão Ordem de Fabricação 2 por página; Emissão Ordem de Fabricação Kildare; Geração Ordem de Fabricação Medição; Emissão Ordem de Fabricação (B)."
PEDI118;;Posição de Pedidos;Programa;"PEDI118 – Posição de Pedidos. Tipo: Programa. Variações no menu: Posição de Pedidos Detalhado (Novo); Posição de Pedidos (Novo). Termos frequentes: posição pedidos venda. Documentos: Posição de Pedidos Detalhado, novo - PEDI118."
VEND113;;Controle de Flexibilidade de Vendas;Programa;VEND113 – Controle de Flexibilidade de Vendas. Tipo: Programa. Termos frequentes: distribuição pedidos representantes, saldo flex, controle flex, flex do representante, vendas alteração, mês o saldo. Documentos: Controle de Flexibilidade de Vendas - VEND113.
ESTO40;;Registro Produtos;Programa;"ESTO40 – Registro Produtos. Tipo: Programa. Variações no menu: Registro Produtos em Fabricação; Registro Produtos Prontos. Termos frequentes: produtos em fabricação. Documentos: Registro Produtos em Fabricação – ESTO40."
PEDI26;;Relatório Pedidos para Encaixotamento;Programa;"PEDI26 – Relatório Pedidos para Encaixotamento. Tipo: Programa. Variações no menu: Relatório Pedidos para Encaixotamento p/ O.F.; Relatório Pedidos para Encaixotamento - H. Kuntzler. Termos frequentes: totalização da qtde. Documentos: Relatório Pedidos para Encaixotamento - PEDI26 - PEDI62."
COMP50;;Plano de Necessidades de Compras Por Estabelecimento;Programa;"COMP50 – Plano de Necessidades de Compras Por Estabelecimento. Tipo: Programa. Variações no menu: Plano de Necessidades de Compras Por Estabelecimento - Gera Neces Estab Fat; Plano necessidade PEGADA. Termos frequentes: plano de necessidade. Documentos: Plano Necessidades de Compras por Estabelecimento - COMP50."
ADMI260;;Cadastro de Usuários;Programa;"ADMI260 – Cadastro de Usuários. Tipo: Programa. Documentos: Cadastro de Usuários – ADMI260; ADMI260 campo “Dias Val. Senha” com valor “errado” gera erro ao tentar acessar no B2B."
ADMI265;;Configuração de Email;Programa;ADMI265 – Configuração de Email. Tipo: Programa. Documentos: Configuração de Email - ADMI265.
ADMI53;;Exercício Fiscal / Período de Lançamentos;Programa;ADMI53 – Exercício Fiscal / Período de Lançamentos. Tipo: Programa. Documentos: Exercício Fiscal - Período de Lançamentos – ADMI53.
CEXC101;;Gerar Requisição Informada;Programa;CEXC101 – Gerar Requisição Informada. Tipo: Programa. Variações no menu: Baixa de estoque NFS Emitida sem estoque. Termos frequentes: producto que todavia, termina de producir, buenos días cesar, baja, gracias y saludos, baixa de estoque. Documentos: Baixa de Estoque de NF Emitida sem Estoque - CEXC101 - CEXC1094.
CFAB134;;Apontamento de Rótulos Completo - Processo 191;Programa;"CFAB134 – Apontamento de Rótulos Completo - Processo 191. Tipo: Programa. Variações no menu: Apontamento de Rótulos Completo - Processo 1298; Apontamento de Rótulos Completo - Processo 261; Apontamento de Rótulos Completo - Processo 79; Apontamento de Rótulos Completo - Processo 191 - ESTAB 115. Termos frequentes: lançamentos apontamento rótulos, validações são feitas, sucesso serão descelecionados, rótulos selecionados continuarão. Documentos: Apontamento de Rótulos Completo – CFAB134."
ESTO1;;Operações;Programa;ESTO1 – Operações. Tipo: Programa.
COMP6;;Solicitação de Pedidos;Programa;COMP6 – Solicitação de Pedidos. Tipo: Programa. Documentos: Solicitação de Pedidos - COMP6 170419.
MPSP54;;Relatório Pedidos Venda e LEs c/ dados de Abastecimento, Produção e Faturamento;Programa;MPSP54 – Relatório Pedidos Venda e LEs c/ dados de Abastecimento, Produção e Faturamento. Tipo: Programa. Termos frequentes: medição, zerar as qtdes, cfe falamos ontem, qtd ent. Documentos: Relatório Pedidos Venda e LEs com dados de Abastecimento, Produção e Faturamento – MPSP54.
VEND122;;Planejamento de Vendas Frigorifico;Programa;"VEND122 – Planejamento de Vendas Frigorifico. Tipo: Programa. Variações no menu: Relatório Metas - Previsto X Realizado (Moveleiro); Planejamento de Vendas Frigorifico - 2024. Termos frequentes: frigorífico, vendas frigorífico. Documentos: Planejamento de Vendas Frigorifico – VEND122."
FATU94;;Regra de Operação;Programa;FATU94 – Regra de Operação. Tipo: Programa. Variações no menu: Cadastro de Config. Especial (Operações). Termos frequentes: especial de faturamento, rotina vendas. Documentos: Cadastro de Configuração Especial de Operações – FATU94.
MPSP20;;Liberação Lote Produção Estoque p/ Venda Estoque Futuro;Programa;"MPSP20 – Liberação Lote Produção Estoque p/ Venda Estoque Futuro. Tipo: Programa. Termos frequentes: liberar. Documentos: Liberação Lote Produção Estoque para Venda Estoque Futuro - MPSP20; Rotina Estoque Futuro Brisa_e Geral."
PEDI127;;Importação de Rótulos;Programa;PEDI127 – Importação de Rótulos. Tipo: Programa. Variações no menu: 3=Importação de Rótulos Arezzo. Termos frequentes: importação de rotulos, venda xml atm, produto cod barras, figura. Documentos: Importação de Rótulos Arezzo – PEDI127.
COMP37;;Resumo Plano de Necessidades de Compras;Programa;COMP37 – Resumo Plano de Necessidades de Compras. Tipo: Programa. Variações no menu: Resumo Plano de Necessidades de Compras - 64 bits. Termos frequentes: base planejamento, resumo plano necessidade. Documentos: Relatório Resumo Plano de Necessidades de Compras - COMP37.
ESTO16;;Livro Inventário;Relatório;ESTO16 – Livro Inventário. Tipo: Relatório.
ESTO27;;Emissão de Requisições;Programa;"ESTO27 – Emissão de Requisições. Tipo: Programa. Variações no menu: Emissão de Requisições.; Emissão de Requisições - OKS; Emissão de Requisições - Adoc; Emissão de Requisições - HKuntzler. Termos frequentes: emissão de requisição, esto oks, suprimentos plano necessidade, materiais emissão requisição. Documentos: Emissão de Requisições – ESTO27."
ESTO115;;Reclassificação de Produtos;Programa;"ESTO115 – Reclassificação de Produtos. Tipo: Programa. Variações no menu: Reclassificação de Produtos - SEM PARÂMETRO DE OPERAÇÃO; Reclassificação de Produtos - PERMITE_ALTERACAO_QTD_SEC_LOTE - S; Reclassificação de Produtos - Pegada Deise; Reclassificação de Produtos KRUMENAUER. Termos frequentes: quantidade secundária, suprimentos estoque lançamentos, reclassificar, trocando o material, continuar a usar, procura quando der. Documentos: Reclassificação de Produtos - ESTO115."
VEND31;;Posição Financeira de Clientes;Programa;VEND31 – Posição Financeira de Clientes. Tipo: Programa. Termos frequentes: vendas vendas análise, crédito posição financeira, contas a receber, documentos liquidados, operacao liquidacao. Documentos: Posição Financeira – VEND31.
FATU34;;Relatório Faturamento;Programa;"FATU34 – Relatório Faturamento. Tipo: Programa. Variações no menu: Relatório Faturamento - Brisa; Relatório Faturamento - Sem Devoluções; Relatório Faturamento - 64 bits; z. Relatório Faturamento. Termos frequentes: relatórios relatório faturamento, relatório de faturamento, tipo arquivo excel. Documentos: Relatório Faturamento - FATU34."
ADMI229;;Log - Configuração;Programa;ADMI229 – Log - Configuração. Tipo: Programa. Termos frequentes: logs, poder rastrear, log alteração. Documentos: Consulta Logs de erros – ADMI230_Configuração de Log - ADMI229.
ESTO137;;Plano Abastecimento Materiais Satra;Programa;ESTO137 – Plano Abastecimento Materiais Satra. Tipo: Programa. Documentos: Plano Abastecimento Materiais Satra – ESTO137.
ESTO77;;Geração Registro Produtos em Fabricação - Custeio Integrado;Programa;ESTO77 – Geração Registro Produtos em Fabricação - Custeio Integrado. Tipo: Programa. Termos frequentes: produto em fabricação, mês de junho. Documentos: Geração Registro Produtos em Fabricação – Custeio Integrado - ESTO77.
ADMI44;;Localização;Programa;ADMI44 – Localização. Tipo: Programa. Variações no menu: Cadastro Localização. Documentos: Localização - ADMI44.
CPRO1;;Indicadores;Programa;CPRO1 – Indicadores. Tipo: Programa. Termos frequentes: indicador já criado, devoluções de vendas, cep o cadastro, indcadores, iniciar. Documentos: Devolução de Venda - FATU6 e FATU104.
CEXC1094;;Gera Requisições - NF Fatura Exportação;Programa;CEXC1094 – Gera Requisições - NF Fatura Exportação. Tipo: Programa. Termos frequentes: producto que todavia, termina de producir, buenos días cesar, baja, gracias y saludos, baixa de estoque. Documentos: Baixa de Estoque de NF Emitida sem Estoque - CEXC101 - CEXC1094.
RECE32;;Cadastro;Programa;"RECE32 – Cadastro. Tipo: Programa. Variações no menu: Cadastro Config. Especial (Operação); Cadastro de Configuração Especial de Operações - Recebimentos. Termos frequentes: especial de operações, especial de recebimento. Documentos: Cadastro de Configuração Especial de Operações – Recebimentos – RECE32."
VEND35;;Carteira de Pedidos (Vendas);Programa;"VEND35 – Carteira de Pedidos (Vendas). Tipo: Programa. Variações no menu: Carteira de Pedidos (Produção); Carteira de Pedidos por Linha. Termos frequentes: fabricação e faturamento, análise de crédito. Documentos: Relatório Carteira de Pedidos - VEND35."
MPSP75;;Relatório Plano Mestre de Produção por Plano e Produto;Relatório;MPSP75 – Relatório Plano Mestre de Produção por Plano e Produto. Tipo: Relatório. Documentos: Relatório Plano Mestre de Produção por Plano e Produto – MPSP74 – MPSP75.
ESTO89;;Manutenção de Rótulos;Programa;"ESTO89 – Manutenção de Rótulos. Tipo: Programa. Variações no menu: 3 Manutenção de Rótulos - (AW); Manutenção de Rótulos - LOTE; Manutenção de Rótulos - Aniger. Termos frequentes: suprimentos estoque lançamentos, rótulos que estejam. Documentos: Manutenção de Rotulos - ESTO89."
CUST1;;Tarifas;Programa;CUST1 – Tarifas. Tipo: Programa.
CUST13;;Apropriação do Custeio Integrado;Programa;"CUST13 – Apropriação do Custeio Integrado. Tipo: Programa. Variações no menu: Apropriação do Custeio Integrado (programa inativo); Apropriação do Custeio Integrado - 64 Bits; Apropriação do Custeio Integrado 41533. Termos frequentes: controladoria custos relatórios, buscando o tempo, custo vinculado, erro gera-controladoria tmp. Documentos: Relatório Apropriação do Custeio Integrado – CUST13."
FATU44;;Relatório Romaneio Notas Fiscais (IMPRESSAO_PADRAO_ATELIER =;Programa;"FATU44 – Relatório Romaneio Notas Fiscais (IMPRESSAO_PADRAO_ATELIER =. Tipo: Programa. Variações no menu: Relatório Romaneio Notas Fiscais (IMPRESSAO_PADRAO_ATELIER = 'S'); Relatório Pre Venda; Relatório Romaneio Notas Fiscais (HK); Relatório Romaneio Notas Fiscais (IMPRESSAO_PADRAO_ATELIER = 'N'). Termos frequentes: distribuição faturamento relatórios, fatu pegada, cotação de terceirização. Documentos: Relatório Romaneio Notas Fiscais - FATU44."
PEDI24;;Instrução de Embarque;Programa;PEDI24 – Instrução de Embarque. Tipo: Programa. Termos frequentes: pedidos passam, saldo produzido, via malote nao, seguir devido qtde. Documentos: Instrução de Embarque_e situação de Desmontagem de Caixas - PEDI24.
EPRO10;;Grades;Programa;EPRO10 – Grades. Tipo: Programa. Termos frequentes: grade a marcar, tamanho base. Documentos: Grades - EPRO10.
CFAB56;;Consulta Etiqueta Unidade Produto;Programa;CFAB56 – Consulta Etiqueta Unidade Produto. Tipo: Programa. Documentos: Consulta Etiqueta Unidade Produto – CFAB56.
ESTO81;;Emissão Relatório;Relatório;"ESTO81 – Emissão Relatório. Tipo: Relatório. Variações no menu: Relatório de Formulações; Relatório Formulações. Documentos: Relatório Formulações (ESTO81, gerado a partir do programa ESTO25)."
CFAB86;;Relatório de Rendimento c/ Custo;Relatório;CFAB86 – Relatório de Rendimento c/ Custo. Tipo: Relatório.
COMP16;;Plano de Necessidades de Compras;Programa;COMP16 – Plano de Necessidades de Compras. Tipo: Programa. Variações no menu: Plano de Necessidades de Compras - 64bits. Documentos: Relatório Plano de Necessidades de Compras - COMP16.
ESTO36;;Solicitação de Necessidades de Materiais c/ Plano Produção;Programa;"ESTO36 – Solicitação de Necessidades de Materiais c/ Plano Produção. Tipo: Programa. Variações no menu: Solicitação de Necessidades de Materiais - Não Obriga Plano Prod; Solicitação de Necessidades de Materiais c/ Plano Produção (LOTE); Solicitação de Necessidades de Materiais - Não Obriga Plano Prod - Gera Compra; Solicitação de Necessidades de Materiais (OC)."
TERC10;;Gera Notas Fiscais Remessa Industrialização;Programa;"TERC10 – Gera Notas Fiscais Remessa Industrialização. Tipo: Programa. Variações no menu: 4 Gera Notas Fiscais Remessa Industrialização - (AW); Gera Notas Fiscais Remessa Industrialização (Estab 71671, Serie7); Gera Notas Fiscais Remessa Industrialização Categ. 27; Gera Nota Fiscal Remessa Industrialização (JONATHAN). Documentos: Gera Notas Fiscais Remessa Industrialização – TERC10."
VEND98;;Ajuste de Preços;Programa;VEND98 – Ajuste de Preços. Tipo: Programa. Documentos: Ajuste de Preços – VEND98.
MPSP73;;Planejamento Necessidade Materiais;Programa;"MPSP73 – Planejamento Necessidade Materiais. Tipo: Programa. Variações no menu: Planejamento Frigorifico - ESTRUTURA 03/2020; Planejamento Necessidade Materiais - Frigorifico; Planejamento Necessidade Materiais - Frigo MATRIZES; Planejamento Necessidade Materiais - BOVINO. Termos frequentes: produção planejamento frigorífico, plano mestre, mestre de produção, planejamento frigorifico, grandes cortes, cubos de carne. Documentos: Planejamento Necessidade Materiais - MPSP73."
ADMI264;;Configuração de Conta de Email;Programa;ADMI264 – Configuração de Conta de Email. Tipo: Programa.
FVEN1;;Configurações;Programa;FVEN1 – Configurações. Tipo: Programa. Termos frequentes: venda cadastro configurações. Documentos: Configurações – FVEN1.
ADMI36;;Centros de Custo/Trabalho;Programa;ADMI36 – Centros de Custo/Trabalho. Tipo: Programa. Termos frequentes: centros de custos, empresa irmaos marchini. Documentos: Centros de Custos - ADMI36.
EPRO32;;Vínculo Produto/Produto Cliente;Programa;"EPRO32 – Vínculo Produto/Produto Cliente. Tipo: Programa. Variações no menu: Vínculo Produto/Produto Cliente - Produto; Vínculo Produto/Produto Cliente - Produto/grade. Documentos: Vínculo Produto_Produto Cliente - EPRO32."
CEXT84;;Processo Exportação;Programa;"CEXT84 – Processo Exportação. Tipo: Programa. Variações no menu: Processo Exportação Completo (Minuano Estofados); Processo Exportação Completo (Cortume Krumenauer); Processo Exportação Completo-Padrão I; Processo Exportação Completo - PGD."
CFAB51;;Finalização de Produção;Programa;CFAB51 – Finalização de Produção. Tipo: Programa. Termos frequentes: reposição finalizar produção, fábrica lançamentos finalização, manufatura chão, usuario producao fechamento, data hora finalizacao, atm set situacao. Documentos: Finalização de Produção - CFAB51.
COMP7;;Posição de Entregas;Programa;COMP7 – Posição de Entregas. Tipo: Programa. Variações no menu: Posição de Entregas - Roberto. Termos frequentes: recebimentos parciais, produção agrupado, qtdes no novo, possível pelo fato, pedidos de compra. Documentos: Relatório Posição de Entregas - COMP7.
PREC18;;Relatório Eficiência;Programa;PREC18 – Relatório Eficiência. Tipo: Programa. Termos frequentes: minutos perdidos, capacidade de recursos, eficiência alteração, relatórios relatório eficiência. Documentos: Relatório Eficiencia - PREC18.
MIND1;;Tipos de Equipamento;Programa;MIND1 – Tipos de Equipamento. Tipo: Programa.
FATU4;;Configuração de Notas Fiscais;Programa;FATU4 – Configuração de Notas Fiscais. Tipo: Programa.
FATU128;;Romaneio Pieles del Sur;Programa;"FATU128 – Romaneio Pieles del Sur. Tipo: Programa. Variações no menu: Romaneio Pieles del Sur - Marcio; Romaneio Pieles Del Sur - Com Imagem; Romaneio Pieles del Sur - Sem Imagem. Termos frequentes: bits, validar uns pedidos, estou precisando, caminho logotipo, nada na impressora, caligiuri santos. Documentos: Romaneio Pieles del Sur – FATU128."
PREC36;;Cadastro de Tempos por Setor;Programa;PREC36 – Cadastro de Tempos por Setor. Tipo: Programa. Documentos: Cadastro de Tempos por Setor – PREC36.
ESTO108;;Relatório Conciliação Estoque x Contábil;Programa;"ESTO108 – Relatório Conciliação Estoque x Contábil. Tipo: Programa. Variações no menu: Relatorio Conciliação Estoque x Contabil - Pegada; Relatório Conciliação Estoque x Contábil - 64 Bits. Termos frequentes: administração configurações agendador. Documentos: Relatório Conciliação Estoque X Contábil, ESTO108."
MIND16;;Gera Nota Fiscal Ordem de Transferência;Programa;MIND16 – Gera Nota Fiscal Ordem de Transferência. Tipo: Programa. Documentos: Gera Nota Fiscal Ordem de Transferência – MIND16.
ESTO37;;Solicitação de Necessidades de Materiais;Programa;"ESTO37 – Solicitação de Necessidades de Materiais. Tipo: Programa. Variações no menu: Solicitação de Necessidades de Materiais - Simão; Requisição Informada - Multi Produtos. Termos frequentes: requisição informada multi, frequente esta funcionalidade, custo-benefício baixo visto. Documentos: Requisição Informada - Multi Produtos – ESTO37."
FATU22;;Emissão Rótulo Unidade Armazenamento;Programa;"FATU22 – Emissão Rótulo Unidade Armazenamento. Tipo: Programa. Variações no menu: Emissão Rótulo Unidade Armazenamento - OKSEBRA; Emissão Rótulo Unidade Armazenamento BRISA; Emissão Rótulo Unidade Armazenamento COMPLEMENTAR; Emissão Rótulo Unidade Armazenamento GLOBO STANDARD."
PEDI112;;Cancelamento Saldo Embarque;Programa;PEDI112 – Cancelamento Saldo Embarque. Tipo: Programa. Variações no menu: Cancelamento Saldo Embarque (Somente Entregas sem Faturamento). Termos frequentes: cancelamento de saldo. Documentos: Cancelamento Saldo de Embarque - PEDI112.
FATU69;;Romaneio - Edição;Programa;FATU69 – Romaneio - Edição. Tipo: Programa. Termos frequentes: romaneio manual, vinculados no romaneio, crítica boa tarde, enquanto se discute, tolerancia análise crítica, essas questões. Documentos: Romaneio Manual_Edição - FATU69.
ADMI66;;Regras Tributação Especial;Programa;ADMI66 – Regras Tributação Especial. Tipo: Programa. Termos frequentes: regra de tributação. Documentos: Regras Tributação Especial – ADMI66.
FVEN4;;Categoria FPV;Programa;FVEN4 – Categoria FPV. Tipo: Programa. Termos frequentes: preço de venda. Documentos: Categoria FPV – FVEN4.
EPRO105;;Estruturação do Produto - Manufatura - Novo;Programa;EPRO105 – Estruturação do Produto - Manufatura - Novo. Tipo: Programa. Variações no menu: Estruturação do Produto - Manufatura - Novo - Exibe Inativos.
CFAB19;;CFAB19_CURTUME - Emissão de OF;Relatório;"CFAB19 – CFAB19_CURTUME - Emissão de OF. Tipo: Relatório. Variações no menu: Emissão Ordem de Fabricação; CFAB19_AMC; Relatório OF Curtumes; CFAB19_SBC."
CFAB79;;Relatório de Produção da Classificação - Análise da Classificação;Programa;CFAB79 – Relatório de Produção da Classificação - Análise da Classificação. Tipo: Programa. Documentos: Relatório de Produção da Classificação - Análise da Classificação - CFAB79.
TERC2;;Retorno (Com Apontamento Produção);Programa;"TERC2 – Retorno (Com Apontamento Produção). Tipo: Programa. Variações no menu: Retorno (Sem Apontamento Produção/Sem Código de Barras); Retorno (Com Apontamento Produção/Com Código de Barras); Retorno - Simão; Retorno (Sem Apontamento Produção/Código de Barras)."
ESTO79;;Apontamento de Requisição-NÃO USAR-PROGRAMA COM PROBLEMAS (Marcio);Programa;ESTO79 – Apontamento de Requisição-NÃO USAR-PROGRAMA COM PROBLEMAS (Marcio). Tipo: Programa.
COMP28;;Plano de Necessidades de Compras por Plano de Produção;Programa;"COMP28 – Plano de Necessidades de Compras por Plano de Produção. Tipo: Programa. Termos frequentes: insumo unitário, resumo de materiais. Documentos: Relatório Plano de Necessidades de Compras por Plano Produção - COMP28; Plano de Necessidades de Compras por Plano de Produção – COMP28."
ADMI25;;Permissões;Programa;ADMI25 – Permissões. Tipo: Programa. Documentos: Permissões – ADMI25.
PEDI80;;PEDI80;Programa;PEDI80 – PEDI80. Tipo: Programa. Variações no menu: Reserva Pedidos a Produzir. Termos frequentes: pedidos a produzir, deseja continuar, terá que desmarcar, alteração categoria entrega, filtro quantidade mínima, distribuição pedidos. Documentos: Reserva Pedidos a Produzir – PEDI80.
CPRO24;;Emissão de Laudos;Programa;"CPRO24 – Emissão de Laudos. Tipo: Programa. Termos frequentes: laudo, modificar o rodapé, laudo da trevisan, empresa frigolaste documentação, corrigir situação, condenas. Documentos: Rotina CPRO3,CPRO22,CPRO23,CPRO27,CPRO24,CPRO4,RECE50, Condenas, Laudos, Gera Contra Nota; Emissão de Laudos - CPRO24."
COMP4;;Categorias de Pedido;Programa;COMP4 – Categorias de Pedido. Tipo: Programa. Documentos: Categoria de Pedido de Compras - COMP4.
ADMI30;;Segmentação de Código;Programa;"ADMI30 – Segmentação de Código. Tipo: Programa. Termos frequentes: local de armazenagem, lido ou informado, leitz, minha mudança, homologação estava. Documentos: Painel de Armazenagem; Segmentação de Código - ADMI30."
CFAB78;;Relatório de Rendimento;Programa;CFAB78 – Relatório de Rendimento. Tipo: Programa. Variações no menu: Relatório de Rendimento FRIGO. Termos frequentes: encerramento de ordem. Documentos: Relatório de Rendimento - CFAB78.
CFAB71;;Relatório Produto por Plano/Construção/Modelo/Produto;Programa;CFAB71 – Relatório Produto por Plano/Construção/Modelo/Produto. Tipo: Programa. Variações no menu: Relatório Produto por Plano/Construção/Modelo/Produto - Gass. Documentos: Relatório Produção por Plano_Construção_Modelo_Produto - CFAB71.
MIND15;;Transferência Externa;Programa;MIND15 – Transferência Externa. Tipo: Programa. Termos frequentes: localização da máquina, incapaz de inserir, preparado para vincular, porque foi separado, centro de trabalho. Documentos: Transferência Externa - MIND15.
ESTO123;;Solicitação de Necessidades de Materiais - Múltiplas OFs;Programa;ESTO123 – Solicitação de Necessidades de Materiais - Múltiplas OFs. Tipo: Programa. Termos frequentes: procedimento de inclusão, cabeçalho das solicitações, exclusão ou alteração, existente no wms, documento já enviado, alterado com sucesso. Documentos: Solicitação de Necessidades de Materiais - Múltiplas OFs - ESTO123.
VEND100;;Liberação Comercial Detalhada (VEND100) - Pegada;Programa;VEND100 – Liberação Comercial Detalhada (VEND100) - Pegada. Tipo: Programa. Documentos: Liberação Comercial Detalhada – VEND100.
PEDI133;;Manutenção de Pedidos;Programa;PEDI133 – Manutenção de Pedidos. Tipo: Programa. Termos frequentes: alterar descontos, rotina nova manutenção, encaminhado o ped. Documentos: Manutenção de Pedidos – PEDI133.
VEND39;;Liberação Comercial;Programa;"VEND39 – Liberação Comercial. Tipo: Programa. Variações no menu: Liberação Comercial e Desbloqueio Faturamento (VEND39); Desbloqueio Faturamento; Liberação Comercial - VEND39. Termos frequentes: verificar o preço, usuários teriam acesso, simulações informando prazo, regras do fpv, pedidos em liberação, ordem pelo número. Documentos: Liberação Comercial - VEND39."
MIND30;;Relatório Custo Total por Equipamento;Programa;MIND30 – Relatório Custo Total por Equipamento. Tipo: Programa. Documentos: Relatório Custo Total por Equipamento – MIND30.
EPRO18;;Tipo Produto;Programa;EPRO18 – Tipo Produto. Tipo: Programa. Documentos: Tipo Produto – EPRO18.
CFAB22;;Apontamento de Rótulos (Processo;Programa;"CFAB22 – Apontamento de Rótulos (Processo. Tipo: Programa. Variações no menu: Apontamento de Rótulos (Processo 191); Apontamento Rótulos Transf. Produção Estoque; Apontamento de Rótulos - PGD MTZ - 115 Loc. 5108 CFAB22; Apontamento de Rótulos (Processo 160066). Termos frequentes: lançamentos apontamento rótulos. Documentos: Apontamento de Rótulos – CFAB22."
ESTO119;;Rastreabilidade Pedido\OF\Lote;Programa;"ESTO119 – Rastreabilidade Pedido\OF\Lote. Tipo: Programa. Termos frequentes: frigoríficos em relação, consumido produzido, acaso sabe. Documentos: Consulta de Rastreabilidade – Lotes – ESTO119; Análise Matéria Prima - ESTO119."
CFAB93;;Manutenção de Apontamentos;Programa;"CFAB93 – Manutenção de Apontamentos. Tipo: Programa. Variações no menu: Manutenção de Apontamentos - Manutenção; Manutenção de Apontamentos MultiTarefa - Curtume. Termos frequentes: manutenção apontamentos on-line, chao de fabrica. Documentos: Manutenção de Apontamentos MultiTarefa – CFAB93."
PREC12;;Eficiência;Programa;PREC12 – Eficiência. Tipo: Programa.
COMP26;;Plano de Necessidades de Formas (Processo;Programa;"COMP26 – Plano de Necessidades de Formas (Processo. Tipo: Programa. Variações no menu: Plano de Necessidades de Formas (Processo 361); Plano de Necessidades de Formas (Processo 330); Plano de Necessidades de Formas (Processo 79). Documentos: Relatório Plano de Necessidades de Formas – COMP26."
PREC33;;Configurador de Meta/Eficiência Prevista por Recurso;Programa;PREC33 – Configurador de Meta/Eficiência Prevista por Recurso. Tipo: Programa. Termos frequentes: capacidade de recursos, data de vigência, recurso alteração. Documentos: Configurador de Meta_Eficiência Prevista por Recurso – PREC33.
PEDI62;;Relatório Pedidos para Encaixotamento p/ O.F. - Gass;Programa;"PEDI62 – Relatório Pedidos para Encaixotamento p/ O.F. - Gass. Tipo: Programa. Termos frequentes: totalização da qtde. Documentos: Relatório Pedidos para Encaixotamento - PEDI26 - PEDI62; Relatório Pedidos para Encaixotamento por O.F – PEDI62."
ADMI151;;Generación del Archivo .IN Satra;Programa;ADMI151 – Generación del Archivo .IN Satra. Tipo: Programa. Variações no menu: Geração do Arquivo Satra .in. Documentos: Generación del Archivo .IN Satra – ADMI151.
PEDI138;;4=Importação de Romaneio Arezzo;Programa;PEDI138 – 4=Importação de Romaneio Arezzo. Tipo: Programa. Termos frequentes: distribuição pedidos arezzo. Documentos: Importação de Romaneio Arezzo – PEDI138.
CPRO27;;Configuração de Eventos - Laudos;Programa;CPRO27 – Configuração de Eventos - Laudos. Tipo: Programa. Termos frequentes: condenas. Documentos: Rotina CPRO3,CPRO22,CPRO23,CPRO27,CPRO24,CPRO4,RECE50, Condenas, Laudos, Gera Contra Nota.
FVEN10;;Tarifas;Programa;FVEN10 – Tarifas. Tipo: Programa.
VEND50;;Liberação Lista Preço;Programa;VEND50 – Liberação Lista Preço. Tipo: Programa. Termos frequentes: distribuição vendas, preços alteração. Documentos: Liberação Lista de Preços – VEND50.
PREC32;;Máquinas x Operações x Demãos;Programa;"PREC32 – Máquinas x Operações x Demãos. Tipo: Programa. Documentos: Maquinas X Operações X Demaos - PREC32; Máquinas x Operações x Demãos - PREC32."
EPRO69;;Lista Materiais;Programa;EPRO69 – Lista Materiais. Tipo: Programa. Variações no menu: Lista Materiais Mostrando Inativos.
MPSP33;;Atualizar MRP;Programa;MPSP33 – Atualizar MRP. Tipo: Programa. Variações no menu: Atualizar MRP = GERAR_SEMI_ACABADOS BLOCO K = S. Termos frequentes: produção atualizar mrp. Documentos: Atualizar MRP - MPSP33.
CFAB96;;Extrato Máquina;Programa;"CFAB96 – Extrato Máquina. Tipo: Programa. Termos frequentes: relatórios gerenciais extrato. Documentos: Relatório de Extrato por Maquina – CFAB96; Relatório Extrato Máquina – CFAB96."
CFAB83;;Relatório de Rendimento;Relatório;CFAB83 – Relatório de Rendimento. Tipo: Relatório.
ESTO8;;Relatório Lançamentos;Programa;ESTO8 – Relatório Lançamentos. Tipo: Programa. Variações no menu: Relatório Lançamentos ESTO8 | ESTO130. Termos frequentes: estoque relatórios relatórios. Documentos: Relatório Lançamentos – ESTO8.
ESTO131;;Apontamento de Requisição - Lote - Estab;Programa;"ESTO131 – Apontamento de Requisição - Lote - Estab. Tipo: Programa. Variações no menu: Apontamento de Requisição - Lote - Estab 3, Loc 11; Apontamento de Requisição - Lote - Estab 33, Loc 75; Apontamento de Requisição. Termos frequentes: descarga de requisicion. Documentos: Apontamento de Requisição – ESTO131."
ESTO90;;Relatório de Saldos por Rotulo;Programa;ESTO90 – Relatório de Saldos por Rotulo. Tipo: Programa. Termos frequentes: saldos por rótulo, suprimentos estoque relatórios, cristofoli. Documentos: Relatório de Saldos por Rotulo – ESTO90.
FATU55;;Emissão Etiqueta com Documento Fiscal;Programa;"FATU55 – Emissão Etiqueta com Documento Fiscal. Tipo: Programa. Variações no menu: Emissão Etiqueta com Documento Fiscal Terra e Água; Emissão Etiqueta com Documento Fiscal (AREZZO); Emissão Etiqueta com Documento Fiscal (VIVO); Emissão Etiqueta com Documento (ITALIANINHO). Termos frequentes: etiqueta de nota, distribuição faturamento rótulos. Documentos: Emissão Etiqueta com Documento Fiscal – FATU55."
CPRO2;;Classificação do Produto;Programa;CPRO2 – Classificação do Produto. Tipo: Programa. Documentos: Classificação do Produto – CPRO2.
CPRO23;;Laudos Padrões;Programa;"CPRO23 – Laudos Padrões. Tipo: Programa. Termos frequentes: modificar o rodapé, laudo da trevisan, empresa frigolaste documentação, condenas. Documentos: Rotina CPRO3,CPRO22,CPRO23,CPRO27,CPRO24,CPRO4,RECE50, Condenas, Laudos, Gera Contra Nota; Laudos Padrões – CPRO23."
VEND107;;Relatório Planejamento de Materiais Diário (NOVO);Programa;VEND107 – Relatório Planejamento de Materiais Diário (NOVO). Tipo: Programa. Variações no menu: Relatório Planejamento de Materiais Diário (NOVO) - VEND108. Termos frequentes: compras relatórios planejamento, controle de produtos, equivalentes, rotina nova planejamento. Documentos: Relatório Planejamento de Materiais Diário – VEND107.
COMP9;;Pedidos de Compra;Relatório;"COMP9 – Pedidos de Compra. Tipo: Relatório. Variações no menu: Pedido Compra; Pedido de Compra - Exportação; Pedidos de Compra C Ficha Tecnica."
COMP24;;Controle Industrialização;Programa;COMP24 – Controle Industrialização. Tipo: Programa. Variações no menu: Controle Industrialização 64B. Documentos: Relatório Controle de Industrialização - COMP24.
ADMI230;;Log - Consulta;Programa;ADMI230 – Log - Consulta. Tipo: Programa. Documentos: parte_01.
PREC19;;Relatório Eficiência;Relatório;PREC19 – Relatório Eficiência. Tipo: Relatório.
MIND14;;Vínculo Situação/Operação - Faturamento/Recebimento;Programa;MIND14 – Vínculo Situação/Operação - Faturamento/Recebimento. Tipo: Programa. Documentos: Vínculo Situação_Operação - Faturamento_Recebimento-MIND14.
ADMI19;;Condições de Pagamento;Programa;ADMI19 – Condições de Pagamento. Tipo: Programa. Documentos: Condições de Pagamento – ADMI19.
ADMI102;;Conhecimento de Frete;Programa;ADMI102 – Conhecimento de Frete. Tipo: Programa.
CFAB87;;Relatório;Programa;"CFAB87 – Relatório. Tipo: Programa. Variações no menu: Relatório Produção Diário; Relatório de Produção Diário. Termos frequentes: fábrica relatórios gerenciais, relatório de produção, unidade de media, turno, produção diário. Documentos: Relatório Produção Diário – CFAB87; Chão de Fábrica WEB."
CFAB23;;Exclusão Apontamento de Rótulos (Processo;Programa;"CFAB23 – Exclusão Apontamento de Rótulos (Processo. Tipo: Programa. Variações no menu: Exclusão Apontamento de Rótulos - Processo 79; Exclusão Apontamento de Rótulos (Processo 1195); Exclusão Apontamento de Rótulos (ORG MARCOS) (Processo 154); Exclusão Apontamento de Rótulos ARG - Proc 246. Termos frequentes: estorno apontamento, lançamentos estorno exclusão, chão de fábrica. Documentos: Estorno Apontamento de Rótulos – CFAB23."
CFAB97;;Extrato Máquina;Relatório;CFAB97 – Extrato Máquina. Tipo: Relatório.
CUST14;;Apropriação do Custeio Integrado;Relatório;CUST14 – Apropriação do Custeio Integrado. Tipo: Relatório.
CEXT18;;Gerar Remessa para Embarque;Programa;"CEXT18 – Gerar Remessa para Embarque. Tipo: Programa. Variações no menu: Gerar Remessa para Embarque Adoc; Gerar Remessa para Embarque BRISA."
ESTO97;;Consulta Local de Armazenagem;Programa;"ESTO97 – Consulta Local de Armazenagem. Tipo: Programa. Variações no menu: Consulta Local de Armazenagem - LOTE; Consulta Local de Armazenagem - ROTULO. Documentos: Consulta Local de Armazenagem - ESTO97."
TERC9;;Emissão Extrato;Relatório;TERC9 – Emissão Extrato. Tipo: Relatório.
MPSP1;;Calendário;Programa;MPSP1 – Calendário. Tipo: Programa. Documentos: Calendário – MPSP1.
EPRO79;;Importa Código Barras - 43267;Programa;EPRO79 – Importa Código Barras - 43267. Tipo: Programa. Termos frequentes: informações no arquivo, separar as colunas, mensagem desta data. Documentos: Importador Código de Barras GTIN - EPRO79.
PEDI27;;Relatório Pedidos para Encaixotamento P/ O.F.;Relatório;PEDI27 – Relatório Pedidos para Encaixotamento P/ O.F.. Tipo: Relatório.
PREC6;;Operações;Programa;PREC6 – Operações. Tipo: Programa. Documentos: Operações - PREC6.
CONT80;;Conciliação;Programa;"CONT80 – Conciliação. Tipo: Programa. Variações no menu: Conciliação Contábil; Conciliação Estoque x Contábil. Termos frequentes: conciliação do estoque, teria um novo, geral consultas conciliação, fiscal contabilidade. Documentos: Conciliação do Estoque– CONT80 e CONT81."
RHUM9;;Funcionários;Programa;"RHUM9 – Funcionários. Tipo: Programa. Variações no menu: Funcionários (SESMT); Funcionários c/ Estab. Documentos: RHUM9."
EPRO21;;Família;Programa;"EPRO21 – Família. Tipo: Programa. Variações no menu: Família Vendas; Família Compras; Família Pré-Cálculo."
FATU107;;EMISSÃO ROTULOS POR NF - PGD;Programa;"FATU107 – EMISSÃO ROTULOS POR NF - PGD. Tipo: Programa. Variações no menu: Rótulos com NFS- PEGADA; Rótulos com Processo- PEGADA; EMISSÃO ROTULOS POR NF; EMISSÃO ROTULOS POR NF_teste DN. Documentos: Emissão Rótulos com Nota Fiscal – FATU107."
ADMI42;;Representantes;Programa;ADMI42 – Representantes. Tipo: Programa.
COMP1;;Compradores;Programa;COMP1 – Compradores. Tipo: Programa. Documentos: Compradores – COMP1.
PREC35;;Configuração de Tempo por Recurso;Programa;PREC35 – Configuração de Tempo por Recurso. Tipo: Programa. Documentos: Configuração de Tempo por Recurso – PREC35.
EPRO77;;Lista Materiais - Novo;Programa;EPRO77 – Lista Materiais - Novo. Tipo: Programa.
PEDI12;;Cópia de Pedidos de Venda;Programa;PEDI12 – Cópia de Pedidos de Venda. Tipo: Programa. Documentos: Copia de Pedidos de Venda-PEDI12.
ESTO104;;Ajuste Estoque;Programa;"ESTO104 – Ajuste Estoque. Tipo: Programa. Variações no menu: Ajuste Estoque Fisico; Ajuste Estoque Produto. Termos frequentes: senha para acessar. Documentos: Ajuste Estoque - ESTO104."
FATU119;;Gera Nota Fiscal de Saída Consignação - ARGENTINA;Programa;"FATU119 – Gera Nota Fiscal de Saída Consignação - ARGENTINA. Tipo: Programa. Variações no menu: Gera Nota Fiscal de Saída Consignação; Gera Nota Fiscal de Saída Consignação - PERU; Controle de Consignação - BFX. Documentos: Gera Nota Fiscal de Saída Consignação – FATU119."
FATU111;;Encerramento Notas Fiscais Empréstimo;Programa;"FATU111 – Encerramento Notas Fiscais Empréstimo. Tipo: Programa. Variações no menu: Encerramento Notas Fiscais Remessa; Encerramento Notas Fiscais Empréstimo/Remessa (REMESSA); Encerramento Notas Fiscais Empréstimo Obtido; Encerramento Notas Fiscais Empréstimo/Remessa (EMPRESTIMO). Termos frequentes: empréstimo remessa, kundenerp suprimentos recebimento. Documentos: Encerramento Notas Fiscais - FATU111."
FATU125;;Consulta Referências Saldo em Aberto;Programa;"FATU125 – Consulta Referências Saldo em Aberto. Tipo: Programa. Variações no menu: Consulta Referências Saldo em Aberto - Não permite recálculo; Consulta Referências Saldo em Aberto - Permite recálculo; AJUSTE SALDO. Documentos: Consulta Referências Saldos – FATU125."
VEND94;;Concessão de Comissões;Programa;VEND94 – Concessão de Comissões. Tipo: Programa.
PEDI73;;Liberação Pedidos Faturamento - Aniger;Programa;"PEDI73 – Liberação Pedidos Faturamento - Aniger. Tipo: Programa. Variações no menu: Liberação Pedidos Faturamento - Aniger - PERMITE_ROMANEIO_SEM_WMS = S; Liberação Pedidos Faturamento - Sem Estab e Local; Liberação Pedidos Faturamento - Sem Estab e Local (PERMITE_ROMANEIO_SEM_WMS = S); Liberação Pedidos Faturamento - Aniger Estab 72112."
MPSP77;;Relatório Plano Mestre de Produção por Plano, Produto e Cliente;Relatório;MPSP77 – Relatório Plano Mestre de Produção por Plano, Produto e Cliente. Tipo: Relatório. Documentos: Relatório Plano Mestre de Produção por Plano, Produto e Cliente – MPSP74 – MPSP77.
CFAB18;;Emissão Cartão Componente;Relatório;"CFAB18 – Emissão Cartão Componente. Tipo: Relatório. Variações no menu: Emissão Cartão Componente (Matricial); Emissão Cartão Componente Matricial."
CFAB44;;Plano de Corte;Programa;"CFAB44 – Plano de Corte. Tipo: Programa. Variações no menu: Plano de Corte Pegada; Plano de Corte HKZ. Documentos: Plano de Corte - CFAB44."
CFAB98;;Relatório de Produção, Estoque Intermediário e Faturamento;Programa;CFAB98 – Relatório de Produção, Estoque Intermediário e Faturamento. Tipo: Programa. Termos frequentes: stock y facturacion, recurso base planejamento, selecionados no filtro, soma das qtdes, relatório mpsp cadein, stock intermediário. Documentos: Relatório de Produção, Estoque Intermediário e Faturamento – CFAB98.
CPRO22;;Configuração de Eventos - Contra Nota;Programa;CPRO22 – Configuração de Eventos - Contra Nota. Tipo: Programa. Termos frequentes: condenas. Documentos: Rotina CPRO3,CPRO22,CPRO23,CPRO27,CPRO24,CPRO4,RECE50, Condenas, Laudos, Gera Contra Nota.
TERC14;;Pagamento de Terceiros;Programa;TERC14 – Pagamento de Terceiros. Tipo: Programa. Termos frequentes: contas a pagar, recibos, saldo do recurso, pago talleres, cuentas por pagar, romina brain. Documentos: Pagamento Terceiros - TERC14.
PEDI77;;Importação de Pedidos;Programa;"PEDI77 – Importação de Pedidos. Tipo: Programa. Variações no menu: TIPO VALIDAÇÃO 1 - Importação de Pedidos (Planet) validar lista de preço; Importação de Pedidos (VEJA) validar lista de preço; Importação de Pedidos (Puma) validar lista de preço; Importação de Pedidos (Nike) validar lista de preço."
ADMI85;;Importação de Saldos do Estoque;Programa;ADMI85 – Importação de Saldos do Estoque. Tipo: Programa. Termos frequentes: layout estoque lancamentos. Documentos: Importação de saldos do Estoque – ADMI85.
MIND31;;Relatório Custo Total por Equipamento;Relatório;MIND31 – Relatório Custo Total por Equipamento. Tipo: Relatório.
ADMI145;;Operações Coletor WEB;Programa;ADMI145 – Operações Coletor WEB. Tipo: Programa.
CUST3;;Taxa de Juros;Programa;CUST3 – Taxa de Juros. Tipo: Programa.
EPRO48;;Configuração Características Produto;Programa;EPRO48 – Configuração Características Produto. Tipo: Programa.
EPRO12;;Estruturação do Produto - Resumido;Programa;EPRO12 – Estruturação do Produto - Resumido. Tipo: Programa. Termos frequentes: cor mãe, laminados. Documentos: Estruturação do Produto – Resumido – EPRO12.
CEXT85;;Faturamento de Exportação;Programa;"CEXT85 – Faturamento de Exportação. Tipo: Programa. Variações no menu: Faturamento de Exportação - FL01; Faturamento de Exportação - MTZ; Faturamento de Exportação Completo - ESTAB_PADRAO 3; Faturamento de Exportação - MARTIN. Documentos: Faturamento de Exportação Completo – CEXT85."
FATU71;;Genera;Programa;"FATU71 – Genera. Tipo: Programa. Variações no menu: Genera Guia Remisión por Romaneio; Genera Factura 002 por Romaneio; Liberación Facturación Romaneio - Remission; Liberação Faturamento Romaneio - Factura. Termos frequentes: liberação faturamento romaneio, fatu peru. Documentos: Liberação Faturamento Romaneio - FATU71."
ADMI37;;Fornecedores;Programa;ADMI37 – Fornecedores. Tipo: Programa.
ADMI144;;Processamento de Leituras;Programa;"ADMI144 – Processamento de Leituras. Tipo: Programa. Variações no menu: Processamento de Leituras - Controle Rotativo de Inventario - CRI; Processamento de Leituras - CRI - Frigoríficos."
RECE21;;Relatório Controle de Deposito - Recebimento e Retorno;Programa;RECE21 – Relatório Controle de Deposito - Recebimento e Retorno. Tipo: Programa. Documentos: Relatório Controle de Deposito - Recebimento e Retorno – RECE21.
MPSP14;;Plano de Produção - Aniger;Programa;"MPSP14 – Plano de Produção - Aniger. Tipo: Programa. Variações no menu: Plano de Produção - Aniger VALIDA_PROCESSO_MATERIAL = N; Plano de Produção - MARTIN."
ESTO56;;Relatório;Programa;"ESTO56 – Relatório. Tipo: Programa. Variações no menu: Relatório Divergência Estoque Físico x Inventariado - CRI; Relatório Divergências Estoque Físico X Inventário. Documentos: Relatório Divergência Estoque Físico x Inventariado – CRI – ESTO56."
VEND114;;Relatório Posição de Pedidos (Detalhado);Relatório;VEND114 – Relatório Posição de Pedidos (Detalhado). Tipo: Relatório.
CPRO29;;Lançamentos - Devolução;Programa;CPRO29 – Lançamentos - Devolução. Tipo: Programa. Documentos: Lançamentos – Devolução – CPRO29.
CEXC1024;;Nota Fiscal de Entrada;Programa;"CEXC1024 – Nota Fiscal de Entrada. Tipo: Programa. Variações no menu: Nota Fiscal de Entrada - FATURA REEMISSAO; Nota Fiscal de Entrada - CREDITO; Nota Fiscal de Entrada - RETENCAO; Nota Fiscal de Entrada - DEBITO."
EPRO26;;Local Armazenagem;Programa;EPRO26 – Local Armazenagem. Tipo: Programa. Termos frequentes: local de armazenagem, lido ou informado. Documentos: Painel de Armazenagem.
CFAB30;;Emissão Talão;Programa;"CFAB30 – Emissão Talão. Tipo: Programa. Variações no menu: Emissão Talão (+PROCESSO) CENTROPE; Emissão Talão (Terra e Água); Emissão Talão (+PROCESSO) - Mould Injetados; Emissão Talão - BOREART. Termos frequentes: emissão de talão, fábrica relatórios. Documentos: Emissão de Talão - CFAB30."
MPSP79;;Relatório Plano Mestre de Produção (AKS);Programa;MPSP79 – Relatório Plano Mestre de Produção (AKS). Tipo: Programa. Termos frequentes: produção por plano. Documentos: Relatório Plano Mestre de Produção por Plano, Produto e Entrega – MPSP79 - MPSP80.
MPSP27;;Relatório Plano Mestre de Produção por Modelo;Programa;"MPSP27 – Relatório Plano Mestre de Produção por Modelo. Tipo: Programa. Variações no menu: Relatório Plano Mestre de Produção por Modelo - HK; Relatório Plano Mestre de Produção - CADEIN; Relatório Plano Mestre de Produção por Modelo padrão; Relatório Plano Mestre de Produção por Modelo (Centrope). Termos frequentes: mpsp kbk. Documentos: Relatório Plano Mestre de Produção por Modelo - MPSP27 - MPSP28_KBK - MPSP29_KBK."
FATU163;;Relatório Liberação Pedidos Faturamento por Rota (Detalhado);Relatório;FATU163 – Relatório Liberação Pedidos Faturamento por Rota (Detalhado). Tipo: Relatório.
COMP21;;Ponto de Reposição;Programa;COMP21 – Ponto de Reposição. Tipo: Programa. Termos frequentes: compras relatórios ponto, reposição alteração, reposição gera dados, condições o relatório, poderia olhar. Documentos: Relatório Ponto de Reposição – COMP21.
PEDI40;;Alteração Categoria Entrega;Programa;PEDI40 – Alteração Categoria Entrega. Tipo: Programa. Termos frequentes: tipo de entrega. Documentos: Alteração Categoria Entrega - PEDI40.
ADMI263;;Configuração Filtro iVendre;Programa;ADMI263 – Configuração Filtro iVendre. Tipo: Programa.
COMP49;;Plano de Necessidades de Compras Resumida;Programa;COMP49 – Plano de Necessidades de Compras Resumida. Tipo: Programa.
ESTO136;;Exclusão de Apontamento de Produção por Cortador;Programa;"ESTO136 – Exclusão de Apontamento de Produção por Cortador. Tipo: Programa. Variações no menu: Apuntamiento de Producción por Cortador - Satra; Apontamento de Produção por Cortador. Documentos: Apontamento de Produção por Cortador – ESTO136."
ADMI96;;Importação Conhecimentos Embarcados - CONEMB;Programa;ADMI96 – Importação Conhecimentos Embarcados - CONEMB. Tipo: Programa.
FATU5;;Numeração de Notas Fiscais;Programa;FATU5 – Numeração de Notas Fiscais. Tipo: Programa.
CEXT24;;Faturamento de Exportação;Programa;CEXT24 – Faturamento de Exportação. Tipo: Programa. Documentos: Fatura de Exportação – CEXT24.
CEXT103;;Consulta Vínculo Rótulos Processo de Exportação;Programa;CEXT103 – Consulta Vínculo Rótulos Processo de Exportação. Tipo: Programa. Documentos: Consulta Vínculo Rótulos Processo de Exportação - CEXT103.
CREC4;;Lançamentos;Programa;"CREC4 – Lançamentos. Tipo: Programa. Variações no menu: Lançamentos - Contas a receber; Lançamentos - Nota de Débito."
EPRO49;;Coleção;Programa;"EPRO49 – Coleção. Tipo: Programa. Variações no menu: Estilo; Linha; Grupo Modelo; Modelo."
CFAB57;;Apontamento de Rótulos Curtume MINUANO, Processo;Programa;"CFAB57 – Apontamento de Rótulos Curtume MINUANO, Processo. Tipo: Programa. Variações no menu: Apontamento de Rótulos Curtume MINUANO, Processo 223; Apontamento de Rótulos Curtume TAPETES, Processo 225; Apontamento de Rótulos Curtume MINUANO, Processo 78; Apontamento de Rótulos Curtume MINUANO, Processo 345."
ESTO109;;Emissão Relatório;Relatório;ESTO109 – Emissão Relatório. Tipo: Relatório.
CFAB102;;Analise de Compras Matéria-Prima Couro / Fornecedor;Relatório;CFAB102 – Analise de Compras Matéria-Prima Couro / Fornecedor. Tipo: Relatório.
MPSP63;;Posição Produção por Processo;Programa;MPSP63 – Posição Produção por Processo. Tipo: Programa. Termos frequentes: relatório produção. Documentos: Relatório Posição Produção por Processo – MPSP63.
CUST2;;Configuração Custeio;Programa;CUST2 – Configuração Custeio. Tipo: Programa. Variações no menu: Controladoria.
CUST23;;Apropriação do Custeio Integrado;Relatório;CUST23 – Apropriação do Custeio Integrado. Tipo: Relatório.
CFAB103;;Cadastro de Tipo de Ordem de Fabricação;Programa;CFAB103 – Cadastro de Tipo de Ordem de Fabricação. Tipo: Programa. Documentos: Tipo de Ordem de Fabricação – CFAB103.
TERC8;;Emissão Extrato;Programa;TERC8 – Emissão Extrato. Tipo: Programa. Variações no menu: Emissão Extrato 64X. Documentos: Emissão de Extrato – TERC8.
ADMI24;;Organizações;Programa;ADMI24 – Organizações. Tipo: Programa. Documentos: Organizações – ADMI24.
ESTO76;;Ajuste Inventário - Entrada;Programa;ESTO76 – Ajuste Inventário - Entrada. Tipo: Programa. Termos frequentes: ajuste inventario entrada. Documentos: Ajuste Inventário-ESTO76.
ESTO138;;Emissão de Requisições - Gráfico;Relatório;ESTO138 – Emissão de Requisições - Gráfico. Tipo: Relatório.
ESTO144;;Transferência entre Localizações - Multi Produtos;Programa;ESTO144 – Transferência entre Localizações - Multi Produtos. Tipo: Programa. Termos frequentes: suprimentos estoque lançamentos. Documentos: Transferência entre Localizações - Multiplos Produtos – ESTO144.
FATU26;;Emissão Minuta Pegada;Programa;"FATU26 – Emissão Minuta Pegada. Tipo: Programa. Variações no menu: Emissão Minuta; Emissão Minuta Pegada I; Emissão Minuta - FRIGOLASTE; Emissão Minuta Pegada II. Termos frequentes: rótulos emissão minuta. Documentos: Emissão Minuta_Frigoríficos – FATU26; Emissão Minuta – FATU26."
FATU102;;Notas Fiscais de Entrada Complementar;Programa;FATU102 – Notas Fiscais de Entrada Complementar. Tipo: Programa. Variações no menu: Notas Fiscais de Entrada Complementar - 64695. Documentos: Notas Fiscais de Entrada - Complementar - FATU102.
FATU180;;Retorno de Industrialização Depósito Disponível - Marcio LOC 1 - Oper;Programa;"FATU180 – Retorno de Industrialização Depósito Disponível - Marcio LOC 1 - Oper. Tipo: Programa. Variações no menu: Retorno de Industrialização Depósito Disponível - s/Lote s/SKU - FATU180; Retorno de Industrialização Depósito Disponível - LIBERAR_PED_SEM_PRODUCAO = N; Retorno/Faturamento de Industrialização - Localização 9981 - Cocalqui; Retorno/Faturamento de Industrialização - Localização 9993 - Cocalqui. Termos frequentes: industrialização deposito disponivel, revisar a rotina, faturamento de industrialização. Documentos: Retorno de Industrialização Depósito Disponível - s Lote s SKU - FATU180."
MPSP80;;Relatório Plano Mestre de Produção;Relatório;"MPSP80 – Relatório Plano Mestre de Produção. Tipo: Relatório. Variações no menu: Relatório Plano Mestre de Produção (AKS); Relatório Plano Mestre de Produção por Plano, Produto e Cliente (novo). Termos frequentes: produção por plano. Documentos: Relatório Plano Mestre de Produção por Plano, Produto e Entrega – MPSP79 - MPSP80."
FATU156;;Relatório Liberação Pedidos Faturamento por Rota (Resumido);Relatório;FATU156 – Relatório Liberação Pedidos Faturamento por Rota (Resumido). Tipo: Relatório.
PEDI89;;Cancelamento de Entrega Pedido Novo;Programa;PEDI89 – Cancelamento de Entrega Pedido Novo. Tipo: Programa. Documentos: Cancelamento de Entrega Pedido (p Produtos com Controle Rótulo)-PEDI89.
PEDI22;;Cancelamento Saldo de Reserva;Programa;PEDI22 – Cancelamento Saldo de Reserva. Tipo: Programa. Documentos: Cancelamento Saldo de Reserva – PEDI22.
CPAG3;;Ocorrências;Programa;"CPAG3 – Ocorrências. Tipo: Programa. Termos frequentes: alterado, inativo, ativo, situação comercial, bloqueado, liberado. Documentos: Ocorrências – CPAG3; Ocorrências-CPAG3."
ADMI237;;Manutenção do Dicionário - B2B;Programa;ADMI237 – Manutenção do Dicionário - B2B. Tipo: Programa. Documentos: Manutenção de Dicionário – ADMI237.
ADMI80;;Resumo Cadastro de;Programa;"ADMI80 – Resumo Cadastro de. Tipo: Programa. Variações no menu: Resumo Cadastro de Clientes; Resumo Cadastro de Pessoas F/J; Resumo Cadastro de Fornecedores; Resumo Cadastro de Bancos. Documentos: Relatório Resumo Cadastro de Clientes-ADMI80."
COMP32;;Relatório de Inspeção;Relatório;COMP32 – Relatório de Inspeção. Tipo: Relatório. Variações no menu: Posição de Necessidades de Materiais.
CEXC1025;;Nota Fiscal de Saída - FATURA;Programa;"CEXC1025 – Nota Fiscal de Saída - FATURA. Tipo: Programa. Variações no menu: Nota Fiscal de Saída - CREDITO; Nota Fiscal de Saída - DEBITO; Nota Fiscal de Saída - FATURA EXP; Nota Fiscal de Saída - RETENCAO. Documentos: Factura de Saída-CEXC1025."
FATU79;;Geração de Manifesto Eletrônico de Documentos - MDF-e;Programa;FATU79 – Geração de Manifesto Eletrônico de Documentos - MDF-e. Tipo: Programa.
CUST20;;Conciliador Custeio;Programa;CUST20 – Conciliador Custeio. Tipo: Programa.
PEDI144;;Emissão;Relatório;"PEDI144 – Emissão. Tipo: Relatório. Variações no menu: Emissão de Etiqueta - AK; Emissão etiquetas."
CEXC4;;Relatório de Pedidos Revisados;Programa;CEXC4 – Relatório de Pedidos Revisados. Tipo: Programa. Documentos: Relatório de Pedidos Revisados - CEXC4.
ADMI91;;004 - Tabela de Frete;Programa;ADMI91 – 004 - Tabela de Frete. Tipo: Programa.
ADMI90;;001 -Rota de Transporte;Programa;ADMI90 – 001 -Rota de Transporte. Tipo: Programa. Variações no menu: Rota de Transporte (Faturamento).
FPAG19;;Históricos e Movimentações;Programa;"FPAG19 – Históricos e Movimentações. Tipo: Programa. Variações no menu: Histórico e Movimentações (SESMT); Históricos e Movimentações - LETI."
LFIS51;;Geração SPED - EFD Fiscal (ICMS/IPI);Programa;LFIS51 – Geração SPED - EFD Fiscal (ICMS/IPI). Tipo: Programa.
MPSP19;;Lote Produção Estoque;Programa;"MPSP19 – Lote Produção Estoque. Tipo: Programa. Variações no menu: Lote Produção Estoque C\ SKU; Lote Produção Estoque - Antigo."
MIND11;;Transferência Interna;Programa;MIND11 – Transferência Interna. Tipo: Programa. Documentos: Transferência Interna – MIND11.
ADMI7;;Mensagens;Programa;ADMI7 – Mensagens. Tipo: Programa. Variações no menu: Mensagens - Arthur.
FATU37;;Relatório Notas Fiscais Matricial;Relatório;FATU37 – Relatório Notas Fiscais Matricial. Tipo: Relatório. Variações no menu: Importação de Notas Fiscais de Entrada por Email. Termos frequentes: xml pelo email, suprimentos recebimento notas. Documentos: Importação de Notas Fiscais de Entrada por Email – FATU37.
PREC11;;Eventos;Programa;PREC11 – Eventos. Tipo: Programa.
ESTO31;;Relatório Análise Consumo Previsto x Realizado;Relatório;ESTO31 – Relatório Análise Consumo Previsto x Realizado. Tipo: Relatório.
CFAB39;;Pedidos do Lote;Programa;CFAB39 – Pedidos do Lote. Tipo: Programa.
CFAB88;;Relatório Produção Diário;Relatório;CFAB88 – Relatório Produção Diário. Tipo: Relatório. Variações no menu: Relatório de Produção Diário c/ Usuário, Data e Hora.
CFAB89;;Relatório Produção Diário;Relatório;CFAB89 – Relatório Produção Diário. Tipo: Relatório. Variações no menu: Relatório de Produção Diário sem Usuário, Data e Hora.
CPRO20;;Padronização - CEP por Processo;Programa;"CPRO20 – Padronização - CEP por Processo. Tipo: Programa. Termos frequentes: apontamentos de produção, ver documentoação anexa, serão considerados padrões, cep para trazer, apontamento dos ceps. Documentos: Cadastro de Processo CEP_Padronização de CEPs - CPRO20; Padronização - CEP por Processo – CPRO20."
RHUM19;;Pré-Cadastro de Funcionários;Programa;RHUM19 – Pré-Cadastro de Funcionários. Tipo: Programa. Variações no menu: Empleados.
ESTO65;;Relatório Produtos;Relatório;"ESTO65 – Relatório Produtos. Tipo: Relatório. Variações no menu: Relatório Produtos a Serem Inventariados; Relatório Produtos Inventário - CRI."
CONT81;;Configuração da Conciliação Contábil;Programa;CONT81 – Configuração da Conciliação Contábil. Tipo: Programa. Termos frequentes: conciliação do estoque, teria um novo, geral consultas conciliação, fiscal contabilidade. Documentos: Conciliação do Estoque– CONT80 e CONT81.
CUST15;;Apropriação dos Materiais Custeio Integrado;Programa;CUST15 – Apropriação dos Materiais Custeio Integrado. Tipo: Programa. Documentos: Relatório Apropriação dos Materiais Custeio Integrado – CUST15.
CFAB176;;CFAB176;Relatório;CFAB176 – CFAB176. Tipo: Relatório.
RECE34;;Retorno Remessa Industrialização de Empresas do Mesmo Grupo;Programa;RECE34 – Retorno Remessa Industrialização de Empresas do Mesmo Grupo. Tipo: Programa.
FATU7;;Relatório Notas Fiscais;Programa;FATU7 – Relatório Notas Fiscais. Tipo: Programa. Variações no menu: Relatório Notas Fiscais - 64 bits. Documentos: Relatório Notas Fiscais – FATU7.
EPRO9;;Classificações Fiscais;Programa;EPRO9 – Classificações Fiscais. Tipo: Programa. Documentos: Classificações fiscais - EPRO9.
ESTO49;;Relatório Análise Estoque;Programa;ESTO49 – Relatório Análise Estoque. Tipo: Programa. Variações no menu: Relatório Análise Estoque - 64B. Termos frequentes: produtos sem movimentação, demanda média. Documentos: Relatório Análise Estoque_Relatório para identificar produtos sem movimentação - ESTO49.
ESTO14;;Relatório Posição Estoque por Empresa;Relatório;ESTO14 – Relatório Posição Estoque por Empresa. Tipo: Relatório. Variações no menu: Relatório Posição Estoque.
FATU59;;Controle de;Programa;"FATU59 – Controle de. Tipo: Programa. Variações no menu: Controle de Embarque; Controle de Embarques - Estofados."
RECE35;;Recebimento de Notas de Empresa do Mesmo Grupo;Programa;"RECE35 – Recebimento de Notas de Empresa do Mesmo Grupo. Tipo: Programa. Variações no menu: Recebimento de Notas de Empresa do Mesmo Grupo - Loc 9981; Recebimento de Notas de Empresa do mesmo Grupo (p/ Oficinas) - EBER GONZALES. Documentos: Recebimento de Notas de Empresa do mesmo Grupo – RECE35."
EPRO3;;Unidades de Medida;Programa;EPRO3 – Unidades de Medida. Tipo: Programa. Documentos: Unidades de Medida - EPRO3.
ADMI228;;Transportadora Preferencial;Programa;ADMI228 – Transportadora Preferencial. Tipo: Programa. Documentos: Transportadora Preferencial – ADMI228.
VEND12;;Análise de Crédito de Pedidos;Programa;VEND12 – Análise de Crédito de Pedidos. Tipo: Programa. Variações no menu: Análise de Crédito de Pedidos - Pedido Simplificado.
VEND97;;Faturamento Antecipado;Programa;VEND97 – Faturamento Antecipado. Tipo: Programa. Documentos: Faturamento Antecipado-VEND97.
FATU165;;Emissão Etiqueta com Documento Fiscal (AREZZO);Relatório;FATU165 – Emissão Etiqueta com Documento Fiscal (AREZZO). Tipo: Relatório.
RECE42;;Retornos de Remessa;Programa;"RECE42 – Retornos de Remessa. Tipo: Programa. Variações no menu: Retornos de Remessa Industrialização - Automático; Retornos de Remessa Beneficiamento - Automático - Pré Recebimento. Termos frequentes: remessa industrialização automático, suprimentos recebimento notas, itens da operação, documento referencia, vlr unitário. Documentos: Retornos de Remessa Industrialização – Automático - RECE42."
CEXC83;;Plano Mestre de Produção;Programa;"CEXC83 – Plano Mestre de Produção. Tipo: Programa. Variações no menu: Plano Mestre de Produção O.F. Pedido 48470; Relatório Plano Mestre de Produção c/ Componentes... Termos frequentes: relatório plano mestre, data e hora, condição deverá ordenar. Documentos: Relatório Plano Mestre de Produção com Componentes - CEXC83."
PREC23;;Lançamento de Aplicação/Restrição de Recurso;Programa;PREC23 – Lançamento de Aplicação/Restrição de Recurso. Tipo: Programa.
CEXC55;;Emissão Ordem de Fabricação 1 Processo;Programa;CEXC55 – Emissão Ordem de Fabricação 1 Processo. Tipo: Programa.
CEXC56;;Emissão Ordem de Fabricação 1 Processo;Relatório;CEXC56 – Emissão Ordem de Fabricação 1 Processo. Tipo: Relatório.
PEDI5;;Pedido de Venda;Relatório;"PEDI5 – Pedido de Venda. Tipo: Relatório. Variações no menu: Pedido de Venda Qtd Secundária.; Pedido de Venda Qtd Secundária Sem Valor; Emissão de Pedido (Quantidade Secundaria); Pedido de Venda - PEDI5_UM_SECUNDARIA_SEM_VALOR. Documentos: Relatório Pedido de Venda - PEDI5."
CFAB106;;Manutenção de Transferência OF;Programa;CFAB106 – Manutenção de Transferência OF. Tipo: Programa. Termos frequentes: origem da cópia, venda própria, quantidades informadas. Documentos: Manutenção de Transferência OF - CFAB106.
EPRO23;;Relatório Estruturação de Produto;Programa;EPRO23 – Relatório Estruturação de Produto. Tipo: Programa.
PEDI9;;Posição de Pedidos;Programa;"PEDI9 – Posição de Pedidos. Tipo: Programa. Variações no menu: Posição de Pedidos - Representante; Posição de Pedidos - Vendedor. Documentos: Posição Pedidos - PEDI9."
VEND79;;Relatório Posição de Pedidos (Detalhado);Relatório;VEND79 – Relatório Posição de Pedidos (Detalhado). Tipo: Relatório.
TERC5;;Exclusão Retorno;Programa;TERC5 – Exclusão Retorno. Tipo: Programa. Documentos: Exclusão Retorno – TERC5.
MIND6;;Relatório Pedido de Serviço;Relatório;MIND6 – Relatório Pedido de Serviço. Tipo: Relatório.
MIND7;;Relatório Manutenção por Vencer;Programa;MIND7 – Relatório Manutenção por Vencer. Tipo: Programa. Termos frequentes: encerrados. Documentos: Relatório Manutenção por Vencer – MIND7.
PEDI84;;Faturamento - Relatório Pedidos Aptos a Faturar;Programa;PEDI84 – Faturamento - Relatório Pedidos Aptos a Faturar. Tipo: Programa. Documentos: Relatórios Pedidos Aptos a Faturar-PEDI84.
CEXC57;;Relatório Romaneio de Embarque;Programa;CEXC57 – Relatório Romaneio de Embarque. Tipo: Programa. Termos frequentes: distribuição faturamento relatórios. Documentos: Relatório Romaneio de Embarque - CEXC57.
ADMI109;;Configuração de Funções;Programa;"ADMI109 – Configuração de Funções. Tipo: Programa. Variações no menu: 002 - Configuração de Funções; Configuração de Funções (Importação)."
ADMI104;;Exportação Dados de Notas Fiscais - NOTFIS;Programa;ADMI104 – Exportação Dados de Notas Fiscais - NOTFIS. Tipo: Programa. Documentos: Exportação Dados de Notas Fiscais – NOTFIS – ADMI104.
CEXT23;;Processo de Exportação - Minuano - Estofados;Programa;CEXT23 – Processo de Exportação - Minuano - Estofados. Tipo: Programa. Variações no menu: Proceso de Exportación.
ADMI232;;Alteração de Clientes;Programa;ADMI232 – Alteração de Clientes. Tipo: Programa. Termos frequentes: representante e vendedor. Documentos: Alteração de Clientes - ADMI232.
ADMI83;;Modelos de Coletores;Programa;ADMI83 – Modelos de Coletores. Tipo: Programa.
FVEN3;;Markup;Programa;FVEN3 – Markup. Tipo: Programa. Documentos: Markup – FVEN3.
FATU92;;Cupom;Relatório;FATU92 – Cupom. Tipo: Relatório. Variações no menu: Emissão Minuta.
VEND4;;Categoria Lista de Preço;Programa;VEND4 – Categoria Lista de Preço. Tipo: Programa.
EPRO43;;Catálogo de Vendas;Programa;EPRO43 – Catálogo de Vendas. Tipo: Programa. Termos frequentes: vocês não utilizam. Documentos: Catálogo de Vendas-EPRO43.
ADMI18;;Nível de Atendimento;Programa;ADMI18 – Nível de Atendimento. Tipo: Programa.
EPRO40;;Relatório de Produtos;Programa;EPRO40 – Relatório de Produtos. Tipo: Programa.
EPRO02;;;;EPRO02.
CFAB111;;Relatório de Rendimento Detalhado;Programa;CFAB111 – Relatório de Rendimento Detalhado. Tipo: Programa. Variações no menu: Relatório de Rendimento Detalhado Frigorifico. Documentos: Relatório de Rendimento Detalhado – CFAB111.
EPRO54;;Descritivos Técnicos;Programa;EPRO54 – Descritivos Técnicos. Tipo: Programa. Documentos: Descritivos Técnicos – EPRO54.
MPSP48;;Relatório de Planejamento;Programa;MPSP48 – Relatório de Planejamento. Tipo: Programa.
PEDI128;;Acompanhamento de Pedidos - Curtume;Programa;PEDI128 – Acompanhamento de Pedidos - Curtume. Tipo: Programa. Termos frequentes: saldo a programar. Documentos: Relatório Acompanhamento de Pedidos – Curtume – PEDI128.
PEDI129;;Acompanhamento de Pedidos;Relatório;PEDI129 – Acompanhamento de Pedidos. Tipo: Relatório.
ESTO85;;Relatório Análise de Procedência;Programa;ESTO85 – Relatório Análise de Procedência. Tipo: Programa. Termos frequentes: relatório de avaliação. Documentos: Relatório de avaliação Classificações (classes de couros) X Procedencias - ESTO85.
EPRO67;;Classificação;Programa;EPRO67 – Classificação. Tipo: Programa. Documentos: Classificação – EPRO67.
RECE19;;Relatório Controle de Depósito - Consumo;Programa;RECE19 – Relatório Controle de Depósito - Consumo. Tipo: Programa. Documentos: Relatório Controle de Depósito – Consumo - RECE19.
RECE22;;Relatório Controle de Deposito - Recebimento e Retorno;Relatório;RECE22 – Relatório Controle de Deposito - Recebimento e Retorno. Tipo: Relatório.
CFAB20;;Composição Plano Produção;Programa;CFAB20 – Composição Plano Produção. Tipo: Programa. Documentos: Composição Plano Produção – CFAB20.
ESTO93;;Solicitação de Necessidades de Materiais Simplificado;Programa;"ESTO93 – Solicitação de Necessidades de Materiais Simplificado. Tipo: Programa. Variações no menu: Solicitação de Necessidades de Materiais Simplificado -Sem Categoria de Produto; Solicitação de Necessidades de Materiais Wet Blue - Soubach."
FATU98;;cópia de nota estab 115;Programa;"FATU98 – cópia de nota estab 115. Tipo: Programa. Variações no menu: Gera Cópia de Nota. Termos frequentes: cópia de notas. Documentos: Cópia de Nota Fiscal de Saída – FATU98; Gera Cópia de Nota - FATU98."
RECE3;;Relatório;Programa;"RECE3 – Relatório. Tipo: Programa. Variações no menu: Relatório Notas Fiscais; Relatório de Recebimentos. Documentos: Relatório Notas Fiscais de Entrada – RECE3."
CPRO17;;Relatório de Devoluções de Venda;Programa;CPRO17 – Relatório de Devoluções de Venda. Tipo: Programa. Termos frequentes: controle estatístico. Documentos: Relatório de Devoluções de Venda - CPRO17.
RECE45;;Retornos de Remessa Industrialização - Distribuição Automática dos Materias de Retorno [EMIS];Programa;"RECE45 – Retornos de Remessa Industrialização - Distribuição Automática dos Materias de Retorno [EMIS]. Tipo: Programa. Variações no menu: 07= Retornos de Remessa Industrialização - Distrib Autom.Materias Retorno [LCTO] **Quarteirização**; Retornos de Remessa Industrialização - Distribuição Automática dos Materias de Retorno [LCTO]."
CEXC11;;Relatório de Pedidos Aptos a Faturar;Programa;CEXC11 – Relatório de Pedidos Aptos a Faturar. Tipo: Programa. Documentos: Relatório de Pedidos Aptos a Faturar - CEXC11.
RECE4;;Relatório de Recebimentos C/Grade;Relatório;RECE4 – Relatório de Recebimentos C/Grade. Tipo: Relatório.
COMP25;;Controle Industrialização;Relatório;COMP25 – Controle Industrialização. Tipo: Relatório.
VEND109;;Marcas;Programa;VEND109 – Marcas. Tipo: Programa.
PEDI6;;Emissão de Pedidos;Programa;"PEDI6 – Emissão de Pedidos. Tipo: Programa. Variações no menu: Emissão de Pedido - Vendedor; Lançamentos Contas a Receber; Emissão de Pedidos (Curtume); Emissão de Pedidos - CEXC1090. Documentos: Emissão de Pedidos de Venda – PEDI6."
CFAB34;;Posição Produção por Pedido;Programa;CFAB34 – Posição Produção por Pedido. Tipo: Programa. Variações no menu: Posição Produção por Pedido - Cadein. Documentos: Chão de Fábrica WEB.
PEDI120;;Alteração Grade Marcar no Pedido de Venda;Programa;PEDI120 – Alteração Grade Marcar no Pedido de Venda. Tipo: Programa. Documentos: Alteração Grade Marcar no Pedido de Venda - PEDI120.
CFAB54;;Roteiro de Fabricação c/ Especificações;Programa;CFAB54 – Roteiro de Fabricação c/ Especificações. Tipo: Programa. Variações no menu: Roteiro de Fabricação c/ Especificações - Report (CFAB183). Termos frequentes: detalhe técnico, transtornos se ocorrer, roteiro de fabricaçao. Documentos: Relatório Roteiro de Fabricação com Especificações - CFAB54.
FVEN7;;Cálculo Preço de Venda;Relatório;FVEN7 – Cálculo Preço de Venda. Tipo: Relatório.
ADMI49;;Configuração de Programas com Estrutura Hierárquica;Programa;ADMI49 – Configuração de Programas com Estrutura Hierárquica. Tipo: Programa.
PEDI122;;Alteração Categoria Entrega de Rótulos;Programa;PEDI122 – Alteração Categoria Entrega de Rótulos. Tipo: Programa. Termos frequentes: categoria entrega rótulo. Documentos: Alteração Categoria Entrega Rótulos - PEDI122.
PEDI42;;Pedido de Venda;Relatório;PEDI42 – Pedido de Venda. Tipo: Relatório. Variações no menu: Relatório Pedido de Venda - Resumido.
PEDI139;;Importação de Pedidos de Venda;Programa;"PEDI139 – Importação de Pedidos de Venda. Tipo: Programa. Variações no menu: Importação de Pedidos de Venda - CSV - JB; Importação de Pedidos de Venda - New Balance; Importação de Pedidos de Venda - Veja - Arquivo c/ Solidos/Units; Importação de Pedidos de Venda - Nike. Termos frequentes: venda csv, rotina deverá aplicar, produtos com ipi. Documentos: Importação de Pedidos de Venda – CSV – PEDI139."
COMP23;;Gera Pedido de Compra - EDI;Programa;COMP23 – Gera Pedido de Compra - EDI. Tipo: Programa. Documentos: Gera Pedido de Compra – EDI – COMP23.
ADMI32;;Condição Especial de Pagamento;Programa;ADMI32 – Condição Especial de Pagamento. Tipo: Programa. Documentos: Condição Especial de Pagamento – ADMI32.
VEND119;;Carteira de Pedidos - T&A;Programa;VEND119 – Carteira de Pedidos - T&A. Tipo: Programa. Termos frequentes: vendas realizadas. Documentos: Relatório Carteira de Pedidos Detalhado – VEND119.
VEND93;;Concessão de Descontos;Programa;VEND93 – Concessão de Descontos. Tipo: Programa.
CREC5;;Relatório Documentos;Programa;"CREC5 – Relatório Documentos. Tipo: Programa. Variações no menu: Relatório Vendor - Itaú; Relatório Documentos Kunden; Relatório Documentos - Juros."
VEND1;;Classe de Risco;Programa;VEND1 – Classe de Risco. Tipo: Programa. Documentos: Classe de Risco - VEND1.
ADMI26;;Propriedades ( chamada pelo menu Propriedades );Programa;ADMI26 – Propriedades ( chamada pelo menu Propriedades ). Tipo: Programa. Termos frequentes: excluir a obrigatoriedade. Documentos: Propriedades – ADMI26.
MIND4;;Plano Manutenção;Programa;MIND4 – Plano Manutenção. Tipo: Programa.
MIND3;;Operações;Programa;MIND3 – Operações. Tipo: Programa.
MIND29;;Ordens de Serviço - Técnicos;Programa;MIND29 – Ordens de Serviço - Técnicos. Tipo: Programa.
CFAB123;;Manutenção de Lote;Programa;CFAB123 – Manutenção de Lote. Tipo: Programa.
RECE5;;Relatório Impostos;Programa;RECE5 – Relatório Impostos. Tipo: Programa. Variações no menu: Relatório Impostos - Equador. Documentos: Relatório de Impostos – RECE5.
ESTO45;;Relatório de Registros Produtos;Programa;"ESTO45 – Relatório de Registros Produtos. Tipo: Programa. Variações no menu: Relatório de Registros Produtos Prontos; Relatório de Registros Produtos em Fabricação."
CONT13;;Contabilização;Programa;CONT13 – Contabilização. Tipo: Programa. Variações no menu: Contabilização - Gera Arquivo Exportação Conta Contábil.
PEDI11;;Relatório Materiais X Pedidos;Relatório;PEDI11 – Relatório Materiais X Pedidos. Tipo: Relatório.
PEDI25;;Confirmação Instrução de Embarque;Programa;PEDI25 – Confirmação Instrução de Embarque. Tipo: Programa. Documentos: Confirmação Instrução de Embarque – PEDI25.
CPAG5;;Lançamentos Contas a Pagar;Programa;"CPAG5 – Lançamentos Contas a Pagar. Tipo: Programa. Variações no menu: Lançamentos Contas a Pagar- Devolução; Lançamentos Contas a Pagar - Moeda Dolar."
ADMI89;;Transportadoras (Fretes);Programa;ADMI89 – Transportadoras (Fretes). Tipo: Programa.
EPRO1;;Propriedade Categoria;Programa;EPRO1 – Propriedade Categoria. Tipo: Programa.
ADMI255;;Painel;Programa;"ADMI255 – Painel. Tipo: Programa. Variações no menu: 2=Importação de Rótulos do Web Service Arezzo; Painel Abate (Acesso Web do Painel); Painel Embalagens Frigo (Acesso Web do Painel); Controle de Embarque - Open."
FVEN2;;Despesas Diretas de Venda;Programa;FVEN2 – Despesas Diretas de Venda. Tipo: Programa.
EPRO101;;Grupo Código Barras;Programa;EPRO101 – Grupo Código Barras. Tipo: Programa. Documentos: Grupo Código Barras – EPRO101.
EPRO94;;Sub-Coleções;Programa;EPRO94 – Sub-Coleções. Tipo: Programa. Documentos: Sub-Coleções – EPRO94.
ADMI111;;Log;Programa;ADMI111 – Log. Tipo: Programa.
ADMI101;;Importação Documento de Cobrança - DOCCOB;Programa;ADMI101 – Importação Documento de Cobrança - DOCCOB. Tipo: Programa.
PEDI8;;Emissão de Etiqueta;Relatório;"PEDI8 – Emissão de Etiqueta. Tipo: Relatório. Variações no menu: Emissão Etiqueta; Etiqueta PEGADA; Emissão de Etiqueta Caixinha Individual; Emissão Etiqueta Tecnocalza."
PEDI64;;Emissão de;Relatório;"PEDI64 – Emissão de. Tipo: Relatório. Variações no menu: Emissão de Etiquetas por Produto (Terra e Água); Emissão de Etiqueta VIVO."
RECE1;;Configuração de Classes de Operações;Programa;RECE1 – Configuração de Classes de Operações. Tipo: Programa.
EPRO46;;Relatório Estruturação de Produto por Pedido;Programa;EPRO46 – Relatório Estruturação de Produto por Pedido. Tipo: Programa.
EPRO36;;Relatório Materiais X Produto;Programa;EPRO36 – Relatório Materiais X Produto. Tipo: Programa. Documentos: Relatório Materiais X Produto - EPRO36.
FATU14;;Relatório Notas Fiscais;Relatório;"FATU14 – Relatório Notas Fiscais. Tipo: Relatório. Variações no menu: Notas Fiscais de Saída; Relatório Fatura; Relatório Guia de Remissão; Visualización Factura."
ESTO26;;Relatório Plano Abastecimento Materiais - Necessidades;Relatório;"ESTO26 – Relatório Plano Abastecimento Materiais - Necessidades. Tipo: Relatório. Variações no menu: Relatório Plano Abastecimento Materiais - Remessa Industrialização; Relatório Plano Abastecimento Materiais - Transferência Produção; Relatório Plano Abastecimento Materiais - Simples Remessa."
ESTO11;;Relatório Consumos;Programa;ESTO11 – Relatório Consumos. Tipo: Programa. Variações no menu: Relatório Consumos TST. Documentos: Relatório Consumos – ESTO11.
CFAB112;;Relatório de Rendimento Detalhado;Relatório;CFAB112 – Relatório de Rendimento Detalhado. Tipo: Relatório.
RECE20;;Relatório Controle de Depósito - Consumo;Relatório;RECE20 – Relatório Controle de Depósito - Consumo. Tipo: Relatório.
CLAB12;;Recebimento de Amostras;Programa;CLAB12 – Recebimento de Amostras. Tipo: Programa.
EPRO7;;Área de Suprimento;Programa;EPRO7 – Área de Suprimento. Tipo: Programa.
EPRO20;;Configuração Especificação Técnica;Programa;EPRO20 – Configuração Especificação Técnica. Tipo: Programa.
CEXT19;;Remessa para Embarque;Programa;CEXT19 – Remessa para Embarque. Tipo: Programa.
MPSP35;;Propriedade Pedidos/Lote Plano de Produção;Programa;MPSP35 – Propriedade Pedidos/Lote Plano de Produção. Tipo: Programa. Documentos: Propriedade Pedidos_Lote Plano de Produção – MPSP35.
ESTO64;;Relatório Produto à Inventariar;Programa;"ESTO64 – Relatório Produto à Inventariar. Tipo: Programa. Variações no menu: Relatório Produto à Inventariar - CRI; Relatório Produto à Inventariar Resumido - CRI; Relatório Produto à Inventariar (Fonte Maior - Gradeado) - CRI; Relatório Produtos Inventário - CRI."
ADMI86;;Operações;Programa;ADMI86 – Operações. Tipo: Programa.
ESTO110;;Emissão de Lote;Programa;ESTO110 – Emissão de Lote. Tipo: Programa. Documentos: Emissão de Lote – ESTO110.
ESTO9;;Relatório Lançamentos por Produto;Relatório;ESTO9 – Relatório Lançamentos por Produto. Tipo: Relatório.
FATU28;;Relatório Rótulos;Relatório;FATU28 – Relatório Rótulos. Tipo: Relatório.
ADMI13;;Cidades;Programa;ADMI13 – Cidades. Tipo: Programa. Variações no menu: Cidade. Documentos: Cidades – ADMI13.
LFIS1;;CFOP - Código Fiscal de Operação e Prestação;Programa;LFIS1 – CFOP - Código Fiscal de Operação e Prestação. Tipo: Programa.
MPSP72;;Situação para Consumo;Programa;MPSP72 – Situação para Consumo. Tipo: Programa.
ESTO99;;Relatório de Separação de Rótulos para Controle de Embarque;Programa;ESTO99 – Relatório de Separação de Rótulos para Controle de Embarque. Tipo: Programa.
ESTO39;;Relatório Solicitação de Necessidades;Relatório;ESTO39 – Relatório Solicitação de Necessidades. Tipo: Relatório. Variações no menu: Relatório Solicitação de Necessidades sem Plano Pordução.
FATU1;;Fundamentação Legal;Programa;"FATU1 – Fundamentação Legal. Tipo: Programa. Variações no menu: Fundamentação Legal - IPI; Fundamentação Legal - ICMS; Fundamentação Legal - teste; Fundamentação Legal - FRETE."
CPRO18;;Relatório de Devoluções de Venda;Relatório;CPRO18 – Relatório de Devoluções de Venda. Tipo: Relatório.
VEND126;;Emissão Etiqueta de Nota Fiscal;Programa;VEND126 – Emissão Etiqueta de Nota Fiscal. Tipo: Programa. Termos frequentes: fiscal alteração. Documentos: Emissão Etiqueta de Nota Fiscal – VEND126.
EPRO5;;Cores;Programa;EPRO5 – Cores. Tipo: Programa.
FATU32;;Relatório Faturamento Diário;Programa;FATU32 – Relatório Faturamento Diário. Tipo: Programa. Documentos: Relatório faturamento diario - FATU32.
FATU136;;NIMO - Retorno de Industrialização Depósito Disponível - Diversas Remessas - LIBERAR_PED_SEM_PRODUCAO =;Programa;"FATU136 – NIMO - Retorno de Industrialização Depósito Disponível - Diversas Remessas - LIBERAR_PED_SEM_PRODUCAO =. Tipo: Programa. Variações no menu: NIMO - Retorno de Industrialização Depósito Disponível - Diversas Remessas - LIBERAR_PED_SEM_PRODUCAO = S; NIMO - Retorno de Industrialização Depósito Disponível - Diversas Remessas - LIBERAR_PED_SEM_PRODUCAO = N; Retorno de Industrialização Depósito Disponível -INJEPAR - LIBERAR_PED_SEM_PRODUCAO = N. Documentos: Retorno de Industrialização Depósito Disponível - Nimo – FATU136."
PREC30;;Tempo de Setup por Variação de Cores;Programa;PREC30 – Tempo de Setup por Variação de Cores. Tipo: Programa.
CFAB52;;Emissão Cartão Componente por Pedido Compra;Programa;CFAB52 – Emissão Cartão Componente por Pedido Compra. Tipo: Programa. Variações no menu: Emissão Cartão Componente por Pedido Compra - KDR. Documentos: Cartão Componente por Pedido Compra - CFAB52.
CFAB116;;Emissão Cartão Componente;Relatório;CFAB116 – Emissão Cartão Componente. Tipo: Relatório. Variações no menu: Emissão Cartão Componente por Pedido Compra.
EPRO27;;Cartelas;Programa;EPRO27 – Cartelas. Tipo: Programa.
CFAB61;;Emissão Lote;Programa;"CFAB61 – Emissão Lote. Tipo: Programa. Variações no menu: Emissão Lote - VPS; Emissão Lote - Vedder; Emissão Lote - Zapatos; Emissão de Lote - PEGADA."
CFAB136;;Emissão Lote - VPS;Relatório;CFAB136 – Emissão Lote - VPS. Tipo: Relatório.
CFAB149;;CFAB149;Relatório;CFAB149 – CFAB149. Tipo: Relatório.
CFAB158;;Emissão Ordem de Fabricação;Relatório;CFAB158 – Emissão Ordem de Fabricação. Tipo: Relatório.
CFAB104;;Plano de Corte Interface;Programa;CFAB104 – Plano de Corte Interface. Tipo: Programa. Documentos: Plano de Corte Interface – CFAB104.
VEND36;;Carteira de Pedidos (Produção);Relatório;VEND36 – Carteira de Pedidos (Produção). Tipo: Relatório. Variações no menu: Carteira de Pedidos (Vendas).
CEXC50;;Plano Mestre de Produção O.F. Modelo 2;Programa;CEXC50 – Plano Mestre de Produção O.F. Modelo 2. Tipo: Programa.
MPSP12;;Relatório Plano Mestre de Produção Detalhado;Programa;MPSP12 – Relatório Plano Mestre de Produção Detalhado. Tipo: Programa.
CFAB5;;Relatório Resumo Produção Recurso - Com Grade;Programa;CFAB5 – Relatório Resumo Produção Recurso - Com Grade. Tipo: Programa. Documentos: Relatório Resumo Produção Recurso – CFAB5.
MPSP37;;Plano Mestre de Produção por Modelo (+PROCESSOS);Relatório;MPSP37 – Plano Mestre de Produção por Modelo (+PROCESSOS). Tipo: Relatório.
CFAB144;;Analise de Compras Matéria-Prima Couro / Fornecedor;Relatório;CFAB144 – Analise de Compras Matéria-Prima Couro / Fornecedor. Tipo: Relatório.
CPRO5;;Relatório Análise de Eventos;Programa;CPRO5 – Relatório Análise de Eventos. Tipo: Programa. Variações no menu: Relatório Análise de Eventos 64B. Documentos: Relatório Análise de Eventos – CPRO5.
PEDI17;;Relatório Resumo Pedidos por Grade;Relatório;PEDI17 – Relatório Resumo Pedidos por Grade. Tipo: Relatório.
PEDI151;;Emissão Etiqueta Lutheuz;Relatório;"PEDI151 – Emissão Etiqueta Lutheuz. Tipo: Relatório. Variações no menu: A; Emissão do Talão."
VEND96;;Bonificações;Programa;VEND96 – Bonificações. Tipo: Programa.
VEND105;;Relatório Metas - Previsto X Realizado;Programa;"VEND105 – Relatório Metas - Previsto X Realizado. Tipo: Programa. Variações no menu: Relatório Metas - Previsto X Realizado (Calçadista); Relatório Metas - Previsto X Realizado (Moveleiro). Termos frequentes: distribuição pedidos relatórios. Documentos: Relatório Metas - Previsto X Realizado – VEND105."
PEDI31;;Relatório Pedidos por Grade;Programa;PEDI31 – Relatório Pedidos por Grade. Tipo: Programa. Variações no menu: Relatório Pedidos por Grade - Planilha Henrich. Termos frequentes: qtd e grade, final do realatorio. Documentos: Relatório Pedidos por Grade - PEDI31.
PEDI126;;Relatório Pedidos Prontos para Faturar (Localização);Relatório;PEDI126 – Relatório Pedidos Prontos para Faturar (Localização). Tipo: Relatório.
CFAB4;;Faixas Horárias;Programa;CFAB4 – Faixas Horárias. Tipo: Programa.
VEND7;;Relatório Conta Corrente Comissões;Programa;VEND7 – Relatório Conta Corrente Comissões. Tipo: Programa.
COMP31;;Encerramento/Cancelamento Pedido de Compra;Programa;COMP31 – Encerramento/Cancelamento Pedido de Compra. Tipo: Programa. Documentos: Encerramento_Cancelamento Pedido de Compra – COMP31.
TERC11;;Recibos de Venda p/ Tercerizados;Programa;"TERC11 – Recibos de Venda p/ Tercerizados. Tipo: Programa. Variações no menu: Recibos de Venda p/ Tercerizados Padrão; Recibos de Venda Materiais p/ Tercerizados. Termos frequentes: recibo de venda. Documentos: Recibo de Venda para Terceirizados – TERC11."
TERC4;;Exclusão Remessa;Programa;TERC4 – Exclusão Remessa. Tipo: Programa.
ADMI81;;Relatório Resumo Cadastro de;Relatório;"ADMI81 – Relatório Resumo Cadastro de. Tipo: Relatório. Variações no menu: Relatório Resumo Cadastro de Agentes; Relatório Resumo Cadastro de Clientes; Relatório Resumo Cadastro de Bancos; Relatório Resumo Cadastro de Fornecedores."
ADMI3;;Idioma;Programa;ADMI3 – Idioma. Tipo: Programa. Documentos: Idioma – ADMI3.
PREC17;;Relatório;Relatório;"PREC17 – Relatório. Tipo: Relatório. Variações no menu: Relatório Eficiência Diária; Relatório Produtividade Diária."
PREC27;;Propriedade Operações;Programa;PREC27 – Propriedade Operações. Tipo: Programa.
MIND20;;Relatório Controle de Locação;Programa;MIND20 – Relatório Controle de Locação. Tipo: Programa.
MIND5;;Relatório Pedido de Serviço;Programa;MIND5 – Relatório Pedido de Serviço. Tipo: Programa. Documentos: Relatório Pedido de Serviço-MIND5.
CEXT64;;Configuração Importação/Exportação;Programa;CEXT64 – Configuração Importação/Exportação. Tipo: Programa.
CLAB14;;Laudos;Programa;CLAB14 – Laudos. Tipo: Programa.
FATU105;;Gera Notas Fiscais - EDI Padrão VALE;Programa;FATU105 – Gera Notas Fiscais - EDI Padrão VALE. Tipo: Programa.
FATU151;;Controle de Medições com Integração com a Medidora - Pacote;Relatório;FATU151 – Controle de Medições com Integração com a Medidora - Pacote. Tipo: Relatório.
FATU150;;Controle de Medições com Integração com a Medidora;Relatório;FATU150 – Controle de Medições com Integração com a Medidora. Tipo: Relatório.
CPAG27;;Remessa Pagamento Escritural;Programa;CPAG27 – Remessa Pagamento Escritural. Tipo: Programa.
CONT59;;Gera;Programa;"CONT59 – Gera. Tipo: Programa. Variações no menu: Gera Cálculo de Tarifas; Gera Rateio e Tarifas."
CUST12;;Apropriação do Custeio Integrado - Resumo;Relatório;CUST12 – Apropriação do Custeio Integrado - Resumo. Tipo: Relatório. Variações no menu: Apropriação do Custeio Reduzido.
ADMI171;;Ocorrências de Tarefas;Programa;ADMI171 – Ocorrências de Tarefas. Tipo: Programa.
PEDI83;;Consulta Log Integração Pedido Venda API;Programa;PEDI83 – Consulta Log Integração Pedido Venda API. Tipo: Programa.
ADMI92;;003 - Fórmula de Cálculo;Programa;ADMI92 – 003 - Fórmula de Cálculo. Tipo: Programa.
EPRO109;;Alteração de Estruturação de Produto - Manufatura;Programa;EPRO109 – Alteração de Estruturação de Produto - Manufatura. Tipo: Programa. Documentos: Alteração de Estruturação de Produto – Manufatura-EPRO109.
FPAG186;;Gerenciador Arquivos E-Social;Programa;FPAG186 – Gerenciador Arquivos E-Social. Tipo: Programa.
LFIS23;;Apuração ICMS;Programa;LFIS23 – Apuração ICMS. Tipo: Programa.
CONT60;;Importação de Lançamentos;Programa;"CONT60 – Importação de Lançamentos. Tipo: Programa. Variações no menu: Importação de Lançamentos Metadados; Importação de Lançamentos - Kunden; Importação Lançamentos - Pegada."
CONT79;;Configuração Bloco K;Programa;CONT79 – Configuração Bloco K. Tipo: Programa.
FVEN9;;Estágios do Cálculo;Programa;FVEN9 – Estágios do Cálculo. Tipo: Programa.
FVEN8;;Orçamento Materiais Diretos;Programa;FVEN8 – Orçamento Materiais Diretos. Tipo: Programa.
LFIS121;;Geração SPED - Reinf;Programa;LFIS121 – Geração SPED - Reinf. Tipo: Programa.
ADMI60;;Centro de Distribuição;Programa;ADMI60 – Centro de Distribuição. Tipo: Programa. Documentos: Centro de Distribuição - ADMI60.
FATU87;;Emissão Rótulos ( TEA );Relatório;FATU87 – Emissão Rótulos ( TEA ). Tipo: Relatório.
EPRO13;;Coleções;Programa;EPRO13 – Coleções. Tipo: Programa.
EPRO99;;Segmento;Programa;EPRO99 – Segmento. Tipo: Programa.
EPRO19;;Variação de Grade;Programa;EPRO19 – Variação de Grade. Tipo: Programa. Documentos: Variação de Grade – EPRO19.
CFAB66;;Apontamento de Ordem de Fabricação - Automático;Programa;CFAB66 – Apontamento de Ordem de Fabricação - Automático. Tipo: Programa. Variações no menu: Apontamento de Ordem de Fabricação - Automático - CRST.
FATU155;;Emissão de Talão;Relatório;FATU155 – Emissão de Talão. Tipo: Relatório. Variações no menu: Emissão de Etiqueta.
PEDI146;;Emissão de Etiquetas por Produto (Italianinho);Relatório;PEDI146 – Emissão de Etiquetas por Produto (Italianinho). Tipo: Relatório.
PEDI150;;Emissão de Etiquetas por Produto PLANET;Relatório;PEDI150 – Emissão de Etiquetas por Produto PLANET. Tipo: Relatório. Variações no menu: PEDI150.
CFAB117;;Consulta Interface Medidoras;Programa;CFAB117 – Consulta Interface Medidoras. Tipo: Programa.
EPRO55;;Observação Processo;Programa;EPRO55 – Observação Processo. Tipo: Programa.
EPRO52;;Relatório Ficha de Processos (Curtume);Programa;EPRO52 – Relatório Ficha de Processos (Curtume). Tipo: Programa.
EPRO50;;Relatório;Programa;"EPRO50 – Relatório. Tipo: Programa. Variações no menu: Relatório Especificações Técnicas Lista Materiais (Curtume); Relatório Formulações."
EPRO37;;Relatório Materiais X Produto;Relatório;EPRO37 – Relatório Materiais X Produto. Tipo: Relatório.
EPRO56;;Ficha;Relatório;"EPRO56 – Ficha. Tipo: Relatório. Variações no menu: Estrutura de Produto EPRO56; Ficha Técnica; EPRO56_CADEIN; Relatório Ficha Técnica - CADEIN."
EPRO38;;Relatório Especificação de Variações de Produto;Relatório;EPRO38 – Relatório Especificação de Variações de Produto. Tipo: Relatório.
ESTO78;;Plano Abastecimento Materiais - Requisição;Relatório;ESTO78 – Plano Abastecimento Materiais - Requisição. Tipo: Relatório. Variações no menu: Relatório Plano Abastecimento Materiais - Necessidades.
ESTO80;;Emissão Etiqueta;Relatório;"ESTO80 – Emissão Etiqueta. Tipo: Relatório. Variações no menu: Etiquetas; Relatorio Etiquetas; Gera Custo Medio; Relatório Custo Médio."
CFAB107;;Relatório de Rendimento c/ Custo - Químicos Detalhados;Relatório;CFAB107 – Relatório de Rendimento c/ Custo - Químicos Detalhados. Tipo: Relatório.
PREC28;;Ficha de Operações por Produto;Programa;PREC28 – Ficha de Operações por Produto. Tipo: Programa.
MPSP64;;Posição Produção por Processo;Relatório;MPSP64 – Posição Produção por Processo. Tipo: Relatório.
CEXC107;;Pedido Serviço;Programa;CEXC107 – Pedido Serviço. Tipo: Programa. Variações no menu: Pedido de Serviço.
CFAB55;;Relatório Roteiro de Fabricação c/ Especificações;Relatório;CFAB55 – Relatório Roteiro de Fabricação c/ Especificações. Tipo: Relatório.
PREC13;;Lançamento de Eventos;Programa;PREC13 – Lançamento de Eventos. Tipo: Programa.
FATU177;;Rótulos Unidades Armazenamento;Relatório;FATU177 – Rótulos Unidades Armazenamento. Tipo: Relatório.
CFAB21;;Composição Plano Produção p/ Ordem de Fabricação;Relatório;CFAB21 – Composição Plano Produção p/ Ordem de Fabricação. Tipo: Relatório.
ESTO130;;Relatório Lançamentos por Produto;Relatório;ESTO130 – Relatório Lançamentos por Produto. Tipo: Relatório.
ESTO38;;Consulta Unidade Armazenamento;Programa;ESTO38 – Consulta Unidade Armazenamento. Tipo: Programa. Documentos: Consulta Unidade Armazenamento – ESTO38 (com Relatório).
COMP48;;Relatório Posição de Necessidades por Plano de Produção/Pedido;Programa;COMP48 – Relatório Posição de Necessidades por Plano de Produção/Pedido. Tipo: Programa.
CFAB35;;Posição Produção por Pedido;Relatório;CFAB35 – Posição Produção por Pedido. Tipo: Relatório. Variações no menu: Posição Produção por Pedido - Cadein.
ESTO72;;Relatório Controle Estoque Físico x Inventário;Relatório;ESTO72 – Relatório Controle Estoque Físico x Inventário. Tipo: Relatório.
ESTO5;;Transferência Produção para Estoque;Programa;ESTO5 – Transferência Produção para Estoque. Tipo: Programa.
ESTO66;;Relatório Controle Estoque Físico x Inventário;Relatório;ESTO66 – Relatório Controle Estoque Físico x Inventário. Tipo: Relatório.
CUST17;;Apropriação dos Materiais Custeio Integrado - OF;Relatório;CUST17 – Apropriação dos Materiais Custeio Integrado - OF. Tipo: Relatório.
ESTO135;;Emissão de Requisições - Matricial;Relatório;ESTO135 – Emissão de Requisições - Matricial. Tipo: Relatório.
ESTO07;;;;ESTO07.
ADMI10;;Manutenção do Dicionário;Programa;ADMI10 – Manutenção do Dicionário. Tipo: Programa.
RECE30;;Relatório Solicitação Pagamento;Relatório;RECE30 – Relatório Solicitação Pagamento. Tipo: Relatório. Variações no menu: Recebimento de Notas de Empresa do Mesmo Grupo (Novo).
ESTO118;;Relatório de Log - Manutenção de Rótulos;Relatório;ESTO118 – Relatório de Log - Manutenção de Rótulos. Tipo: Relatório.
CFAB58;;Configuração Situação da Ordem de Fabricação;Programa;CFAB58 – Configuração Situação da Ordem de Fabricação. Tipo: Programa.
ADMI251;;Configuração de Tabela sem Restrição;Programa;ADMI251 – Configuração de Tabela sem Restrição. Tipo: Programa. Documentos: Configuração de Tabela sem Restrição-ADMI251.
ESTO33;;Emissão Picking;Programa;ESTO33 – Emissão Picking. Tipo: Programa. Documentos: Emissão Picking - ESTO33.
CONT11;;Regras de Contabilização;Programa;CONT11 – Regras de Contabilização. Tipo: Programa.
ESTO103;;Relatório Posição de Estoque por SKU/Lote - BRISA;Relatório;ESTO103 – Relatório Posição de Estoque por SKU/Lote - BRISA. Tipo: Relatório. Variações no menu: Gera Nota Fiscal Abastecimento Materiais - Remessa Industrialização.
ADMI99;;Regras Tributação ICMS Produtos Importados;Programa;ADMI99 – Regras Tributação ICMS Produtos Importados. Tipo: Programa. Documentos: Regras Tributação ICMS Produtos Importados – ADMI99.
FATU25;;Gera Notas Fiscais - EDI;Programa;FATU25 – Gera Notas Fiscais - EDI. Tipo: Programa.
ESTO47;;Relatório Materiais não Apropriados por OF;Programa;ESTO47 – Relatório Materiais não Apropriados por OF. Tipo: Programa. Documentos: Relatório Materiais Não Apropriados por OF - ESTO47.
ESTO125;;Relatório Posição de Estoque Detalhado (Relatório Novo) - MCM;Programa;ESTO125 – Relatório Posição de Estoque Detalhado (Relatório Novo) - MCM. Tipo: Programa. Variações no menu: Relatório Posição de Estoque Detalhado (Relatório Novo). Documentos: Relatório Posição de Estoque Detalhado – ESTO125.
ESTO43;;Relatório Posição Estoque por Identificação;Relatório;ESTO43 – Relatório Posição Estoque por Identificação. Tipo: Relatório. Variações no menu: Relatório Posição Estoque por Empresa com Custo.
ESTO107;;Requisição Informada - Múltiplo;Programa;ESTO107 – Requisição Informada - Múltiplo. Tipo: Programa. Documentos: Requisição Informada – Múltiplo – ESTO107.
ESTO101;;Lançamento de Saída de Rótulo para Local de Armazenagem.;Programa;ESTO101 – Lançamento de Saída de Rótulo para Local de Armazenagem.. Tipo: Programa.
ESTO98;;Relatório Rótulos Local de Armazenagem;Relatório;ESTO98 – Relatório Rótulos Local de Armazenagem. Tipo: Relatório.
ESTO146;;Relatório;Relatório;"ESTO146 – Relatório. Tipo: Relatório. Variações no menu: Relatório de Transferência entre Localizações; Relatório Transferência entre Localizações - Múltiplos Produtos."
FATU164;;Emissão Minuta;Relatório;FATU164 – Emissão Minuta. Tipo: Relatório.
FATU24;;Emissão Rótulos com Documento Fiscal;Programa;"FATU24 – Emissão Rótulos com Documento Fiscal. Tipo: Programa. Variações no menu: Emissão Rótulos com Documento Fiscal - TERMOTEXTIL; Emissão Rótulos com Documento Fiscal - Gráfico Matricial; Emissão Rótulos com Documento Fiscal - TERMOFLEX; Emissão Rótulo pela NF - BRASPRESS - Etiqueta - Só COD BARRAS. Documentos: Emissão Rótulos com Documento Fiscal – FATU24."
PEDI81;;Liberação Pedidos Faturamento - Agil - Loc;Programa;"PEDI81 – Liberação Pedidos Faturamento - Agil - Loc. Tipo: Programa. Variações no menu: Liberação Pedidos Faturamento - Agil - Loc 11 Estab 3; Liberação Pedidos Faturamento - Agil - Loc 2 Estab 1; Liberação Pedidos Faturamento - Agil - Estab 115; Liberação Pedidos Faturamento - ESTAB 713100. Documentos: Liberação Pedidos Faturamento por Agrupamento – PEDI81."
RECE28;;Gera Contra Nota Fiscal de Entrada;Programa;RECE28 – Gera Contra Nota Fiscal de Entrada. Tipo: Programa.
FATU127;;Retorno de Quarteirização.;Programa;FATU127 – Retorno de Quarteirização.. Tipo: Programa. Variações no menu: 09= Retorno de Quarteirização. **JS-Quarteirização.
RECE46;;Recebimento de Remessa;Programa;"RECE46 – Recebimento de Remessa. Tipo: Programa. Variações no menu: Recebimento de Remessa Quarteirização - Estabelecimento mesmo grupo; Recebimento de Remessa Industrialização - Estabelecimento mesmo grupo; 11= Recebimento de Remessa Quarteirização - Estab.grupo **JS_QUARTEIRIZAÇÃO-BA; 03= Recebimento de Remessa Quarteirização - Estab.grupo **JS_QUARTEIRIZAÇÃO-LC."
FATU45;;Relatório Pré-Venda;Relatório;"FATU45 – Relatório Pré-Venda. Tipo: Relatório. Variações no menu: Relatório Romaneio Notas Fiscais; Romaneio Pegada; Rotulo."
FATU166;;Relatório Romaneio Notas Fiscais;Relatório;FATU166 – Relatório Romaneio Notas Fiscais. Tipo: Relatório.
CFAB9;;Emissão de Talão (1 PROCESSO) - Malu;Programa;"CFAB9 – Emissão de Talão (1 PROCESSO) - Malu. Tipo: Programa. Variações no menu: Emissão de Talão (1 PROCESSO) (Termotransferência); Emissão de Talão (1 PROCESSO); Emissão de Talão (1 PROCESSO) - Malu Planejamento; 4 Emissão de Talão (1 PROCESSO) - (AW)."
MPSP39;;Plano Mestre de Produção por Modelo O.F. (+PROCESSOS);Relatório;MPSP39 – Plano Mestre de Produção por Modelo O.F. (+PROCESSOS). Tipo: Relatório. Variações no menu: Relatório Plano Mestre de Produção por modelo O.F(+Processos).
CFAB53;;Emissão Cartão Componente;Relatório;CFAB53 – Emissão Cartão Componente. Tipo: Relatório. Variações no menu: Emissão Cartão Componente por Pedido Compra.
CFAB121;;Emissão Cartão Componente;Relatório;CFAB121 – Emissão Cartão Componente. Tipo: Relatório.
CFAB122;;Configuração de Campos dos Programas;Programa;CFAB122 – Configuração de Campos dos Programas. Tipo: Programa. Variações no menu: Emissão Cartão Componente.
CFAB62;;Emissão;Relatório;"CFAB62 – Emissão. Tipo: Relatório. Variações no menu: Emissão Lote; Emissão Cartão Componente; Emissão de Lote."
ADMI82;;Liberação Código EAN;Programa;ADMI82 – Liberação Código EAN. Tipo: Programa.
EPRO68;;Configuração de Alteração da Lista de Materiais;Programa;EPRO68 – Configuração de Alteração da Lista de Materiais. Tipo: Programa. Documentos: Configuração de Alteração da Lista de Materiais – EPRO68.
CFAB155;;CFAB155;Relatório;CFAB155 – CFAB155. Tipo: Relatório.
PEDI15;;Consulta Reserva Venda Estoque Futuro no;Programa;"PEDI15 – Consulta Reserva Venda Estoque Futuro no. Tipo: Programa. Variações no menu: Consulta Reserva Venda Estoque Futuro no Pedido de Compra; Consulta Reserva Venda Estoque Futuro no Lote Produção. Termos frequentes: reserva passará, xxxxxxxxxxxxxxxxxxxxxxxxxxxxxxxxxxxxxxxxxxxxxxxxxxxxxxxxxxxxxxxxxx, exibida. Documentos: Liberação Lote Produção Estoque para Venda Estoque Futuro - MPSP20; Rotina Estoque Futuro Brisa_e Geral."
MPSP15;;MPS;Programa;MPSP15 – MPS. Tipo: Programa. Documentos: MPS – MPSP15.
CFAB45;;Plano de Corte;Relatório;"CFAB45 – Plano de Corte. Tipo: Relatório. Variações no menu: Plano de Corte HKZ; Plano de Corte - PEGADA - Sem OF; Plano de Corte - PEGADA; Plano de Corte ORIGINAL."
MPSP83;;Posição de Saldos por Plano e Cliente - AKS;Programa;MPSP83 – Posição de Saldos por Plano e Cliente - AKS. Tipo: Programa. Termos frequentes: status amostra, excel nos anexos, ordem crescente. Documentos: Posição de Saldos por Plano e Cliente – MPSP83.
CFAB118;;Controle Produção/Faturamento de Pedidos;Programa;CFAB118 – Controle Produção/Faturamento de Pedidos. Tipo: Programa. Documentos: Relatório Controle Produção Faturamento de Pedidos - CFAB118.
PREC31;;Meta por Produto e Recurso;Programa;PREC31 – Meta por Produto e Recurso. Tipo: Programa. Documentos: Meta por Produto e Recurso - PREC31.
EPRO81;;Relatório de Produtos - T&A;Programa;EPRO81 – Relatório de Produtos - T&A. Tipo: Programa. Documentos: Relatório de Produtos, Class Fiscal e Codigos EAN – EPRO81.
EPRO111;;Relatório Estrutura de Produto c/ Pesos e Percentual de Perda;Programa;EPRO111 – Relatório Estrutura de Produto c/ Pesos e Percentual de Perda. Tipo: Programa. Documentos: Relatório Estrutura de Produto com Pesos e Percentual de Perda-EPRO111.
MPSP55;;Relatório Pedidos Venda e LEs c/ dados de Abastecimento, Produção e Faturamento;Relatório;MPSP55 – Relatório Pedidos Venda e LEs c/ dados de Abastecimento, Produção e Faturamento. Tipo: Relatório.
CEXC52;;Plano Mestre de Produção;Relatório;CEXC52 – Plano Mestre de Produção. Tipo: Relatório.
MPSP76;;Relatório Plano Mestre de Produção por Grupos de Planos de Produção;Relatório;MPSP76 – Relatório Plano Mestre de Produção por Grupos de Planos de Produção. Tipo: Relatório. Documentos: Relatório Plano Mestre de Produção por Grupos de Planos de Produção - MPSP74 – MPSP76.
MPSP69;;Relatório Plano Mestre de Produção por Modelo - Recurso (NOVO);Programa;MPSP69 – Relatório Plano Mestre de Produção por Modelo - Recurso (NOVO). Tipo: Programa. Documentos: Relatório Plano Mestre de Produção por Modelo – Recurso – MPSP69.
MPSP29;;Plano Mestre de Produção por Modelo;Relatório;MPSP29 – Plano Mestre de Produção por Modelo. Tipo: Relatório.
CFAB115;;Relatório Produção Diário;Relatório;CFAB115 – Relatório Produção Diário. Tipo: Relatório. Variações no menu: Relatório Lista quantidades Primária e Secundária.
EPRO71;;Relatório Produto - Estoque e Consumo - Excel;Programa;EPRO71 – Relatório Produto - Estoque e Consumo - Excel. Tipo: Programa. Documentos: Relatório Produto - Estoque e Consumo – Excel – EPRO71.
FATU132;;FATU132;Relatório;FATU132 – FATU132. Tipo: Relatório.
EPRO66;;Variação de Consumo / Preços;Programa;EPRO66 – Variação de Consumo / Preços. Tipo: Programa. Termos frequentes: variación de consumo. Documentos: Variação de Consumo_Preços – EPRO66.
VEND28;;Flex Tst;Programa;VEND28 – Flex Tst. Tipo: Programa. Termos frequentes: controle de flexibilidade. Documentos: Relatório Controle de Flexibilidade de Vendas – VEND28.
ADMI250;;Conexões;Programa;ADMI250 – Conexões. Tipo: Programa.
ADMI27;;Contratos;Programa;ADMI27 – Contratos. Tipo: Programa.
MIND17;;Gera Contrato de Empréstimo;Programa;MIND17 – Gera Contrato de Empréstimo. Tipo: Programa.
PEDI75;;Alteração Tipo Entrega Produzir a Reservar Estoque;Programa;PEDI75 – Alteração Tipo Entrega Produzir a Reservar Estoque. Tipo: Programa. Documentos: Alteração Tipo Entrega Produzir a Reservar Estoque – PEDI75.
PEDI66;;Cancelamento Reserva de Semi-Acabado/em Plano de Produção;Programa;PEDI66 – Cancelamento Reserva de Semi-Acabado/em Plano de Produção. Tipo: Programa. Documentos: Cancelamento Reserva de Semi-Acabado_em Plano de Produção – PEDI66.
PEDI72;;Configurador de Pedidos por Empresa;Programa;PEDI72 – Configurador de Pedidos por Empresa. Tipo: Programa. Documentos: Configurador de Pedidos por Empresa – PEDI72.
PEDI149;;Cópia de Pedido de Venda Detalhado;Programa;PEDI149 – Cópia de Pedido de Venda Detalhado. Tipo: Programa. Documentos: Cópia de Pedido de Venda Detalhado – PEDI149.
PEDI131;;Log Importação Pedidos de Venda - EDI (LTZ);Relatório;PEDI131 – Log Importação Pedidos de Venda - EDI (LTZ). Tipo: Relatório.
PEDI152;;Etiqueta MCM;Relatório;PEDI152 – Etiqueta MCM. Tipo: Relatório.
PEDI69;;Emissão Etiqueta Henrich PDV;Relatório;PEDI69 – Emissão Etiqueta Henrich PDV. Tipo: Relatório.
PEDI86;;Emissão do Talão;Relatório;PEDI86 – Emissão do Talão. Tipo: Relatório.
COMP29;;Relatório Plano de Necessidades de Compras por Plano de Produção;Relatório;COMP29 – Relatório Plano de Necessidades de Compras por Plano de Produção. Tipo: Relatório.
PEDI10;;Relatório Materiais X Pedidos;Programa;PEDI10 – Relatório Materiais X Pedidos. Tipo: Programa. Documentos: Relatório Materiais X Pedidos-PEDI10.
PEDI116;;Relatório Pedidos Prontos para Faturar;Relatório;PEDI116 – Relatório Pedidos Prontos para Faturar. Tipo: Relatório.
VEND103;;Relatório Resumo Vendas e Estoque;Programa;VEND103 – Relatório Resumo Vendas e Estoque. Tipo: Programa. Documentos: Relatório Resumo Vendas e Estoque - VEND103.
CPRO13;;Classificação de Inspeção;Programa;CPRO13 – Classificação de Inspeção. Tipo: Programa.
CPRO14;;Grupo de Inspeção;Programa;CPRO14 – Grupo de Inspeção. Tipo: Programa.
ADMI23;;Licenças;Programa;ADMI23 – Licenças. Tipo: Programa. Documentos: Licenças – ADMI23.
CREC62;;Relatório Notas de Débito;Programa;CREC62 – Relatório Notas de Débito. Tipo: Programa.
VEND15;;Relatório Demonstrativo Comissões;Programa;VEND15 – Relatório Demonstrativo Comissões. Tipo: Programa. Variações no menu: Relatório Demonstrativo Comissões (Provisão).
CREC7;;Relatório Lançamentos;Programa;CREC7 – Relatório Lançamentos. Tipo: Programa. Variações no menu: Relatório Lançamentos (Base Cálculo Comissão).
VEND108;;Relatório Planejamento Materiais Diário(NOVO) - VEND108;Relatório;VEND108 – Relatório Planejamento Materiais Diário(NOVO) - VEND108. Tipo: Relatório.
COMP12;;Consulta Pedidos de Compra;Programa;COMP12 – Consulta Pedidos de Compra. Tipo: Programa. Documentos: Consulta Pedidos de Compra – COMP12.
COMP20;;Pedido de Compra - Exportação;Relatório;COMP20 – Pedido de Compra - Exportação. Tipo: Relatório.
TERC20;;Categoria;Programa;TERC20 – Categoria. Tipo: Programa.
TERC15;;Relatório de Pagamento à Ateliers;Relatório;"TERC15 – Relatório de Pagamento à Ateliers. Tipo: Relatório. Variações no menu: Relatório de Pagamento à Ateliers Detalhado; Relatório de Pagamento à Ateliers Resumido."
ADMI254;;Configuração de Autenticação de Email;Programa;ADMI254 – Configuração de Autenticação de Email. Tipo: Programa.
ADMI71;;Importação Pessoa Fisíca/Juridica;Programa;ADMI71 – Importação Pessoa Fisíca/Juridica. Tipo: Programa. Termos frequentes: pessoas importadas. Documentos: Importação Pessoa Fisíca Juridica - ADMI71.
PREC16;;Relatório;Programa;"PREC16 – Relatório. Tipo: Programa. Variações no menu: Relatório Eficiência Diária; Relatório Produtividade Diária. Documentos: Relatório Eficiência Diária – PREC16."
ADMI97;;Notas Fiscais de Frete;Programa;ADMI97 – Notas Fiscais de Frete. Tipo: Programa.
MIND8;;Relatório Manutenção por Vencer;Relatório;MIND8 – Relatório Manutenção por Vencer. Tipo: Relatório.
MIND23;;Relatório Ordem de Serviço;Relatório;MIND23 – Relatório Ordem de Serviço. Tipo: Relatório.
CLAB8;;Inspeções e Ensaios;Programa;CLAB8 – Inspeções e Ensaios. Tipo: Programa.
CLAB19;;Laudo Automotivo - Português;Relatório;CLAB19 – Laudo Automotivo - Português. Tipo: Relatório.
CLAB9;;Cadastro de Amostras;Programa;CLAB9 – Cadastro de Amostras. Tipo: Programa.
CLAB1;;;;CLAB1.
CLAB15;;Apontamento de Amostras;Programa;CLAB15 – Apontamento de Amostras. Tipo: Programa.
ADMI153;;Exportação para Integração com Sistema Satra;Programa;ADMI153 – Exportação para Integração com Sistema Satra. Tipo: Programa. Variações no menu: Exportação para Integração com Sistema Satra - Arquivo .UP.
FATU147;;Emissão de Etiqueta - Controle de Lote - ADOC;Programa;FATU147 – Emissão de Etiqueta - Controle de Lote - ADOC. Tipo: Programa.
CPAG31;;Transformação de Documentos;Programa;CPAG31 – Transformação de Documentos. Tipo: Programa.
CFAB191;;Encerramento de Planos de Produção e Ordens de Fabricação Ativas e sem;Programa;"CFAB191 – Encerramento de Planos de Produção e Ordens de Fabricação Ativas e sem. Tipo: Programa. Variações no menu: Encerramento de Planos de Produção e Ordens de Fabricação Ativas e sem Reserva; Encerramento de Planos de Produção e Ordens de Fabricação Ativas e sem Reserva-LOC16,."
RECE6;;Relatório de Impostos;Relatório;RECE6 – Relatório de Impostos. Tipo: Relatório.
FATU10;;Relatório Imposto;Programa;FATU10 – Relatório Imposto. Tipo: Programa. Variações no menu: Relatório Imposto TESTE.
CONT40;;Bases de Rateio por Centro de Custos;Programa;CONT40 – Bases de Rateio por Centro de Custos. Tipo: Programa.
CONT12;;Lançamentos Contábeis;Programa;CONT12 – Lançamentos Contábeis. Tipo: Programa.
CONT14;;Balancetes;Programa;"CONT14 – Balancetes. Tipo: Programa. Variações no menu: Balance Comprobación; Balancetes - PERU."
RHUM2;;Agente Nocivo;Programa;RHUM2 – Agente Nocivo. Tipo: Programa.
FPAG93;;Reajuste Salarial;Programa;FPAG93 – Reajuste Salarial. Tipo: Programa. Variações no menu: Reajuste Salarial com Estab. Padrão.
RHUM8;;Jornada de Trabalho;Programa;RHUM8 – Jornada de Trabalho. Tipo: Programa.
FPAG23;;Cálculo;Programa;FPAG23 – Cálculo. Tipo: Programa. Variações no menu: Cálculo - Tecnocalza.
RHUM11;;Configuração de Períodos;Programa;RHUM11 – Configuração de Períodos. Tipo: Programa.
FPAG137;;Arquivo E-Social;Programa;FPAG137 – Arquivo E-Social. Tipo: Programa.
PEDI47;;Relatório;Relatório;"PEDI47 – Relatório. Tipo: Relatório. Variações no menu: Relatório Resumo de Pedidos - Arezzo; Relatório Pedidos Arezzo."
PEDI48;;Relatório Resumo de Pedidos - Arezzo;Programa;PEDI48 – Relatório Resumo de Pedidos - Arezzo. Tipo: Programa. Variações no menu: Resumo Pedidos Importados Arezzo.
ESTO117;;Implantação de Saldos de Industrialização e Depósitos por Terceiros;Programa;ESTO117 – Implantação de Saldos de Industrialização e Depósitos por Terceiros. Tipo: Programa.
EPRO09;;;;EPRO09.
EPRO95;;Grupo Construções;Programa;EPRO95 – Grupo Construções. Tipo: Programa.
EPRO100;;Grupo Segmento;Programa;EPRO100 – Grupo Segmento. Tipo: Programa.
VEND24;;Grupo Planejamento de Vendas;Programa;VEND24 – Grupo Planejamento de Vendas. Tipo: Programa.
CFAB169;;;;CFAB169.
RECE15;;Relatório Notas Fiscais Empréstimo;Relatório;RECE15 – Relatório Notas Fiscais Empréstimo. Tipo: Relatório.
EPRO22;;Roteiro;Programa;EPRO22 – Roteiro. Tipo: Programa.
MPSP4;;Tipo de Cálculo;Programa;MPSP4 – Tipo de Cálculo. Tipo: Programa.
CFAB160;;Apontamento Ordem de Fabricação METRIXER;Programa;CFAB160 – Apontamento Ordem de Fabricação METRIXER. Tipo: Programa.
CFAB01;;;;CFAB01. Documentos: Interface com medidora de couros modelo Mediplan 2000, marca Master.
EPRO44;;Relatório Desenvolvimento de Produto;Programa;EPRO44 – Relatório Desenvolvimento de Produto. Tipo: Programa.
EPRO45;;;;EPRO45.
EPRO51;;Relatório;Relatório;"EPRO51 – Relatório. Tipo: Relatório. Variações no menu: Relatório Especificações Técnicas Lista Materiais; Relatório Formulações."
EPRO53;;Relatório Ficha de Processos;Relatório;EPRO53 – Relatório Ficha de Processos. Tipo: Relatório.
EPRO47;;FLUXOS - NAO USAR;Programa;"EPRO47 – FLUXOS - NAO USAR. Tipo: Programa. Variações no menu: Estruturação de Produto por Pedido; FLUXOS - NAO USAR - Martin."
ESTO86;;Relatório Análise de Rendimentos;Relatório;ESTO86 – Relatório Análise de Rendimentos. Tipo: Relatório. Variações no menu: Relatório Análise de Procedência.
CFAB82;;CFAB82;Relatório;CFAB82 – CFAB82. Tipo: Relatório.
CFAB81;;CFAB81;Relatório;CFAB81 – CFAB81. Tipo: Relatório.
CFAB80;;CFAB80;Relatório;CFAB80 – CFAB80. Tipo: Relatório.
ESTO12;;Relatório Consumos;Relatório;ESTO12 – Relatório Consumos. Tipo: Relatório.
CFAB182;;Relatório;Relatório;CFAB182 – Relatório. Tipo: Relatório.
EPRO35;;Ficha Técnica;Relatório;"EPRO35 – Ficha Técnica. Tipo: Relatório. Variações no menu: Estrutura do Produto EPRO35; relat; Ficha Técnica - CURTUME."
MPSP58;;Relatório de Programação de Entregas por Setor / Produção por Máquina - Analítico;Programa;MPSP58 – Relatório de Programação de Entregas por Setor / Produção por Máquina - Analítico. Tipo: Programa. Documentos: Relatório de Programação de Entregas por Setor_Produção por Máquina Analítico - MPSP58.
CLAB13;;Consulta e Relatório das Amostras;Programa;CLAB13 – Consulta e Relatório das Amostras. Tipo: Programa.
ESTO143;;Consulta Movimentação Rótulo;Programa;ESTO143 – Consulta Movimentação Rótulo. Tipo: Programa. Documentos: Consulta Movimentação Unidade Armazenamento – ESTO143.
MPSP40;;Exclusão Ordens de Fabricação Dependentes;Programa;MPSP40 – Exclusão Ordens de Fabricação Dependentes. Tipo: Programa.
COMP46;;Relatório Carga de Formas - Proceso 361;Programa;COMP46 – Relatório Carga de Formas - Proceso 361. Tipo: Programa.
ADMI38;;Bancos;Programa;ADMI38 – Bancos. Tipo: Programa.
ESTO59;;Relatório Revisão Inventário;Relatório;ESTO59 – Relatório Revisão Inventário. Tipo: Relatório. Variações no menu: Relatório Revisão Inventário - CRI.
ESTO57;;Relatório Controle Estoque Físico x Inventário;Relatório;ESTO57 – Relatório Controle Estoque Físico x Inventário. Tipo: Relatório.
ESTO17;;Livro Inventário;Relatório;ESTO17 – Livro Inventário. Tipo: Relatório.
CUST16;;Apropriação dos Materiais Custeio Integrado - Produto;Relatório;CUST16 – Apropriação dos Materiais Custeio Integrado - Produto. Tipo: Relatório.
ESTO92;;Relatório Saldos por Linha, Modelo e Rótulo;Relatório;ESTO92 – Relatório Saldos por Linha, Modelo e Rótulo. Tipo: Relatório.
ESTO91;;Relatório Saldos por Linha e Modelo;Relatório;ESTO91 – Relatório Saldos por Linha e Modelo. Tipo: Relatório.
ESTO128;;Rel Analise Consumo Previsto x Realizado - OKS;Relatório;ESTO128 – Rel Analise Consumo Previsto x Realizado - OKS. Tipo: Relatório. Variações no menu: Relatório Análise Consumo Previsto x Realizado (Produto/Solicitante).
FATU239;;;;FATU239.
FATU178;;Relatório Notas Fiscais - Baenamora;Relatório;FATU178 – Relatório Notas Fiscais - Baenamora. Tipo: Relatório.
ADMI65;;Regras Tributação ICMS;Programa;ADMI65 – Regras Tributação ICMS. Tipo: Programa.
CREC22;;Emissão de Bloquetos;Programa;"CREC22 – Emissão de Bloquetos. Tipo: Programa. Variações no menu: Emissão de Triplicatas; Emissão de Duplicatas; Emissão de Bloquetos - BRADESCO; Emissão de Bloquetos - Safra CNAB400."
ESTO51;;Relatório Análise Estoque - ESTO51;Relatório;ESTO51 – Relatório Análise Estoque - ESTO51. Tipo: Relatório. Variações no menu: Relatório Análise Estoque - ESTO51_POR_EMPRESA.
COMP22;;Ponto Reposição;Relatório;COMP22 – Ponto Reposição. Tipo: Relatório.
ESTO151;;Relatório Lançamentos de Transferência;Programa;ESTO151 – Relatório Lançamentos de Transferência. Tipo: Programa. Documentos: Relatório Lançamentos de Transferência - ESTO151.
ESTO113;;Relatório Plano Abastecimento Materiais;Programa;ESTO113 – Relatório Plano Abastecimento Materiais. Tipo: Programa. Documentos: Relatório Plano Abastecimento Materiais - ESTO113.
ESTO126;;Relatório Posição de Estoque Detalhado (Relatório Novo);Relatório;ESTO126 – Relatório Posição de Estoque Detalhado (Relatório Novo). Tipo: Relatório.
ESTO52;;Relatório Posição de Estoque por Unidade Armazenamento/Lote;Programa;ESTO52 – Relatório Posição de Estoque por Unidade Armazenamento/Lote. Tipo: Programa. Documentos: Relatório Posição de Estoque por Unidade Armazenamento_Lote – ESTO52.
ESTO44;;Relatório Posição Estoque sem Reserva;Relatório;ESTO44 – Relatório Posição Estoque sem Reserva. Tipo: Relatório.
ESTO82;;Relatório Previsão de Abastecimento de Matéria Prima;Programa;ESTO82 – Relatório Previsão de Abastecimento de Matéria Prima. Tipo: Programa.
ESTO124;;Relatório Produtos a Serem Inventariados;Relatório;ESTO124 – Relatório Produtos a Serem Inventariados. Tipo: Relatório.
ESTO148;;Relatório Transferência SKU;Programa;ESTO148 – Relatório Transferência SKU. Tipo: Programa. Documentos: Relatório Transferência SKU – ESTO148.
CEXC48;;Solicitação de Necessidade de Materiais;Programa;CEXC48 – Solicitação de Necessidade de Materiais. Tipo: Programa. Variações no menu: Baixa de Requisição por Lista.
FATU41;;Emissão Rótulo Unidade Logística;Programa;"FATU41 – Emissão Rótulo Unidade Logística. Tipo: Programa. Variações no menu: Emissão Rótulo Unidade Logística - Lote Produção Estoque; Emissão Rótulo Unidade Logística - Pedido."
FATU40;;Gera/Emissão Rótulo Unidade Logística - Pedido;Programa;FATU40 – Gera/Emissão Rótulo Unidade Logística - Pedido. Tipo: Programa.
FATU13;;Reemissão Notas Fiscais Saída;Programa;"FATU13 – Reemissão Notas Fiscais Saída. Tipo: Programa. Variações no menu: Reemissão Notas Fiscais Saída - Transf. ICMS; Reemissão Notas Fiscais Saída - Cargo; Reemissão Notas Fiscais Saída - Crédito; Reemissão Notas Fiscais Saída - Recreo."
FATU30;;Relatório Notas Fiscais;Relatório;"FATU30 – Relatório Notas Fiscais. Tipo: Relatório. Variações no menu: Recibo de Locação; Relatório Recibo de Locação."
FATU118;;Confirmação de Notas Fiscais de Entrada em massa;Programa;FATU118 – Confirmação de Notas Fiscais de Entrada em massa. Tipo: Programa. Variações no menu: Atualização de Notas de Importação. Termos frequentes: notas de importação. Documentos: Atualização de Notas de Importação – FATU118.
RECE94;;;;RECE94.
RECE43;;Controle para Retorno de Atelier;Programa;RECE43 – Controle para Retorno de Atelier. Tipo: Programa. Documentos: Controle para retorno Atelier – RECE43.
FATU02;;;;FATU02.
FATU88;;Devolução de Transferência;Programa;FATU88 – Devolução de Transferência. Tipo: Programa. Documentos: Devolução de Transferência-FATU88.
FATU172;;Emissão Etiqueta com Documento Fiscal Terra e Água;Relatório;FATU172 – Emissão Etiqueta com Documento Fiscal Terra e Água. Tipo: Relatório.
FATU176;;Emissão Etiqueta com Documento Fiscal (ITALIANINHO);Relatório;FATU176 – Emissão Etiqueta com Documento Fiscal (ITALIANINHO). Tipo: Relatório.
VEND127;;;;VEND127.
FATU27;;Emissão Minuta;Relatório;FATU27 – Emissão Minuta. Tipo: Relatório.
ADMI224;;Dicionário;Programa;ADMI224 – Dicionário. Tipo: Programa.
FATU18;;Gera Notas Fiscais de Transferência ICMS;Programa;FATU18 – Gera Notas Fiscais de Transferência ICMS. Tipo: Programa. Documentos: Gera Notas Fiscais de Transferência ICMS – FATU18.
FATU141;;Importação de Notas Fiscais de Saída por XML;Programa;FATU141 – Importação de Notas Fiscais de Saída por XML. Tipo: Programa. Variações no menu: Importação de Notas Fiscais de Saída por XML - Consumidor. Documentos: Importação de Notas Fiscais de Saída por XML – FATU141.
FATU123;;Nota Fiscal de Consumidor Eletrônica (NFC-e) Estab.;Programa;"FATU123 – Nota Fiscal de Consumidor Eletrônica (NFC-e) Estab.. Tipo: Programa. Variações no menu: FACTURA COM PISTOLA; Nota Fiscal de Consumidor Eletrônica (NFC-e) Pacific; Factura con pistola tiendas - Equador; Nota Fiscal de Consumidor Eletrônica (NFC-e) Estab. 71671."
FATU130;;Factura - Pieles del Sur;Relatório;"FATU130 – Factura - Pieles del Sur. Tipo: Relatório. Variações no menu: Guia Remisión - Pieles del Sur; Boleta de Venta - Pieles del Sur; Nova Emissão Notas Fiscais."
FATU46;;Notas Fiscais Inutilizadas - NF-e;Programa;FATU46 – Notas Fiscais Inutilizadas - NF-e. Tipo: Programa. Documentos: Notas Fiscais Inutilizadas - NF-e – FATU46.
CEXC12;;Relatório de Pedidos Aptos a Faturar;Relatório;CEXC12 – Relatório de Pedidos Aptos a Faturar. Tipo: Relatório.
CEXC88;;Cadastro Emails Revisão OF;Programa;CEXC88 – Cadastro Emails Revisão OF. Tipo: Programa.
FATU35;;Relatório Faturamento;Relatório;FATU35 – Relatório Faturamento. Tipo: Relatório.
RECE14;;Relatório Notas Fiscais Empréstimo;Programa;RECE14 – Relatório Notas Fiscais Empréstimo. Tipo: Programa. Documentos: Relatório Notas Fiscais Empréstimo – RECE14.
CEXC58;;Relatório Romaneio de Embarque;Relatório;CEXC58 – Relatório Romaneio de Embarque. Tipo: Relatório.
CEXC6;;Romaneio por Pedido;Programa;CEXC6 – Romaneio por Pedido. Tipo: Programa. Documentos: Relatório Romaneio por Pedido – CEXC6.
COMP43;;Posição de Entregas e Remessas;Programa;COMP43 – Posição de Entregas e Remessas. Tipo: Programa.
MPSP38;;Relatório Plano Mestre de Produção por Modelo;Programa;"MPSP38 – Relatório Plano Mestre de Produção por Modelo. Tipo: Programa. Variações no menu: Relatório Plano Mestre de Produção por Modelo O.F. (+PROCESSOS) - OKSEBRA; Relatório Plano Mestre de Produção por modelo O.F(+Processos)."
CFAB110;;Apontamento Ordem de Fabricação por Requisição;Programa;CFAB110 – Apontamento Ordem de Fabricação por Requisição. Tipo: Programa. Documentos: Apontamento Ordem de Fabricação por Requisição – CFAB110.
CFAB109;;Estorno Ordem de Fabricação por Requisição;Programa;CFAB109 – Estorno Ordem de Fabricação por Requisição. Tipo: Programa. Documentos: Estorno Ordem de Fabricação por Requisição – CFAB109.
CFAB173;;Cartão Ponto Funcionário;Programa;CFAB173 – Cartão Ponto Funcionário. Tipo: Programa. Documentos: Cadastro de Funcionários para Apontamentos – CFAB173.
CFAB150;;Emissão Cartão Componente - LOGOTIPO;Relatório;CFAB150 – Emissão Cartão Componente - LOGOTIPO. Tipo: Relatório.
PEDI136;;Etiqueta KILDARE;Relatório;PEDI136 – Etiqueta KILDARE. Tipo: Relatório. Variações no menu: 10.
CFAB180;;Composição Plano Produção p/ Ordem de Fabricação;Relatório;CFAB180 – Composição Plano Produção p/ Ordem de Fabricação. Tipo: Relatório.
CFAB120;;Conferência Etiqueta X Rótulo;Programa;CFAB120 – Conferência Etiqueta X Rótulo. Tipo: Programa. Documentos: Conferência Etiqueta X Rótulo – CFAB120.
CFAB124;;Emissão Lote;Relatório;CFAB124 – Emissão Lote. Tipo: Relatório.
CFAB171;;Emissão Lote com processos;Relatório;CFAB171 – Emissão Lote com processos. Tipo: Relatório. Variações no menu: Emissão de Lotes + Processos.
CFAB140;;Emissão Ordem de Fabricação;Relatório;CFAB140 – Emissão Ordem de Fabricação. Tipo: Relatório. Variações no menu: 11 OF CFAB140.
CFAB137;;Emissão Ordem de Fabricação;Relatório;CFAB137 – Emissão Ordem de Fabricação. Tipo: Relatório. Variações no menu: 01 OF CFAB37.
CFAB164;;relatório;Relatório;CFAB164 – relatório. Tipo: Relatório.
CFAB188;;Emissão Ordem de Fabricação;Relatório;CFAB188 – Emissão Ordem de Fabricação. Tipo: Relatório.
CFAB172;;Emissão Ordem de Fabricação;Relatório;CFAB172 – Emissão Ordem de Fabricação. Tipo: Relatório.
CFAB14;;Apontamento de Ordens de Fabricação (Tiras Palmisurf);Programa;CFAB14 – Apontamento de Ordens de Fabricação (Tiras Palmisurf). Tipo: Programa.
CFAB178;;Emissão de Plano de Produção - VPS;Programa;CFAB178 – Emissão de Plano de Produção - VPS. Tipo: Programa. Termos frequentes: agrupamento de dados, plano produto. Documentos: Emissão Plano de Produção – CFAB178.
CFAB26;;Emissão Talão Auxiliar;Programa;CFAB26 – Emissão Talão Auxiliar. Tipo: Programa. Variações no menu: Emissão Talão Auxiliar PLANET. Documentos: Emissão Talão Auxiliar – CFAB26.
EPRO78;;Componente Multi Seleção B2B;Programa;EPRO78 – Componente Multi Seleção B2B. Tipo: Programa.
EPRO62;;Emissão Etiquetas Produto;Programa;EPRO62 – Emissão Etiquetas Produto. Tipo: Programa.
EPRO107;;Integração GS1;Programa;EPRO107 – Integração GS1. Tipo: Programa.
CFAB50;;Observação de Ordem de Fabricação;Programa;CFAB50 – Observação de Ordem de Fabricação. Tipo: Programa. Documentos: Observação de Ordem de Fabricação – CFAB50.
MPSP84;;Posição de Saldos por Plano e Cliente;Relatório;MPSP84 – Posição de Saldos por Plano e Cliente. Tipo: Relatório.
MPSP52;;Relatório Mapa de Entregas;Programa;MPSP52 – Relatório Mapa de Entregas. Tipo: Programa. Documentos: Relatório Mapa de Entregas – MPSP52.
MPSP53;;Mapa de Entregas;Relatório;MPSP53 – Mapa de Entregas. Tipo: Relatório.
CEXC51;;Plano Mestre de Produção;Relatório;CEXC51 – Plano Mestre de Produção. Tipo: Relatório.
CEXC84;;Plano Mestre de Produção;Relatório;CEXC84 – Plano Mestre de Produção. Tipo: Relatório.
MPSP67;;Relatório Plano Mestre de Produção com Posição Abastecimento;Programa;MPSP67 – Relatório Plano Mestre de Produção com Posição Abastecimento. Tipo: Programa. Documentos: Relatório Plano Mestre de Produção com Posição Abastecimento – MPSP67.
MPSP51;;Relatório Plano Mestre de Produção Datas por Roteiro;Programa;MPSP51 – Relatório Plano Mestre de Produção Datas por Roteiro. Tipo: Programa. Documentos: Relatório Plano Mestre de Produção Datas por Roteiro – MPSP51.
MPSP41;;Relatório Plano Mestre de Produção por Plano de Produção;Programa;MPSP41 – Relatório Plano Mestre de Produção por Plano de Produção. Tipo: Programa.
MPSP70;;Plano Mestre de Produção por Modelo - Recurso (NOVO);Relatório;MPSP70 – Plano Mestre de Produção por Modelo - Recurso (NOVO). Tipo: Relatório.
CFAB74;;;;CFAB74.
CFAB84;;Relatório Produto por Grupo Cliente/Plano/Pedido;Relatório;CFAB84 – Relatório Produto por Grupo Cliente/Plano/Pedido. Tipo: Relatório.
CFAB141;;Relatório Produto por Plano/Construção/Modelo/Produto;Relatório;CFAB141 – Relatório Produto por Plano/Construção/Modelo/Produto. Tipo: Relatório.
CFAB142;;Relatório Resumo Produção - Gass;Programa;CFAB142 – Relatório Resumo Produção - Gass. Tipo: Programa. Documentos: Relatório Resumo Produção por Processo – CFAB142.
CFAB153;;Relatório Resumo Produção por Turno;Programa;CFAB153 – Relatório Resumo Produção por Turno. Tipo: Programa. Documentos: Relatório Resumo Produção por Turno – CFAB153.
MPSP36;;Relatório Plano Mestre de Produção por Modelo (+PROCESSOS);Programa;MPSP36 – Relatório Plano Mestre de Produção por Modelo (+PROCESSOS). Tipo: Programa.
MPSP18;;Plano Mestre de Produção com Complemento;Relatório;MPSP18 – Plano Mestre de Produção com Complemento. Tipo: Relatório.
FATU173;;Relatório de Encaixotamento;Relatório;"FATU173 – Relatório de Encaixotamento. Tipo: Relatório. Variações no menu: 2; Rotulos; Corrugados."
FATU90;;Comprovante Retenção Compra - EQUADOR;Relatório;"FATU90 – Comprovante Retenção Compra - EQUADOR. Tipo: Relatório. Variações no menu: Relatório Corrugado; Corrugados."
FATU86;;Emissão Rótulos ( AB );Relatório;FATU86 – Emissão Rótulos ( AB ). Tipo: Relatório.
EPRO75;;Etiquetas Frigorífico;Programa;EPRO75 – Etiquetas Frigorífico. Tipo: Programa. Termos frequentes: etiqueta embalagem, nobre. Documentos: Etiquetas Frigorífico – EPRO75.
RECE52;;Relatório;Relatório;RECE52 – Relatório. Tipo: Relatório.
CEXC9;;Relatório de Reetiquetamento;Programa;CEXC9 – Relatório de Reetiquetamento. Tipo: Programa.
CFAB170;;Analise de Compras Matéria-Prima Couro / Fornecedor;Relatório;CFAB170 – Analise de Compras Matéria-Prima Couro / Fornecedor. Tipo: Relatório.
CPRO8;;Relatório Análise ABC de Eventos;Programa;"CPRO8 – Relatório Análise ABC de Eventos. Tipo: Programa. Variações no menu: Relatório Análise ABC de Eventos 64Bits; Relatório Análise ABC de Eventos (Crisitano); Relatório Análise ABC de Eventos - Painel de Abate."
CPRO6;;Relatório Análise de Eventos;Relatório;CPRO6 – Relatório Análise de Eventos. Tipo: Relatório.
PEDI13;;Transferência de Reserva;Programa;PEDI13 – Transferência de Reserva. Tipo: Programa.
PEDI50;;Emissão de Etiqueta Avulsa por Produto - OPN;Programa;PEDI50 – Emissão de Etiqueta Avulsa por Produto - OPN. Tipo: Programa. Documentos: Emissão de Etiqueta Avulsa por Produto – OPN - PEDI50.
PEDI51;;Etiqueta Avulsa por Produto - OPN;Relatório;PEDI51 – Etiqueta Avulsa por Produto - OPN. Tipo: Relatório.
PEDI63;;Emissão de Etiqueta Guante;Relatório;PEDI63 – Emissão de Etiqueta Guante. Tipo: Relatório.
PEDI141;;Pedido de Venda;Relatório;PEDI141 – Pedido de Venda. Tipo: Relatório.
PEDI143;;Emissão de Etiqueta - Sunset;Relatório;PEDI143 – Emissão de Etiqueta - Sunset. Tipo: Relatório.
PEDI153;;Emissão de Etiqueta Guante;Relatório;PEDI153 – Emissão de Etiqueta Guante. Tipo: Relatório.
PEDI74;;;;PEDI74.
PEDI82;;Emissão de Etiqueta;Relatório;"PEDI82 – Emissão de Etiqueta. Tipo: Relatório. Variações no menu: Emissão de Etiqueta Guante; Emissão de Etiqueta Wishin."
PEDI43;;Gera Pedido de Venda - EDI Padrão VALE;Programa;PEDI43 – Gera Pedido de Venda - EDI Padrão VALE. Tipo: Programa.
PEDI76;;Configuração de Parâmetros de Importação de Pedidos (Diversas Marcas) validar lista de preço;Programa;PEDI76 – Configuração de Parâmetros de Importação de Pedidos (Diversas Marcas) validar lista de preço. Tipo: Programa.
PEDI114;;Cancelamento de Entrega Pedido;Relatório;PEDI114 – Cancelamento de Entrega Pedido. Tipo: Relatório.
VEND81;;Classe Regra Comissão;Programa;VEND81 – Classe Regra Comissão. Tipo: Programa.
ADMI14;;Regiões;Programa;ADMI14 – Regiões. Tipo: Programa.
CEXC1001;;Movimentações da Interface;Programa;"CEXC1001 – Movimentações da Interface. Tipo: Programa. Variações no menu: Movimentações da Interface - MIGRAÇÃO; Movimentações da Interface - NEGOTTI; Movimentações da Interface - MALU."
PEDI53;;Status de Entrega;Programa;PEDI53 – Status de Entrega. Tipo: Programa. Documentos: Status de Entrega – PEDI53.
PEDI67;;Relatório Acompanhamento Estoque Futuro;Programa;PEDI67 – Relatório Acompanhamento Estoque Futuro. Tipo: Programa. Documentos: Relatório Acompanhamento Estoque Futuro – PEDI67.
VEND130;;Relatório de Pedidos e Posição de Embarques;Programa;VEND130 – Relatório de Pedidos e Posição de Embarques. Tipo: Programa. Documentos: Relatório de Pedidos e Posição de Embarques – VEND130.
PEDI61;;Relatório Pedidos para Encaixotamento p/ O.F. - Gass;Relatório;PEDI61 – Relatório Pedidos para Encaixotamento p/ O.F. - Gass. Tipo: Relatório.
PEDI33;;Relatório Pedidos por Grade (Produto);Relatório;PEDI33 – Relatório Pedidos por Grade (Produto). Tipo: Relatório.
PEDI32;;Relatório Pedidos por Grade (Pedido);Relatório;PEDI32 – Relatório Pedidos por Grade (Pedido). Tipo: Relatório.
PEDI140;;Relatório Pedidos Prontos para Faturar;Relatório;PEDI140 – Relatório Pedidos Prontos para Faturar. Tipo: Relatório.
VEND104;;Relatório Resumo Vendas e Estoque;Relatório;VEND104 – Relatório Resumo Vendas e Estoque. Tipo: Relatório.
ADMI45;;Configurador de Campos Ficha Técnica - IVendre;Programa;ADMI45 – Configurador de Campos Ficha Técnica - IVendre. Tipo: Programa.
CPRO16;;Plano de Inspeção;Programa;CPRO16 – Plano de Inspeção. Tipo: Programa.
ADMI1255;;;;ADMI1255.
PREC24;;Lançamento Recurso;Programa;"PREC24 – Lançamento Recurso. Tipo: Programa. Variações no menu: Lançamento Recurso Efetivo; Lançamento Recurso Previsto."
PREC10;;Tipo de Eventos;Programa;PREC10 – Tipo de Eventos. Tipo: Programa.
VEND25;;Combo de Venda;Programa;VEND25 – Combo de Venda. Tipo: Programa. Documentos: Combo de Venda - VEND25.
ADMI235;;Cadastro de Comissões;Programa;ADMI235 – Cadastro de Comissões. Tipo: Programa. Variações no menu: Comissões.
VEND38;;Regras;Programa;"VEND38 – Regras. Tipo: Programa. Variações no menu: Regras Precificação; Regras de Precificação."
VEND89;;Planejamento de Vendas;Programa;VEND89 – Planejamento de Vendas. Tipo: Programa.
VEND59;;Ranking de Vendas;Programa;VEND59 – Ranking de Vendas. Tipo: Programa. Documentos: Ranking de Vendas – VEND59.
VEND128;;Ajuste Lista de Preço;Programa;VEND128 – Ajuste Lista de Preço. Tipo: Programa. Termos frequentes: reajuste. Documentos: Reajuste Lista de Preço – Detalhado - VEND128.
COMP8;;Posição de Entregas;Relatório;COMP8 – Posição de Entregas. Tipo: Relatório.
COMP74;;Envio de E-mail de Pedidos de Compras;Programa;COMP74 – Envio de E-mail de Pedidos de Compras. Tipo: Programa. Documentos: Envio de E-mail de Pedidos de Compras – COMP74.
COMP76;;COMP76 TESTE;Relatório;"COMP76 – COMP76 TESTE. Tipo: Relatório. Variações no menu: Relatório Orçamento; COMP76 TST; COMP76."
COMP45;;Cancelamento Saldo Solicitações de Pedidos;Programa;COMP45 – Cancelamento Saldo Solicitações de Pedidos. Tipo: Programa.
COMP71;;Relatório Plano de Necessidades de Compras por Plano de Produção;Relatório;COMP71 – Relatório Plano de Necessidades de Compras por Plano de Produção. Tipo: Relatório. Variações no menu: Relatório Plano de Necessidades de Compras por Plano de Produção - MCM.
TERC7;;Posição Remessa para Industrialização (Saldo);Relatório;"TERC7 – Posição Remessa para Industrialização (Saldo). Tipo: Relatório. Variações no menu: Posição Remessa/Retorno CADEIN; Posição Remessa/Retorno Imagem CADEIN; Posição Remessa para Industrialização."
TERC6;;Posição Remessa para Industrialização;Relatório;"TERC6 – Posição Remessa para Industrialização. Tipo: Relatório. Variações no menu: Posição Remessa para Industrialização (Saldo); Posição Remessa/Retorno CADEIN; Posição Remessa/Retorno Imagem CADEIN."
ADMI266;;Importação NCM;Programa;ADMI266 – Importação NCM. Tipo: Programa. Documentos: Importação NCM – ADMI266.
ADMI162;;Serviço Inspeção;Programa;ADMI162 – Serviço Inspeção. Tipo: Programa.
ADMI120;;Log por Transportadoras;Programa;ADMI120 – Log por Transportadoras. Tipo: Programa.
ADMI21;;Moedas;Programa;ADMI21 – Moedas. Tipo: Programa.
PREC22;;Aplicação/Restrição;Programa;PREC22 – Aplicação/Restrição. Tipo: Programa. Documentos: Aplicação_Restrição – PREC22.
PREC1;;Turnos;Programa;PREC1 – Turnos. Tipo: Programa.
EPRO015;;;;EPRO015.
CPRO9;;Relatório Análise ABC de Eventos;Relatório;CPRO9 – Relatório Análise ABC de Eventos. Tipo: Relatório.
CPRO21;;Lançamentos Resumidos;Programa;CPRO21 – Lançamentos Resumidos. Tipo: Programa. Documentos: Lançamentos Resumidos – CPRO21.
MIND19;;Vínculo Origem/Operação - Faturamento/Recebimento;Programa;MIND19 – Vínculo Origem/Operação - Faturamento/Recebimento. Tipo: Programa. Documentos: Vínculo Origem_Operação - MIND19.
MIND21;;Relatório Controle Locação;Relatório;MIND21 – Relatório Controle Locação. Tipo: Relatório.
MIND12;;Relatório Localização Máquinas/Acessórios;Programa;MIND12 – Relatório Localização Máquinas/Acessórios. Tipo: Programa.
MIND02;;;;MIND02.
ADMI31;;Termos Internacionais de Comércio;Programa;ADMI31 – Termos Internacionais de Comércio. Tipo: Programa.
CUST21;;Previsão de Resultado;Programa;CUST21 – Previsão de Resultado. Tipo: Programa. Termos frequentes: previsão de resultados. Documentos: Previsão de Resultado – CUST21.
CUST25;;Custeio Integrado;Programa;CUST25 – Custeio Integrado. Tipo: Programa. Documentos: Relatório Custeio Integrado - CUST25.
CLAB7;;Tipos de Análises;Programa;CLAB7 – Tipos de Análises. Tipo: Programa.
ADMI73;;Controle de Patch;Programa;ADMI73 – Controle de Patch. Tipo: Programa.
ESTO166;;Relatório Posição Estoque de Materiais em Produtos em Fabricação e Prontos.;Programa;ESTO166 – Relatório Posição Estoque de Materiais em Produtos em Fabricação e Prontos.. Tipo: Programa.
FATU81;;Consulta e Cancelamento do MDF-e;Programa;FATU81 – Consulta e Cancelamento do MDF-e. Tipo: Programa.
CREC90;;Geração Nota de Renegociação;Programa;CREC90 – Geração Nota de Renegociação. Tipo: Programa.
CREC32;;Transformação de Documentos;Programa;CREC32 – Transformação de Documentos. Tipo: Programa.
CFAB190;;;;CFAB190.
FATU11;;Relatório Imposto;Relatório;FATU11 – Relatório Imposto. Tipo: Relatório.
CONT53;;Relatório Estruturação Contábil;Programa;CONT53 – Relatório Estruturação Contábil. Tipo: Programa.
ESTO68;;Relatório de Produtos em Fabricação por Modelo;Relatório;ESTO68 – Relatório de Produtos em Fabricação por Modelo. Tipo: Relatório.
CONT18;;Balancete Movimento Mensal;Relatório;CONT18 – Balancete Movimento Mensal. Tipo: Relatório.
CONT54;;Relatório Estruturação Contábil;Relatório;CONT54 – Relatório Estruturação Contábil. Tipo: Relatório.
CEXC19;;Relatório de Pedidos a Produzir;Programa;CEXC19 – Relatório de Pedidos a Produzir. Tipo: Programa.
ADMI206;;Recálculo Conhecimento de Frete;Programa;ADMI206 – Recálculo Conhecimento de Frete. Tipo: Programa.
ADMI103;;Transportadoras;Programa;ADMI103 – Transportadoras. Tipo: Programa.
ADMI68;;Manutanção Base de Dados Leti;Programa;ADMI68 – Manutanção Base de Dados Leti. Tipo: Programa. Variações no menu: Manutenção Base de Dados.
FATU184;;Relatório Controle de Saldo Industrialização Empenhado por Remetente;Programa;FATU184 – Relatório Controle de Saldo Industrialização Empenhado por Remetente. Tipo: Programa.
FATU190;;Gera Arquivo Agregar RS;Programa;FATU190 – Gera Arquivo Agregar RS. Tipo: Programa.
ADMI100;;Importação Dados de Notas Fiscais - NOTFIS;Programa;ADMI100 – Importação Dados de Notas Fiscais - NOTFIS. Tipo: Programa.
CPAG4;;Operações contas a;Programa;"CPAG4 – Operações contas a. Tipo: Programa. Variações no menu: Operações contas a receber; Operações contas a pagar; Operações."
RHUM4;;Responsável pela Monitoração Biológica;Programa;RHUM4 – Responsável pela Monitoração Biológica. Tipo: Programa.
LFIS124;;Tabela de Informações Adicionais da Apuração - E115;Programa;LFIS124 – Tabela de Informações Adicionais da Apuração - E115. Tipo: Programa.
RHUM6;;Atividades;Programa;RHUM6 – Atividades. Tipo: Programa.
RHUM7;;Cargos;Programa;RHUM7 – Cargos. Tipo: Programa.
FPAG8;;Exames de Saúde;Programa;FPAG8 – Exames de Saúde. Tipo: Programa.
FPAG1;;Vale Transporte;Programa;FPAG1 – Vale Transporte. Tipo: Programa.
CONT3;;Registros Contábeis;Programa;CONT3 – Registros Contábeis. Tipo: Programa.
ADMI2322;;;;ADMI2322.
ADMI75;;Ocorrências/Pendências;Relatório;ADMI75 – Ocorrências/Pendências. Tipo: Relatório.
ADMI74;;Ocorrências/Pendências;Programa;ADMI74 – Ocorrências/Pendências. Tipo: Programa.
CONT50;;Geração SPED - ECD (Escrituração Contábil Digital);Programa;CONT50 – Geração SPED - ECD (Escrituração Contábil Digital). Tipo: Programa.
LFIS72;;Geração SPED - EFD Contribuições (PIS/Cofins);Programa;LFIS72 – Geração SPED - EFD Contribuições (PIS/Cofins). Tipo: Programa.
ADMI130;;Classe de Representantes;Programa;ADMI130 – Classe de Representantes. Tipo: Programa.
EPRO96;;Informações Técnicas;Programa;EPRO96 – Informações Técnicas. Tipo: Programa.
EPRO98;;Ocasiões de Uso;Programa;EPRO98 – Ocasiões de Uso. Tipo: Programa.
EPRO97;;Informações Comerciais;Programa;EPRO97 – Informações Comerciais. Tipo: Programa.
ADMI112;;Log de Erros - Importação NEGOTTI;Relatório;ADMI112 – Log de Erros - Importação NEGOTTI. Tipo: Relatório. Variações no menu: Importação de Arquivo Controle Rotativo Inventário.
CFAB6;;Resumo Produção Recurso;Relatório;CFAB6 – Resumo Produção Recurso. Tipo: Relatório. Variações no menu: Resumo Produção Recurso - Com Grade.
CFAB184;;Relatório;Relatório;CFAB184 – Relatório. Tipo: Relatório.
CFAB100;;Plano de Corte - INOPROD;Programa;CFAB100 – Plano de Corte - INOPROD. Tipo: Programa.
CFAB161;;Etiqueta Apontamento Metrixer;Relatório;CFAB161 – Etiqueta Apontamento Metrixer. Tipo: Relatório.
EPRO42;;Alteração Lista Material de Produtos;Relatório;EPRO42 – Alteração Lista Material de Produtos. Tipo: Relatório.
EPRO41;;Relatório de Produtos;Relatório;EPRO41 – Relatório de Produtos. Tipo: Relatório.
ESTO87;;Relatório Análise de Rendimentos;Programa;ESTO87 – Relatório Análise de Rendimentos. Tipo: Programa. Variações no menu: Relatório Análise de Rendimentos - 64 bits.
FATU03;;;;FATU03.
CEXC1078;;Faixa de Rendimento;Programa;CEXC1078 – Faixa de Rendimento. Tipo: Programa.
CEXC1079;;Relatório Controle Geral de Rendimentos;Programa;CEXC1079 – Relatório Controle Geral de Rendimentos. Tipo: Programa.
CFAB06;;;;CFAB06.
EPRO134;;;;EPRO134.
CLAB20;;Relatório Consulta de Amostra (PEDIDO);Relatório;CLAB20 – Relatório Consulta de Amostra (PEDIDO). Tipo: Relatório.
CFAB60;;Procedências;Programa;CFAB60 – Procedências. Tipo: Programa.
CFAB15;;Estorno Apontamento de Ordens de Fabricação;Programa;CFAB15 – Estorno Apontamento de Ordens de Fabricação. Tipo: Programa.
CEXT8;;Local de Embarque/Desembarque;Programa;CEXT8 – Local de Embarque/Desembarque. Tipo: Programa.
ESTO106;;Ajuste Transito;Programa;ESTO106 – Ajuste Transito. Tipo: Programa. Documentos: Ajuste Transito – ESTO106.
CEXC1108;;Relatório;Relatório;CEXC1108 – Relatório. Tipo: Relatório.
CEXC1095;;Relatório;Programa;"CEXC1095 – Relatório. Tipo: Programa. Variações no menu: Relatório Demonstrativo de Comissões; Relatório Requisições - NF Fatura Exportação."
CUST18;;Conciliação de Estoque com Custeio Integrado;Programa;CUST18 – Conciliação de Estoque com Custeio Integrado. Tipo: Programa.
ESTO70;;Relatório Unidade Armazenamento;Relatório;ESTO70 – Relatório Unidade Armazenamento. Tipo: Relatório.
ESTO58;;Relatório Revisão;Programa;"ESTO58 – Relatório Revisão. Tipo: Programa. Variações no menu: Relatório Revisão Produto Inventariado - CRI; Relatório Revisão Inventário - CRI."
EPRO24;;Estrutura do Produto;Relatório;EPRO24 – Estrutura do Produto. Tipo: Relatório.
CEXC1085;;Importar Apontamentos - CRI;Programa;"CEXC1085 – Importar Apontamentos - CRI. Tipo: Programa. Variações no menu: Importação de Arquivo Controle Rotativo Inventário; Importa Arquivo CRI."
EPRO4;;Largura;Programa;EPRO4 – Largura. Tipo: Programa.
CFAB49;;Consulta Custeio Ordem de Fabricação;Programa;CFAB49 – Consulta Custeio Ordem de Fabricação. Tipo: Programa. Variações no menu: Consulta Custeio. Documentos: Custeio - Consulta Custeio - CFAB49.
CFAB37;;Consulta Custeio - Detalhes - CAFB37;Programa;CFAB37 – Consulta Custeio - Detalhes - CAFB37. Tipo: Programa.
CONT24;;Livro Razão;Relatório;CONT24 – Livro Razão. Tipo: Relatório.
CONT23;;Livro Razão;Programa;CONT23 – Livro Razão. Tipo: Programa.
CONT37;;Classe de Custos;Programa;CONT37 – Classe de Custos. Tipo: Programa.
CONT38;;Método Distribuição/Rateio;Programa;CONT38 – Método Distribuição/Rateio. Tipo: Programa.
CONT6;;Plano de Contas;Programa;CONT6 – Plano de Contas. Tipo: Programa. Variações no menu: Plano de Contas - Flexfields.
CONT52;;Estruturação;Programa;"CONT52 – Estruturação. Tipo: Programa. Variações no menu: Estruturação Relatórios Contábeis; Estruturação de Relatórios por Conta Orçamentária."
CONT39;;Classe de Custos por Plano de Contas Mestre;Programa;CONT39 – Classe de Custos por Plano de Contas Mestre. Tipo: Programa.
ESTO111;;Relatório Emissão de Lote;Relatório;ESTO111 – Relatório Emissão de Lote. Tipo: Relatório. Variações no menu: Emissão de Lote.
ESTO28;;Emissão de Requisições - Matricial;Relatório;ESTO28 – Emissão de Requisições - Matricial. Tipo: Relatório.
ESTO041;;;;ESTO041.
ESTO46;;Relatório de Produtos em Fabricação;Relatório;ESTO46 – Relatório de Produtos em Fabricação. Tipo: Relatório.
ESTO29;;Emissão de Requisições - Gráfico;Relatório;ESTO29 – Emissão de Requisições - Gráfico. Tipo: Relatório.
ADMI29;;Unidade de Negócio;Programa;ADMI29 – Unidade de Negócio. Tipo: Programa.
ESTO150;;Plano Abastecimento Materiais - Lançamento de Requisição;Relatório;ESTO150 – Plano Abastecimento Materiais - Lançamento de Requisição. Tipo: Relatório. Variações no menu: Plano Abastecimento Materiais - Requisição.
CEXC1022;;Relatório Posição de;Programa;"CEXC1022 – Relatório Posição de. Tipo: Programa. Variações no menu: Relatório Posição de Pedidos; Relatório Posição de Pedido para Embarque."
RECE27;;;;RECE27.
RECE10;;;;RECE10.
FATU39;;Gera Notas Fiscais de Crédito;Programa;FATU39 – Gera Notas Fiscais de Crédito. Tipo: Programa.
FATU117;;Relatório de Ocorrências de Faturamento;Relatório;FATU117 – Relatório de Ocorrências de Faturamento. Tipo: Relatório. Variações no menu: Log de estoque.
ADMI11;;Unidade Federativa;Programa;ADMI11 – Unidade Federativa. Tipo: Programa.
ADMI12;;País;Programa;ADMI12 – País. Tipo: Programa.
RECE23;;Consulta Notas Fiscais Sem Chave;Programa;RECE23 – Consulta Notas Fiscais Sem Chave. Tipo: Programa.
CONT10;;Configuração Origem Contas Contábeis;Programa;CONT10 – Configuração Origem Contas Contábeis. Tipo: Programa.
FATU72;;Relatório Nota de Devolução - Matricial;Relatório;FATU72 – Relatório Nota de Devolução - Matricial. Tipo: Relatório. Variações no menu: Controle de Carga por Romaneio/NF Saída.
ADMI166;;Cria Sinônimos;Programa;ADMI166 – Cria Sinônimos. Tipo: Programa.
ADMI142;;Configuração Caracteres Especiais;Programa;ADMI142 – Configuração Caracteres Especiais. Tipo: Programa.
FATU23;;Gera Notas Fiscais Conta e Ordem Triangular;Programa;FATU23 – Gera Notas Fiscais Conta e Ordem Triangular. Tipo: Programa.
FATU255;;;;FATU255.
FATU161;;Relatório Notas Fiscais Matricial - Tecnocalza;Relatório;FATU161 – Relatório Notas Fiscais Matricial - Tecnocalza. Tipo: Relatório.
ESTO84;;Solicitantes;Programa;ESTO84 – Solicitantes. Tipo: Programa.
ESTO127;;Relatório Análise Consumo Previsto x Realizado (Produto/Solicitante);Relatório;ESTO127 – Relatório Análise Consumo Previsto x Realizado (Produto/Solicitante). Tipo: Relatório.
ESTO50;;Relatório Análise Estoque - ESTO50;Relatório;ESTO50 – Relatório Análise Estoque - ESTO50. Tipo: Relatório. Variações no menu: Relatório Análise Estoque - ESTO50_POR_EMPRESA.
ESTO140;;Relatório de Acompanhamento de Estoque;Programa;ESTO140 – Relatório de Acompanhamento de Estoque. Tipo: Programa. Documentos: Relatório de Acompanhamento de Estoque – ESTO140.
CEXC31;;Relatório de Lançamentos;Programa;"CEXC31 – Relatório de Lançamentos. Tipo: Programa. Variações no menu: Relatório de Lançamentos - Kardex; Relatório de Lançamentos - Somente Depósito; Relatório Kardex - Nimo. Documentos: Relatório de Lançamentos – Kardex - CEXC31."
ESTO152;;Relatório Lançamentos por Produto;Relatório;ESTO152 – Relatório Lançamentos por Produto. Tipo: Relatório.
ESTO114;;Relatório Plano Abastecimento Materiais;Relatório;ESTO114 – Relatório Plano Abastecimento Materiais. Tipo: Relatório.
ESTO53;;Relatório Posição de Estoque por SKU/Lote;Relatório;ESTO53 – Relatório Posição de Estoque por SKU/Lote. Tipo: Relatório.
ESTO153;;Relatório Posição Estoque sem Reserva;Relatório;ESTO153 – Relatório Posição Estoque sem Reserva. Tipo: Relatório.
ESTO145;;Relatório Posição Estoque;Relatório;ESTO145 – Relatório Posição Estoque. Tipo: Relatório.
LFIS85;;Relatório Vendas por NCM;Programa;LFIS85 – Relatório Vendas por NCM. Tipo: Programa.
ESTO74;;Relatório Posição Estoque Comparativo;Programa;ESTO74 – Relatório Posição Estoque Comparativo. Tipo: Programa.
ESTO75;;Relatório Posição Estoque Comparativo;Relatório;ESTO75 – Relatório Posição Estoque Comparativo. Tipo: Relatório.
ESTO55;;Relatório Posição de Estoque por SKU/Lote;Relatório;ESTO55 – Relatório Posição de Estoque por SKU/Lote. Tipo: Relatório.
RECE36;;Recebimento de Retornos de Empresas do Mesmo Grupo;Programa;RECE36 – Recebimento de Retornos de Empresas do Mesmo Grupo. Tipo: Programa.
FATU103;;Retornos de Remessa Industrialização de Empresas do Mesmo Grupo;Programa;FATU103 – Retornos de Remessa Industrialização de Empresas do Mesmo Grupo. Tipo: Programa.
CEXC63;;Solicitação de Necessidade de Materiais sem Plano Produção;Programa;CEXC63 – Solicitação de Necessidade de Materiais sem Plano Produção. Tipo: Programa.
ESTO147;;Relatório Transferência entre Localizações - Múltiplos Produtos;Programa;ESTO147 – Relatório Transferência entre Localizações - Múltiplos Produtos. Tipo: Programa.
PEDI38;;Relatório Notas Fiscais Matricial;Relatório;PEDI38 – Relatório Notas Fiscais Matricial. Tipo: Relatório.
FATU97;;Aluguel de Produtos;Programa;FATU97 – Aluguel de Produtos. Tipo: Programa.
FATU57;;Consulta Notas Fiscais (Padrão Atelier =;Programa;"FATU57 – Consulta Notas Fiscais (Padrão Atelier =. Tipo: Programa. Variações no menu: Consulta Notas Fiscais (Padrão Atelier = 'S'); Consulta Notas Fiscais (Padrão Atelier = 'N'); Consulta Notas Fiscais de Saida - Padrão Atelier; Consulta Notas Fiscais de Entrada. Documentos: Consulta Notas Fiscais – FATU57."
FATU60;;Relatório;Relatório;FATU60 – Relatório. Tipo: Relatório.
RECE44;;Controle para retorno Atelier;Relatório;RECE44 – Controle para retorno Atelier. Tipo: Relatório.
FATU53;;Relatório Notas Fiscas Empréstimo;Programa;FATU53 – Relatório Notas Fiscas Empréstimo. Tipo: Programa.
FATU0;;;;FATU0.
VEND129;;Relatório de pedidos da nota fiscal;Relatório;VEND129 – Relatório de pedidos da nota fiscal. Tipo: Relatório.
ESTO34;;Emissão Picking;Relatório;ESTO34 – Emissão Picking. Tipo: Relatório.
CEXC1029;;Liberação Pedidos Faturamento;Programa;CEXC1029 – Liberação Pedidos Faturamento. Tipo: Programa.
CEXC1028;;Categoria Pedido;Programa;CEXC1028 – Categoria Pedido. Tipo: Programa.
ADMI54;;Configuração;Programa;ADMI54 – Configuração. Tipo: Programa.
FATU19;;Emissão Notas Fiscais;Programa;FATU19 – Emissão Notas Fiscais. Tipo: Programa.
FATU58;;Relatório de Carta de Correção;Relatório;FATU58 – Relatório de Carta de Correção. Tipo: Relatório. Variações no menu: Relatório de carta de correção (PDF)..
ADMI72;;Regras Tributação Retenção;Programa;ADMI72 – Regras Tributação Retenção. Tipo: Programa.
FATU62;;Monitor Notas Fiscais de Serviço Eletrônicas;Programa;FATU62 – Monitor Notas Fiscais de Serviço Eletrônicas. Tipo: Programa. Variações no menu: FATU62 - Monitor de Nota de Serviço.
CPAG2;;Modalidades;Programa;CPAG2 – Modalidades. Tipo: Programa.
CEXC5;;Relatório de Pedidos Revisados;Relatório;CEXC5 – Relatório de Pedidos Revisados. Tipo: Relatório.
FATU8;;Relatório Notas Fiscais;Relatório;FATU8 – Relatório Notas Fiscais. Tipo: Relatório.
CEXC7;;Romaneio por Pedido;Relatório;CEXC7 – Romaneio por Pedido. Tipo: Relatório.
FATU42;;Romaneio Transferência - c/ Integração WMS;Programa;FATU42 – Romaneio Transferência - c/ Integração WMS. Tipo: Programa.
FATU70;;Romaneio;Relatório;FATU70 – Romaneio. Tipo: Relatório.
FATU68;;Romaneio;Programa;FATU68 – Romaneio. Tipo: Programa.
COMP44;;Relatório Posição de Entregas e Remessas;Relatório;COMP44 – Relatório Posição de Entregas e Remessas. Tipo: Relatório.
FATU54;;Relatório Notas Fiscais Empréstimo;Relatório;FATU54 – Relatório Notas Fiscais Empréstimo. Tipo: Relatório.
MPSP1845;;;;MPSP1845.
MPSP6;;Relatório Programação Prevista X Realizada;Programa;MPSP6 – Relatório Programação Prevista X Realizada. Tipo: Programa. Variações no menu: Relatório Programação Prevista X Realizada (MPSP82).
MPSP7;;Programação Prevista X Realizada;Relatório;MPSP7 – Programação Prevista X Realizada. Tipo: Relatório.
MPSP13;;Plano Mestre de Produção Detalhado;Relatório;MPSP13 – Plano Mestre de Produção Detalhado. Tipo: Relatório.
PREC0;;;;PREC0.
CFAB168;;Gerador de Planos - Aniger TESTE;Programa;"CFAB168 – Gerador de Planos - Aniger TESTE. Tipo: Programa. Variações no menu: Gerador de Planos - Aniger TESTE ROBERTO; Gerador de Planos - Aniger; Gerador de Planos - Aniger TESTE MARCIO."
CFAB165;;Emissão;Relatório;"CFAB165 – Emissão. Tipo: Relatório. Variações no menu: Emissão Ordem de Fabricação; Emissão Cartão Componente."
EPRO315;;;;EPRO315.
VEND078;;;;VEND078.
CFAB146;;Emissão Lote - Vedder;Relatório;CFAB146 – Emissão Lote - Vedder. Tipo: Relatório.
CFAB174;;emissão lote;Relatório;CFAB174 – emissão lote. Tipo: Relatório.
CFAB139;;Emissão Ordem de Fabricação;Relatório;CFAB139 – Emissão Ordem de Fabricação. Tipo: Relatório. Variações no menu: 10 OF CFAB139.
CEXC87;;Emissão Ordem de Fabricação;Relatório;CEXC87 – Emissão Ordem de Fabricação. Tipo: Relatório.
CEXC86;;Emissão Ordem de Fabricação;Programa;CEXC86 – Emissão Ordem de Fabricação. Tipo: Programa.
CFAB157;;Emissão Ordem de Fabricação 1 Processo;Relatório;CFAB157 – Emissão Ordem de Fabricação 1 Processo. Tipo: Relatório.
CFAB156;;Emissão Ordem de Fabricação - 48041;Programa;CFAB156 – Emissão Ordem de Fabricação - 48041. Tipo: Programa.
CFAB148;;Emissão Talão Terra e Água;Relatório;CFAB148 – Emissão Talão Terra e Água. Tipo: Relatório.
CFAB177;;Emissão Talão;Relatório;CFAB177 – Emissão Talão. Tipo: Relatório.
CFAB189;;Emissão de Talão;Relatório;CFAB189 – Emissão de Talão. Tipo: Relatório.
CFAB179;;Novo - Emissão Lote - VPS;Relatório;CFAB179 – Novo - Emissão Lote - VPS. Tipo: Relatório.
CFAB175;;Talão auxiliar;Relatório;CFAB175 – Talão auxiliar. Tipo: Relatório. Variações no menu: Emissão talão.
CFAB27;;Relatório Emissão Talão Auxiliar;Relatório;CFAB27 – Relatório Emissão Talão Auxiliar. Tipo: Relatório. Variações no menu: Emissão talão.
EPRO160;;;;EPRO160.
ADMI178;;Regra Tributação IBS/CBS Entes Governamentais;Programa;ADMI178 – Regra Tributação IBS/CBS Entes Governamentais. Tipo: Programa.
PEDI87;;Importação de Talonamento;Programa;PEDI87 – Importação de Talonamento. Tipo: Programa. Documentos: Importação de Talonamento – PEDI87.
FATU142;;Etiqueta;Relatório;FATU142 – Etiqueta. Tipo: Relatório. Variações no menu: Talão Beira Rio.
FATU133;;Talão Beira Rio;Relatório;FATU133 – Talão Beira Rio. Tipo: Relatório.
CFAB108;;;;CFAB108.
EPRO106;;Status Amostra;Programa;EPRO106 – Status Amostra. Tipo: Programa.
CFAB113;;;;CFAB113.
PEDI34;;Relatório Disponibilidade Pedido Lote Estoque (Rótulo UM Diversas);Programa;PEDI34 – Relatório Disponibilidade Pedido Lote Estoque (Rótulo UM Diversas). Tipo: Programa.
PEDI35;;Relatório Disponibilidade Pedido Lote Estoque (Rótulo UM Diversas);Relatório;PEDI35 – Relatório Disponibilidade Pedido Lote Estoque (Rótulo UM Diversas). Tipo: Relatório.
CFAB119;;Produção/Faturamento de Pedidos;Relatório;CFAB119 – Produção/Faturamento de Pedidos. Tipo: Relatório.
CFAB99;;Relatório de Produção, Estoque Intermediário e Faturamento;Relatório;CFAB99 – Relatório de Produção, Estoque Intermediário e Faturamento. Tipo: Relatório.
CFAB08;;;;CFAB08.
MPSP59;;Relatório de Programação de Entregas por Setor - Analítico;Relatório;MPSP59 – Relatório de Programação de Entregas por Setor - Analítico. Tipo: Relatório.
MPSP60;;Relatório de Programação de Produção Máquina - Analítico;Relatório;MPSP60 – Relatório de Programação de Produção Máquina - Analítico. Tipo: Relatório.
EPRO112;;Estrutura do Produto EPRO112;Relatório;EPRO112 – Estrutura do Produto EPRO112. Tipo: Relatório.
EPRO113;;Estrutura de Produto EPRO113;Relatório;EPRO113 – Estrutura de Produto EPRO113. Tipo: Relatório.
MPSP56;;Relatório Pedidos Venda e LEs c/ dados de Abastecimento, Produção e Faturamento;Relatório;MPSP56 – Relatório Pedidos Venda e LEs c/ dados de Abastecimento, Produção e Faturamento. Tipo: Relatório.
CEXC85;;Plano Mestre de Produção;Relatório;CEXC85 – Plano Mestre de Produção. Tipo: Relatório.
CEXC90;;Plano Mestre de Produção;Relatório;CEXC90 – Plano Mestre de Produção. Tipo: Relatório.
MPSP68;;Relatório Plano Mestre de Produção com Posição Abastecimento;Relatório;MPSP68 – Relatório Plano Mestre de Produção com Posição Abastecimento. Tipo: Relatório.
MPSP71;;Plano Mestre de Produção por Modelo - Recurso (NOVO) - Todas as Datas;Relatório;MPSP71 – Plano Mestre de Produção por Modelo - Recurso (NOVO) - Todas as Datas. Tipo: Relatório.
CFAB75;;Posição do Plano de Produção (Construção);Relatório;CFAB75 – Posição do Plano de Produção (Construção). Tipo: Relatório. Variações no menu: Posição do Plano de Produção (Plano/Construção).
CFAB73;;Relatório Produto por Plano/Construção/Modelo;Relatório;CFAB73 – Relatório Produto por Plano/Construção/Modelo. Tipo: Relatório.
CFAB72;;Relatório Produto por Plano/Construção;Relatório;CFAB72 – Relatório Produto por Plano/Construção. Tipo: Relatório.
CFAB143;;Resumo Produção - Gass;Relatório;CFAB143 – Resumo Produção - Gass. Tipo: Relatório.
MPSP28;;Plano Mestre de Produção por Modelo;Relatório;MPSP28 – Plano Mestre de Produção por Modelo. Tipo: Relatório.
CFAB3;;Consulta Produção;Programa;CFAB3 – Consulta Produção. Tipo: Programa.
MPSP32;;Plano Mestre de Produção;Relatório;MPSP32 – Plano Mestre de Produção. Tipo: Relatório. Variações no menu: Relatório Plano Mestre de Produção.
MPSP30;;Relatório Plano Mestre de Produção O.F. Modelo 1;Programa;MPSP30 – Relatório Plano Mestre de Produção O.F. Modelo 1. Tipo: Programa. Variações no menu: Relatório Plano Mestre de Produção O.F. Modelo 1 - MALU.
MPSP8;;Relatório Plano Mestre de Produção;Programa;"MPSP8 – Relatório Plano Mestre de Produção. Tipo: Programa. Variações no menu: Relatório Plano Mestre de Produção O.F. Modelo 2; Relatório Plano Mestre de Produção com Complemento."
MPSP47;;Restrições Planejamento;Programa;MPSP47 – Restrições Planejamento. Tipo: Programa. Documentos: Restrição Planejamento - MPSP47.
FATU129;;Liquidación Compra - PDS;Relatório;"FATU129 – Liquidación Compra - PDS. Tipo: Relatório. Variações no menu: Relatório Guia Remission; Emissão Rótulos."
FATU38;;Relatório Notas Fiscais Matricial;Relatório;FATU38 – Relatório Notas Fiscais Matricial. Tipo: Relatório. Variações no menu: Configuração Email para Importação de XML e Danfe.
FATU138;;Relatório Rótulos;Relatório;FATU138 – Relatório Rótulos. Tipo: Relatório. Variações no menu: FATU138 CRISTOFOLI.
CFAB31;;Emissão Talão;Relatório;"CFAB31 – Emissão Talão. Tipo: Relatório. Variações no menu: 1 CFAB31_CENTROPE (CÓDIGO BARRAS); 2 CFAB31_CV."
EPRO11;;Variação de Consumo;Programa;EPRO11 – Variação de Consumo. Tipo: Programa.
EPRO29;;Perdas;Programa;EPRO29 – Perdas. Tipo: Programa.
CEXC111;;Relatório Pedido Serviço;Relatório;CEXC111 – Relatório Pedido Serviço. Tipo: Relatório. Variações no menu: Emissão do Pedido de Serviço.
VEND29;;Relatório tst;Relatório;VEND29 – Relatório tst. Tipo: Relatório.
ESTO05;;;;ESTO05.
FATU175;;;;FATU175.
FATU83;;Relatório Liberação Pedidos Faturamento por Rota (Detalhado);Relatório;FATU83 – Relatório Liberação Pedidos Faturamento por Rota (Detalhado). Tipo: Relatório.
ESTO177;;;;ESTO177.
CPRO25;;Laudo;Relatório;CPRO25 – Laudo. Tipo: Relatório.
CUST5;;Regra Tributação IR;Programa;CUST5 – Regra Tributação IR. Tipo: Programa.
FVEN16;;;;FVEN16.
FVEN6;;Cálculo Preço de Venda - Relatório FVEN6 - VPS;Relatório;FVEN6 – Cálculo Preço de Venda - Relatório FVEN6 - VPS. Tipo: Relatório.
FVEN12;;Coleção FPV;Programa;FVEN12 – Coleção FPV. Tipo: Programa.
PEDI78;;Relatório;Relatório;PEDI78 – Relatório. Tipo: Relatório.
PEDI41;;Emissão de Etiqueta por Unidade de Produto;Programa;"PEDI41 – Emissão de Etiqueta por Unidade de Produto. Tipo: Programa. Variações no menu: Emissão de Etiqueta por Unidade de Produto LAYOUT_ETIQUETA=CARMIM_PDV; Emissão de Etiqueta por Unidade de Produto LAYOUT_ETIQUETA=CARMIM_CX_IND; Emissão de Etiqueta por Unidade de Produto LAYOUT_ETIQUETA=CARMIM_PRECO_FINAL; Emissão de Etiqueta por Unidade de Produto LAYOUT_ETIQUETA=CARMIM_STANDARD."
PEDI59;;Emissão Etiqueta Leal Calçados;Relatório;PEDI59 – Emissão Etiqueta Leal Calçados. Tipo: Relatório.
PEDI135;;Etiqueta PEGADA;Relatório;PEDI135 – Etiqueta PEGADA. Tipo: Relatório.
PEDI65;;Emissão de Etiquetas por Produto (Italianinho);Relatório;PEDI65 – Emissão de Etiquetas por Produto (Italianinho). Tipo: Relatório.
PEDI70;;Etiqueta PEGADA;Relatório;PEDI70 – Etiqueta PEGADA. Tipo: Relatório.
CPAG35;;Log Importação;Relatório;"CPAG35 – Log Importação. Tipo: Relatório. Variações no menu: Log Importação Pedidos de Venda - EDI; LOG Remessa Cobrança Escritural; Log Gera Notas Fiscais - EDI; Log de Importação do Controle de Acesso."
EPRO17;;Grade Fechada;Programa;EPRO17 – Grade Fechada. Tipo: Programa.
VEND102;;Configurador de Restrição de Vendas;Programa;VEND102 – Configurador de Restrição de Vendas. Tipo: Programa.
PEDI134;;Permissões para Manutenção de Pedidos;Programa;PEDI134 – Permissões para Manutenção de Pedidos. Tipo: Programa.
PEDI137;;;;PEDI137.
PEDI145;;Pedido de Venda;Relatório;PEDI145 – Pedido de Venda. Tipo: Relatório. Variações no menu: Pedido de Venda - Baena Mora.
CEXC1090;;Pedido de Venda;Relatório;CEXC1090 – Pedido de Venda. Tipo: Relatório.
VEND57;;Performance de Entregas;Programa;VEND57 – Performance de Entregas. Tipo: Programa.
PEDI36;;;;PEDI36.
PEDI37;;;;PEDI37.
PEDI56;;Relatório Pedido de Venda;Relatório;PEDI56 – Relatório Pedido de Venda. Tipo: Relatório. Variações no menu: Relatório Pedido de Venda - Moveleiro (Openfield).
CEXT81;;Invoice;Relatório;CEXT81 – Invoice. Tipo: Relatório. Variações no menu: Relatório Invoice.
CEXT82;;Pró Forma;Relatório;"CEXT82 – Pró Forma. Tipo: Relatório. Variações no menu: Packing List; Relatório Packing List; Processo Exportação - Packing List."
PEDI68;;Relatório Acompanhamento Estoque Futuro;Relatório;PEDI68 – Relatório Acompanhamento Estoque Futuro. Tipo: Relatório.
VEND131;;Relatório;Relatório;VEND131 – Relatório. Tipo: Relatório.
VEND106;;Relatório Metas - Previsto X Realizado (Calçadista);Excel;VEND106 – Relatório Metas - Previsto X Realizado (Calçadista). Tipo: Excel.
PEDI88;;Relatório Pedidos para Encaixotamento - PEGADA;Programa;PEDI88 – Relatório Pedidos para Encaixotamento - PEGADA. Tipo: Programa.
PEDI39;;Relatório Pedidos por Grade (Cliente);Relatório;PEDI39 – Relatório Pedidos por Grade (Cliente). Tipo: Relatório.
PEDI125;;Relatório Pedidos Prontos para Faturar (resumido);Relatório;PEDI125 – Relatório Pedidos Prontos para Faturar (resumido). Tipo: Relatório.
PEDI16;;Relatório Resumo Pedidos por Grade;Programa;PEDI16 – Relatório Resumo Pedidos por Grade. Tipo: Programa.
VEND124;;VEND124 TESTE;Relatório;VEND124 – VEND124 TESTE. Tipo: Relatório.
PEDI71;;Vínculo entre Pedidos;Programa;PEDI71 – Vínculo entre Pedidos. Tipo: Programa. Documentos: Vínculo entre Pedidos – PEDI71.
ADMI0260;;;;ADMI0260.
ADMI41;;Vendedores;Programa;ADMI41 – Vendedores. Tipo: Programa.
ADMI141;;Configuração PPR;Programa;ADMI141 – Configuração PPR. Tipo: Programa.
CPRO15;;Item de Inspeção;Programa;CPRO15 – Item de Inspeção. Tipo: Programa.
ADMI176;;Produtos Agregar;Programa;ADMI176 – Produtos Agregar. Tipo: Programa.
EPRO157;;;;EPRO157.
ESTO170;;;;ESTO170.
PEDI176;;;;PEDI176.
ADMI52;;Cadastro Usuários Recurso;Programa;ADMI52 – Cadastro Usuários Recurso. Tipo: Programa.
ADMI275;;Configuração Power BI;Programa;ADMI275 – Configuração Power BI. Tipo: Programa.
VEND19;;Análise de Vendas (ABC);Programa;VEND19 – Análise de Vendas (ABC). Tipo: Programa. Documentos: Análise ABC de Vendas – VEND19.
VEND116;;Análise de Vendas (ABC);Relatório;VEND116 – Análise de Vendas (ABC). Tipo: Relatório.
ADMI114;;Licenciador (Controle Royalties);Programa;ADMI114 – Licenciador (Controle Royalties). Tipo: Programa.
VEND82;;Consulta Situação Pedido;Programa;VEND82 – Consulta Situação Pedido. Tipo: Programa.
VEND33;;Copia Lista de Preço;Programa;VEND33 – Copia Lista de Preço. Tipo: Programa. Documentos: Copia Lista de Preço – VEND33.
VEND13;;Cotas de Vendas;Programa;"VEND13 – Cotas de Vendas. Tipo: Programa. Variações no menu: Cotas de Vendas (Representantes); Cotas de Vendas (Vendedores). Documentos: Cotas de Vendas – VEND13."
VEND235;;;;VEND235.
VEND90;;Planejamento de Vendas;Relatório;VEND90 – Planejamento de Vendas. Tipo: Relatório.
VEND34;;Reajuste Lista de Preço;Programa;VEND34 – Reajuste Lista de Preço. Tipo: Programa.
FATU139;;Relatório Previsão Faturamento;Programa;FATU139 – Relatório Previsão Faturamento. Tipo: Programa.
VEND111;;Relatório Planejamento Materiais Diário (NOVO) - Agrupa por Data;Relatório;VEND111 – Relatório Planejamento Materiais Diário (NOVO) - Agrupa por Data. Tipo: Relatório.
PEDI85;;Relatório Aptos a Faturar;Relatório;PEDI85 – Relatório Aptos a Faturar. Tipo: Relatório.
CEXC13;;Entrada de Drawback;Programa;CEXC13 – Entrada de Drawback. Tipo: Programa.
CEXC97;;;;CEXC97.
COMP60;;Cadastro de Alçadas;Programa;COMP60 – Cadastro de Alçadas. Tipo: Programa.
COMP51;;Grupo de Cotações;Programa;COMP51 – Grupo de Cotações. Tipo: Programa.
ADMI67;;Regras Tributação PIS/COFINS;Programa;ADMI67 – Regras Tributação PIS/COFINS. Tipo: Programa.
COMP40;;Orçamento de Compras por Plano de;Programa;"COMP40 – Orçamento de Compras por Plano de. Tipo: Programa. Variações no menu: Orçamento de Compras por Plano de Produção; Orçamento de Compras por Plano de - 64B. Documentos: Orçamento de Compras por Plano de Produção – COMP40."
COMP64;;;;COMP64.
COMP67;;;;COMP67.
COMP68;;;;COMP68.
COMP66;;Pedidos de Compra - Companhia Exportação;Relatório;COMP66 – Pedidos de Compra - Companhia Exportação. Tipo: Relatório.
COMP42;;Gera Nota Fiscal Remessa Beneficiamento;Programa;COMP42 – Gera Nota Fiscal Remessa Beneficiamento. Tipo: Programa.
COMP30;;Observação Pedido de Compra;Programa;COMP30 – Observação Pedido de Compra. Tipo: Programa.
COMP53;;Posição Financeira de Fornecedores;Programa;COMP53 – Posição Financeira de Fornecedores. Tipo: Programa.
COMP47;;Relatório Carga de Formas;Relatório;COMP47 – Relatório Carga de Formas. Tipo: Relatório.
COMP27;;Plano de Necessidades de Formas;Relatório;COMP27 – Plano de Necessidades de Formas. Tipo: Relatório.
COMP63;;Posição de Entregas - Agrupamento Pedido;Relatório;COMP63 – Posição de Entregas - Agrupamento Pedido. Tipo: Relatório.
ADMI154;;Cadastro de Email;Programa;ADMI154 – Cadastro de Email. Tipo: Programa.
EPRO259;;;;EPRO259.
CREC35;;Texto Padrão Emissão Cartas;Programa;CREC35 – Texto Padrão Emissão Cartas. Tipo: Programa.
TERC16;;Posição Saldo de Remessas;Programa;TERC16 – Posição Saldo de Remessas. Tipo: Programa. Documentos: Posição Saldo de Remessas – TERC16.
TERC17;;Posição Remessa para Industrialização - GASS;Relatório;TERC17 – Posição Remessa para Industrialização - GASS. Tipo: Relatório.
CFAB25;;Posição do Plano de Produção (Plano/Produto/O.F.);Relatório;CFAB25 – Posição do Plano de Produção (Plano/Produto/O.F.). Tipo: Relatório.
TERC12;;Impressão de Recibos;Programa;TERC12 – Impressão de Recibos. Tipo: Programa.
TERC44;;;;TERC44.
TERC21;;Retorno (Sem Apontamento;Programa;"TERC21 – Retorno (Sem Apontamento. Tipo: Programa. Variações no menu: Retorno (Sem Apontamento Produção/Com Código de Barras) - Lutheuz; Retorno (Sem Apontamento Produção/Sem Código de Barras) - Lutheuz."
ADMI76;;Clientes por Representante;Programa;ADMI76 – Clientes por Representante. Tipo: Programa. Variações no menu: Cliente Representante.
ADMI136;;Importação Ato Concessório;Programa;ADMI136 – Importação Ato Concessório. Tipo: Programa.
ADMI15;;Grau de Instrução;Programa;ADMI15 – Grau de Instrução. Tipo: Programa.
ADMI155;;Consulta Constraints;Programa;ADMI155 – Consulta Constraints. Tipo: Programa. Documentos: Consulta Constraints – ADMI155.
ADMI1229;;;;ADMI1229.
ADMI78;;Importação de Produtos;Programa;ADMI78 – Importação de Produtos. Tipo: Programa. Documentos: Importação – Produtos – ADMI78.
ADMI185;;;;ADMI185.
ADMI04;;;;ADMI04.
EPRO104;;Construção;Programa;EPRO104 – Construção. Tipo: Programa.
PREC29;;Ficha de Operações por Produto;Relatório;PREC29 – Ficha de Operações por Produto. Tipo: Relatório.
CFAB16;;Emissão Etiqueta Ordem de Fabricação;Programa;CFAB16 – Emissão Etiqueta Ordem de Fabricação. Tipo: Programa.
FPAG82;;Rel. Folha de Pagamento (Resumido);Relatório;FPAG82 – Rel. Folha de Pagamento (Resumido). Tipo: Relatório. Variações no menu: Bancos - Mensagens.
ADMI4;;Configuração de Impressoras;Programa;ADMI4 – Configuração de Impressoras. Tipo: Programa.
ADMI189;;;;ADMI189.
ADMI39;;Transportadoras;Programa;ADMI39 – Transportadoras. Tipo: Programa.
FATU01;;;;FATU01.
FATU07;;;;FATU07.
RECE11;;Importação Notas Fiscais de Entrada - EDI;Programa;RECE11 – Importação Notas Fiscais de Entrada - EDI. Tipo: Programa.
CFAB133;;Resumo Produção Recurso (Data, Recurso e;Relatório;"CFAB133 – Resumo Produção Recurso (Data, Recurso e. Tipo: Relatório. Variações no menu: Resumo Produção Recurso (Data, Recurso e Produto) - Com Grade; Resumo Produção Recurso (Data, Recurso e Modelo) - Com Grade; Resumo Produção Recurso (Data, Recurso e Construção) - Com Grade."
EPRO63;;EPRO63;Relatório;EPRO63 – EPRO63. Tipo: Relatório.
CPRO04;;;;CPRO04.
CEXC15;;Relatório Cotações;Programa;CEXC15 – Relatório Cotações. Tipo: Programa.
CEXC35;;Relatório Controle de Produção - Espalmatura;Relatório;CEXC35 – Relatório Controle de Produção - Espalmatura. Tipo: Relatório.
CEXC34;;Controle de Produção - Espalmatura;Programa;CEXC34 – Controle de Produção - Espalmatura. Tipo: Programa. Documentos: Relatório Controle de Produção – CEXC34.
CPRO28;;;;CPRO28.
CPRO7;;;;CPRO7.
CEXC40;;Relatório Resultado de Produção;Programa;CEXC40 – Relatório Resultado de Produção. Tipo: Programa. Documentos: Relatório de Resultado da Produção – CEXC40.
MIND18;;Relatório Contrato Empréstimo;Relatório;MIND18 – Relatório Contrato Empréstimo. Tipo: Relatório.
MIND28;;Solicitação de Manutenção;Relatório;MIND28 – Solicitação de Manutenção. Tipo: Relatório.
MIND030;;;;MIND030.
MIND00;;;;MIND00.
MIND37;;Solicitação de Manutenção;Relatório;MIND37 – Solicitação de Manutenção. Tipo: Relatório. Variações no menu: Solicitação de Manutenção (Controle Atividade).
MIND40;;Solicitação de Manutenção Encerrada;Relatório;MIND40 – Solicitação de Manutenção Encerrada. Tipo: Relatório.
CEXT25;;Configuração Inf. Complementares/Textos;Programa;CEXT25 – Configuração Inf. Complementares/Textos. Tipo: Programa.
COMP18;;Plano de Necessidades de Compras;Relatório;COMP18 – Plano de Necessidades de Compras. Tipo: Relatório.
ADMI131;;;;ADMI131.
CUST24;;;;CUST24.
CUST26;;Relatório Custeio Integrado;Relatório;CUST26 – Relatório Custeio Integrado. Tipo: Relatório.
CUST27;;Relatório Custeio Integrado - Resumido;Relatório;CUST27 – Relatório Custeio Integrado - Resumido. Tipo: Relatório.
CLAB5;;Fórmulas de Cálculo;Programa;CLAB5 – Fórmulas de Cálculo. Tipo: Programa.
CLAB2;;Tipos de Testes;Programa;CLAB2 – Tipos de Testes. Tipo: Programa.
CLAB4;;Configuração de Funções;Programa;CLAB4 – Configuração de Funções. Tipo: Programa.
CLAB3;;Tipos de Variável de Entrada;Programa;CLAB3 – Tipos de Variável de Entrada. Tipo: Programa.
CLAB10;;Cadastro de Normas Técnicas;Programa;CLAB10 – Cadastro de Normas Técnicas. Tipo: Programa.
EPRO65;;Tipos de Segmento;Programa;EPRO65 – Tipos de Segmento. Tipo: Programa.
CLAB11;;Cadastro de Métodos;Programa;CLAB11 – Cadastro de Métodos. Tipo: Programa.
CLAB6;;Listas de Análise;Programa;CLAB6 – Listas de Análise. Tipo: Programa.
ESTO120;;Transferência entre Localizações de Estab. Diferentes;Programa;ESTO120 – Transferência entre Localizações de Estab. Diferentes. Tipo: Programa.
EPRO72;;Vínculo Largura/Largura Satra;Programa;EPRO72 – Vínculo Largura/Largura Satra. Tipo: Programa.
ADMI149;;Emissão Etiquetas Cartão Ponto Funcionário;Programa;ADMI149 – Emissão Etiquetas Cartão Ponto Funcionário. Tipo: Programa.
EPRO73;;Vínculo Produto/Produto Satra;Programa;EPRO73 – Vínculo Produto/Produto Satra. Tipo: Programa.
ADMI150;;Importação para Integração com Sistema Satra;Programa;ADMI150 – Importação para Integração com Sistema Satra. Tipo: Programa. Variações no menu: Importación Archivo .OUT Satra.
CEXT21;;Gerar Processo de Exportação;Programa;CEXT21 – Gerar Processo de Exportação. Tipo: Programa.
CEXC24;;Análise de Vendas (ABC);Programa;CEXC24 – Análise de Vendas (ABC). Tipo: Programa.
CEXT102;;;;CEXT102.
CEXT02;;;;CEXT02.
FATU47;;Emissão Comprovante de Coleta;Programa;FATU47 – Emissão Comprovante de Coleta. Tipo: Programa.
ADMI147;;Importação para Implantação de Controle de Lote;Programa;ADMI147 – Importação para Implantação de Controle de Lote. Tipo: Programa.
FATU152;;Cadastro de Tipos de Leitura;Programa;FATU152 – Cadastro de Tipos de Leitura. Tipo: Programa.
FATU148;;Emissão de Etiqueta Simples;Relatório;FATU148 – Emissão de Etiqueta Simples. Tipo: Relatório.
FATU154;;Desmontagem de Rótulos;Programa;"FATU154 – Desmontagem de Rótulos. Tipo: Programa. Variações no menu: Desmontagem de Rótulos KLD; Desmontagem de Rótulos ATTA."
PEDI147;;Emissão;Programa;"PEDI147 – Emissão. Tipo: Programa. Variações no menu: Emissão de Etiqueta por Unidade de Produto por Plano de Produção - PEGADA; Emissão Line Sheet."
ADMI55;;Ocultação;Programa;ADMI55 – Ocultação. Tipo: Programa.
PEDI1127;;;;PEDI1127.
FATU78;;Cadastro de Veiculos;Programa;FATU78 – Cadastro de Veiculos. Tipo: Programa.
CREC49;;Consulta de Documentos - Contas a receber;Programa;CREC49 – Consulta de Documentos - Contas a receber. Tipo: Programa.
ADMI174;;Geração Tabelas - DRE Gerencial;Programa;ADMI174 – Geração Tabelas - DRE Gerencial. Tipo: Programa.
CEXT26;;Posição Processo de Importação;Programa;CEXT26 – Posição Processo de Importação. Tipo: Programa.
CEXT27;;Posição Processo de Importação;Relatório;CEXT27 – Posição Processo de Importação. Tipo: Relatório.
CREC26;;Remessa Cobrança Escritural;Programa;"CREC26 – Remessa Cobrança Escritural. Tipo: Programa. Variações no menu: Remessa Cobrança Escritural (Relatório Vendor); Remessa Cobrança Escritural S/Cobrança."
CPAG26;;Configuração Pagamento Escritural;Programa;CPAG26 – Configuração Pagamento Escritural. Tipo: Programa.
VEND132;;Coleção Cliente;Programa;VEND132 – Coleção Cliente. Tipo: Programa.
EPRO114;;Bloqueia Listas de Preço;Programa;EPRO114 – Bloqueia Listas de Preço. Tipo: Programa.
ESTO142;;Requisição Informada com Seleçao de Lotes;Programa;ESTO142 – Requisição Informada com Seleçao de Lotes. Tipo: Programa.
CPAG30;;Retorno Pagamento Escritural;Programa;CPAG30 – Retorno Pagamento Escritural. Tipo: Programa.
CONT46;;Estruturação DRE;Programa;CONT46 – Estruturação DRE. Tipo: Programa. Variações no menu: Estruturação DRE TESTE.
CEXT78;;Relatório Processo de Exportação;Programa;CEXT78 – Relatório Processo de Exportação. Tipo: Programa.
CEXC18;;Relatório Cotações;Relatório;CEXC18 – Relatório Cotações. Tipo: Relatório.
CPAG32;;Remessa Pagamento Escritural;Relatório;CPAG32 – Remessa Pagamento Escritural. Tipo: Relatório.
CEXC100;;Importação Lista de Preços;Programa;CEXC100 – Importação Lista de Preços. Tipo: Programa.
CEXC108;;;;CEXC108.
EPRO102;;Cadastro e Configuração Tipo Estrutura WMS;Programa;EPRO102 – Cadastro e Configuração Tipo Estrutura WMS. Tipo: Programa. Variações no menu: Configuração Tipo Estrutura WMS.
MPSP57;;Relatório de Planejamento - Agrupamento Responsável;Relatório;MPSP57 – Relatório de Planejamento - Agrupamento Responsável. Tipo: Relatório.
MPSP49;;Relatório de Planejamento - Agrupamento Recurso;Relatório;MPSP49 – Relatório de Planejamento - Agrupamento Recurso. Tipo: Relatório.
CPAG6;;Espécie- Contas a;Programa;"CPAG6 – Espécie- Contas a. Tipo: Programa. Variações no menu: Espécie- Contas a Pagar; Espécie- Contas a Receber; Espécie."
ADMI2;;Grupo de Usuários;Programa;ADMI2 – Grupo de Usuários. Tipo: Programa.
RHUM23;;Manutenção de Funcionários;Programa;RHUM23 – Manutenção de Funcionários. Tipo: Programa.
RECE18;;Importação Chave de Acesso NF-e;Programa;RECE18 – Importação Chave de Acesso NF-e. Tipo: Programa.
ESTO0;;;;ESTO0.
ADMI163;;Identificadores de emails;Programa;ADMI163 – Identificadores de emails. Tipo: Programa.
PEDI92;;Emissão de Etiqueta henrich;Relatório;PEDI92 – Emissão de Etiqueta henrich. Tipo: Relatório.
CREC91;;Nota de Renegociação;Programa;CREC91 – Nota de Renegociação. Tipo: Programa.
VEND11;;Configuração Período Comissões/Royaltes;Programa;VEND11 – Configuração Período Comissões/Royaltes. Tipo: Programa.
VEND8;;Conta Corrente Comissões (Detalhado);Relatório;VEND8 – Conta Corrente Comissões (Detalhado). Tipo: Relatório.
VEND37;;Ajuste de;Programa;"VEND37 – Ajuste de. Tipo: Programa. Variações no menu: Ajuste de Comissões (Notas Fiscais); Ajuste de Royalties (Notas Fiscais)."
