"PROGRAMA","DESCRICAO","TIPO"
"CREC5","Relatório Documentos","Programa"
"CPAG10","Relatório Lançamentos","Relatório"
"CPAG15","Relatório Documentos por Grupo","Programa"
"CREC8","Relatório Lançamentos","Relatório"
"CREC13","Relatório Documentos por Grupo","Programa"
"CPAG17","Livro Diário Auxiliar Fornecedores","Programa"
"CPAG19","Estatística Financeira","Programa"
"CREC15","Livro Diário Auxiliar de Clientes","Programa"
"CPAG18","Livro Diário Auxiliar de Fornecedores","Relatório"
"CPAG20","Livro Razão","Programa"
"CREC14","Relatório Documentos por Grupo","Relatório"
"CREC19","Livro Registro de Duplicatas","Programa"
"CREC18","Livro Razão","Relatório"
"CREC20","Livro Registro de Duplicatas","Relatório"
"CPAG22","Baixa Simplificada de Documentos","Programa"
"COMP6","Solicitação de Pedidos","Programa"
"CREC24","Baixa Simplificada de Documentos","Programa"
"CONT13","Contabilização","Programa"
"CREC22","Emissão de Triplicatas","Programa"
"CREC22","Emissão de Duplicatas","Programa"
"CREC22","Emissão de Bloquetos - BRADESCO","Programa"
"CREC25_BRADESCO","Bloqueto Gráfico","Relatório"
"CREC27","Configurações Cobrança Escritural","Programa"
"CREC26","Remessa Cobrança Escritural","Programa"
"LFIS11","Livro Registro de Entradas - P1","Relatório"
"LFIS8","Registro de Saídas","Programa"
"LFIS10","Livro Registro de Entradas","Programa"
"LFIS12","Livro Registro de Saídas","Programa"
"LFIS7","Registro de Entradas","Relatório"
"CPAG25","Consulta de Lançamentos - Contas a Pagar","Programa"
"CREC28","Consulta de Lançamentos - Contas a receber","Programa"
"COMP10","Solicitação de Pedidos","Relatório"
"CBAN5","Pagamentos- Brasil","Programa"
"CFAB3","Consulta Produção","Programa"
"ESTO130","Relatório Lançamentos por Produto","Relatório"
"COMP11","Responsável Técnico","Programa"
"CBAN8","Recebimentos","Programa"
"PREC10","Tipo de Eventos","Programa"
"PREC11","Eventos","Programa"
"PREC12","Eficiência","Programa"
"RECE3","Relatório Notas Fiscais","Programa"
"FATU7","Relatório Notas Fiscais","Programa"
"RECE4","Relatório de Recebimentos C/Grade","Relatório"
"FATU6","Devoluções de Empréstimo","Programa"
"FATU6","Devoluções de Venda - Estab Padrão => 13- Não Controla Rótulo","Programa"
"CBAN16","Conferência de Cheques","Programa"
"CBAN20","Conferência de Cheques","Relatório"
"CREC41","Livro Razão (Resumido)","Relatório"
"CPAG34","Livro Razão (Resumido)","Relatório"
"VEND12","Análise de Crédito de Pedidos","Programa"
"CFAB14","Apontamento de Ordens de Fabricação (Tiras Palmisurf)","Programa"
"CFAB15","Estorno Apontamento de Ordens de Fabricação","Programa"
"TERC4","Exclusão Remessa","Programa"
"TERC5","Exclusão Retorno","Programa"
"ADMI72","Regras Tributação Retenção","Programa"
"ESTO25","Plano Abastecimento Materiais - Remessa Industrialização","Programa"
"ESTO25","Plano Abastecimento Materiais - Requisição -Rel. Qtd Abast","Programa"
"ESTO25","Plano Abastecimento Materiais - Simples Remessa","Programa"
"ESTO25","Plano Abastecimento Materiais - Transferência para Produção","Programa"
"LFIS18","Código de Emitentes","Programa"
"RECE5","Relatório Impostos","Programa"
"FATU10","Relatório Imposto","Programa"
"MPSP12","Relatório Plano Mestre de Produção Detalhado","Programa"
"RECE6","Relatório de Impostos","Relatório"
"MPSP10","Relatório Programação Pedidos a Embarcar","Programa"
"PEDI16","Relatório Resumo Pedidos por Grade","Programa"
"ADMI14","Regiões","Programa"
"ADMI15","Grau de Instrução","Programa"
"ADMI16","Mercado","Programa"
"ADMI18","Nível de Atendimento","Programa"
"ADMI19","Condições de Pagamento","Programa"
"ADMI20","Incentivos Fiscais","Programa"
"ADMI21","Moedas","Programa"
"ADMI22","CNAE - Cadastro Nacional de Atividade Econômica","Programa"
"PREC7","Processos - Calcula Meta sobre Eficiência","Programa"
"EPRO3","Unidades de Medida","Programa"
"EPRO4","Largura","Programa"
"EPRO5","Cores","Programa"
"EPRO6","Tonalidades","Programa"
"EPRO7","Área de Suprimento","Programa"
"EPRO8","Etiquetas por Unidade de Produto","Programa"
"FATU2","Kunden ERP","Grupo"
"VEND2","Lista de Preço (Estrutural)","Programa"
"EPRO19","Variação de Grade","Programa"
"CPAG3","Ocorrências","Programa"
"CPAG3","Ocorrências","Programa"
"CPAG3","Ocorrências","Programa"
"CPAG3","Ocorrências","Programa"
"CPAG11","Análise ABC de Documentos/Fornecedores","Programa"
"CPAG7","Relatório Documentos","Programa"
"EPRO21","Família Vendas","Programa"
"CONT12","Lançamentos Contábeis","Programa"
"EPRO21","Família Compras","Programa"
"CREC7","Relatório Lançamentos (Base Cálculo Comissão)","Programa"
"CPAG16","Relatório Documentos por Grupo","Relatório"
"CREC17","Livro Razão","Programa"
"CREC12","Relatório Saldos Agrupados por Intervalo de Dias","Relatório"
"CPAG14","Relatório Saldos Agrupados por Intervalo de Dias","Relatório"
"CREC23","Emissão de Duplicatas","Relatório"
"CREC23","Emissão de Triplicatas","Relatório"
"EPRO22","Roteiro","Programa"
"COMP8","Posição de Entregas","Relatório"
"COMP7","Posição de Entregas","Programa"
"ESTO6","Configuração de Classes de Operações","Programa"
"PEDI2","Categorias de Pedido - Venda","Programa"
"ADMI38","Bancos","Programa"
"LFIS4","Registro de Entradas Cancelados","Programa"
"LFIS5","Registro de Saídas Cancelados","Programa"
"LFIS27","Configuração Parâmetros Arquivos Fiscais","Programa"
"CFAB16","Emissão Etiqueta Ordem de Fabricação","Programa"
"COMP17","Plano de Necessidades de Compras","Relatório"
"FATU16","Gera/Emissão Rótulo Unidade Armazenamento - Pedidos Estofados","Programa"
"COMP16","Plano de Necessidades de Compras","Programa"
"CEXC1100","Emissão Ordem de Fabricação","Relatório"
"PEDI7","Emissão de Etiqueta por Unidade de Produto por Plano de Produção(Termotransferência)","Programa"
"CFAB20","Composição Plano Produção","Programa"
"CFAB21","Composição Plano Produção p/ Ordem de Fabricação","Relatório"
"ADMI74","Ocorrências/Pendências","Programa"
"FATU18","Gera Notas Fiscais de Transferência ICMS","Programa"
"FATU21_ANTONIELLE","Notas Fiscais de Saída Matricial - Transf. ICMS","Relatório"
"CUST2","Configuração Custeio","Programa"
"MPSP35","Propriedade Pedidos/Lote Plano de Produção","Programa"
"ADMI69","Importação Contas a Pagar","Programa"
"ADMI61","Importação País / Uf´s / Cidades","Programa"
"ADMI70","Importação Contas a Receber","Programa"
"ADMI71","Importação Pessoa Fisíca/Juridica","Programa"
"CUST1","Tarifas","Programa"
"CBAN13","Livro Caixa","Programa"
"CBAN18","Relatório Controle Cheque de Terceiros","Programa"
"CBAN27","Relatório Livro Caixa","Relatório"
"CBAN28","Relatório Livro Caixa (Saldo por Linha)","Relatório"
"COMP15","Consulta Ordens de Fabricação por Pedido","Programa"
"CONT33","Relatório de Contabilização","Relatório"
"CONT34","Relatório de Totais de Documentos para Contabilização","Relatório"
"CREC37","Instruções Bancárias","Programa"
"CONT35","Relatório de Totais por Conta Contábil para Contabilização","Relatório"
"CREC34","Relatório Retorno Cobrança Escritural","Relatório"
"EPRO26","Local Armazenagem","Programa"
"LFIS33","Geração Arquivo GIA Mensal","Programa"
"VEND32","Histórico de Vendas","Programa"
"FATU13","Reemissão Notas Fiscais Saída - Transf. ICMS","Programa"
"FATU21_ANTONIELLE","Relatório Notas Fiscais Matricial - Transf. ICMS","Relatório"
"CPAG35","LOG Retorno Cobrança Escritural","Relatório"
"CPAG35","LOG Retorno Pagamento Escritural","Relatório"
"CPAG35","LOG Remessa Cobrança Escritural","Relatório"
"CPAG35","LOG Remessa Pago Escritural","Relatório"
"LFIS28","Geração Arquivo SINTEGRA","Programa"
"EPRO27","Cartelas","Programa"
"ADMI90","001 -Rota de Transporte","Programa"
"PATR4","Cálculo Depreciação","Programa"
"EPRO76","Configurador de Produto","Programa"
"TERC8","Emissão Extrato","Programa"
"TERC9","Emissão Extrato","Relatório"
"TERC2","Retorno (Com Apontamento Produção)","Programa"
"PEDI4","Liberação Pedidos Faturamento 2","Programa"
"ADMI76","Clientes por Representante","Programa"
"FATU15_BRISA","Relatório Notas Fiscais Matricial","Relatório"
"CPAG3","Ocorrências","Programa"
"FATU34","Relatório Faturamento","Programa"
"FATU35","Relatório Faturamento","Relatório"
"LFIS29","Resumo Impostos Registro de Entrada","Programa"
"LFIS31","Resumo Impostos Registro de Saída","Programa"
"LFIS32","Resumo Impostos Registro de Saída","Relatório"
"PREC16","Relatório Eficiência Diária","Programa"
"PREC18","Relatório Eficiência","Programa"
"CBAN29","Relatório Extrato Caixa/Bancos (PLANET)","Programa"
"CBAN30","Relatório Extrato Caixa/Bancos","Relatório"
"FATU20","Notas Fiscais de Saída - Transf. ICMS","Relatório"
"CFAB22","Apontamento de Rótulos (Processo 191)","Programa"
"ESTO26","Relatório Plano Abastecimento Materiais - Remessa Industrialização","Relatório"
"ESTO26","Relatório Plano Abastecimento Materiais - Simples Remessa","Relatório"
"ESTO26","Relatório Plano Abastecimento Materiais - Necessidades","Relatório"
"ESTO26","Relatório Plano Abastecimento Materiais - Transferência Produção","Relatório"
"FATU13","Reemissão Notas Fiscais Saída","Programa"
"FVEN1","2-Configurações","Programa"
"LFIS2","Registro de Observações","Programa"
"RECE9","Reemissão Notas Fiscais Entrada","Programa"
"TERC3","Posição Remessa/Retorno","Programa"
"TERC6_CADEIN","Posição Remessa para Industrialização","Relatório"
"TERC7","Posição Remessa para Industrialização (Saldo)","Relatório"
"CFAB10","Estorno Apontamento de Talão","Programa"
"CFAB17","Emissão Cartão Componente - PEGADA","Programa"
"FATU14_TECNOCALZA_RETENCAO","Relatório Notas Fiscais Matricial","Relatório"
"COMP18","Plano de Necessidades de Compras","Relatório"
"FATU15_HKUNTZLER","Relatório Notas Fiscais Matricial","Relatório"
"CFAB18_PEGADA","Emissão Cartão Componente","Relatório"
"ADMI77","Importação de Bens e Lançamentos","Programa"
"CFAB23","Exclusão Apontamento de Rótulos (Processo 1195)","Programa"
"VEND34","Reajuste Lista de Preço","Programa"
"PATR5","Baixa","Programa"
"LFIS19","Código de Emitentes","Relatório"
"LFIS14","Inconsistências Registro de Entradas","Programa"
"LFIS15","Inconsistências Registro de Entradas","Relatório"
"LFIS16","Inconsistências Registro de Saídas","Programa"
"LFIS17","Inconsistências Registro de Saídas","Relatório"
"LFIS9","Registro de Saídas","Relatório"
"LFIS13","Livro Registro de Entradas - P1A","Relatório"
"LFIS20","Livro Registro de Entradas - P1 C/ Remet","Relatório"
"LFIS21","Livro Registro de Saídas - P2","Relatório"
"LFIS22","Livro Registro de Saídas - P2A","Relatório"
"RECE7","Retornos de Remessa Industrialização - Com Apontamento Produção, Cat Pedido 6","Programa"
"LFIS30","Resumo Impostos Registro de Entrada","Relatório"
"TERC1","Remessa.","Programa"
"TERC2","Retorno (Com Apontamento Produção/Com Código de Barras)","Programa"
"CFAB10","Estorno Apontamento de Ordem de Fabricação - MANUAL - PLANO PROD","Programa"
"PREC28","Ficha de Operações por Produto","Programa"
"CBAN19","Consulta Lançamentos","Programa"
"CBAN24","Consulta Pagamentos","Programa"
"CBAN23","Consulta Recebimentos","Programa"
"CBAN25","Emissão Cópia de Cheques","Programa"
"CBAN26","Emissão Cópia de Cheques","Relatório"
"CBAN22","Emissão de Cheques","Programa"
"CBAN21_SICOOB","01 - Emissão de Cheques","Relatório"
"CPAG30","Retorno Pagamento Escritural","Programa"
"CPAG28","Relatório Remessa Pagamento Escritural","Programa"
"CPAG29","Relatório Retorno Pagamento Escritural","Programa"
"CPAG66","Remessa Pagamento Escritural","Relatório"
"CPAG33","Retorno Pagamento Escritural","Relatório"
"COMP9","Pedidos de Compra","Relatório"
"VEND21","Grupos de Responsáveis","Programa"
"ESTO22","Transferência Estoque para Produção","Programa"
"CREC31","Retorno Cobrança Escritural","Programa"
"CREC29","Relatório Remessa Cobrança Escritural","Programa"
"CREC33","Relatório Remessa Cobrança Escritural","Relatório"
"CREC30","Relatório Retorno Cobrança Escritural","Programa"
"VEND11","Configuração Período Comissões/Royaltes","Programa"
"VEND9","Conta Corrente Comissões (Agentes)","Programa"
"VEND9","Conta Corrente Comissões (Representantes)","Programa"
"VEND9","Conta Corrente Comissões (Supervisores)","Programa"
"VEND9","Conta Corrente Comissões (Vendedores)","Programa"
"VEND7","Relatório Conta Corrente Comissões","Programa"
"VEND8","Conta Corrente Comissões (Detalhado)","Relatório"
"VEND92","Conta Corrente Comissões (Padrão)","Relatório"
"VEND17","Conta Corrente Comissões (Resumido)","Relatório"
"VEND15","Relatório Demonstrativo Comissões","Programa"
"VEND18","Demonstrativo Comissões","Relatório"
"VEND13","Cotas de Vendas (Representantes)","Programa"
"VEND13","Cotas de Vendas (Vendedores)","Programa"
"VEND122","Planejamento de Vendas Frigorifico","Programa"
"CREC35","Texto Padrão Emissão Cartas","Programa"
"CREC36","Emissão Carta de Anuência","Programa"
"CREC38","Carta de Anuência","Relatório"
"CREC42","Emissão Carta de Cobrança","Programa"
"CREC43","Carta de Cobrança","Relatório"
"CREC39","Emissão Carta de Instrução Bancária","Programa"
"CREC40","Carta de Instrução Bancária","Relatório"
"COMP19","Plano de Necessidades de Compras","Relatório"
"PEDI1","Pedidos de Venda - Representante","Programa"
"PEDI5","Pedido de Venda","Relatório"
"CFAB1","Apontamento de Ordem de Fabricação - Corte","Programa"
"CEXC1074","Pedido Compra","Relatório"
"PATR6","Catálogo de Bens","Programa"
"PEDI3","Cancelamento de Entrega Pedido","Programa"
"LFIS23","Apuração ICMS","Programa"
"LFIS25","Apuração IPI","Programa"
"LFIS24","Apuração ICMS","Relatório"
"LFIS26","Apuração IPI","Relatório"
"ADMI75","Ocorrências/Pendências","Relatório"
"FATU2","Notas Fiscais de Saída - Transf. ICMS","Programa"
"ESTO28_OKS","Emissão de Requisições - Matricial","Relatório"
"ESTO27","Emissão de Requisições.","Programa"
"ESTO138","Emissão de Requisições - Gráfico","Relatório"
"VEND33","Copia Lista de Preço","Programa"
"CFAB24","Posição do Plano de Produção (KDR)","Programa"
"ADMI92","003 - Fórmula de Cálculo","Programa"
"CPAG4","Operações contas a receber","Programa"
"EPRO11","Variação de Consumo","Programa"
"ADMI33","Cargos","Programa"
"ADMI25","Permissões","Programa"
"PREC6","Operações","Programa"
"PREC4","Funções","Programa"
"ADMI2","Grupo de Usuários","Programa"
"CREC2","Cobranças","Programa"
"CREC1","Tipos de Cobrança","Programa"
"PREC1","Turnos","Programa"
"FATU1","Fundamentação Legal - IPI","Programa"
"FATU1","Fundamentação Legal - ICMS","Programa"
"ADMI3","Idioma","Programa"
"ADMI4","Configuração de Impressoras","Programa"
"ADMI37","Fornecedores","Programa"
"ADMI39","Transportadoras","Programa"
"ADMI40","Agentes","Programa"
"IQUA3","Nível de Amostragem","Programa"
"COMP1","Compradores","Programa"
"RECE2","Operações - Recebimento","Programa"
"PEDI1","Pedidos de Venda - Normal","Programa"
"CPAG6","Espécie- Contas a Pagar","Programa"
"CPAG6","Espécie- Contas a Receber","Programa"
"MPSP2","Planejamento","Programa"
"COMP3","Pedidos de Compra - com alteração liberada","Programa"
"ADMI47","Planta de Seguro","Programa"
"CPAG3","Ocorrências","Programa"
"MPSP5","Plano de Produção - UTILIZA_DATAS_PLANEJAMENTO = S","Programa"
"ADMI51","Cotações de Moeda","Programa"
"MPSP4","Tipo de Cálculo","Programa"
"ADMI41","Vendedores","Programa"
"ADMI43","Supervisores","Programa"
"ADMI44","Localização","Programa"
"RECE1","Configuração de Classes de Operações","Programa"
"COMP2","Grupos de Compradores","Programa"
"CONT7","Análise de Balanço","Programa"
"CONT10","Configuração Origem Contas Contábeis","Programa"
"ADMI26","Propriedades ( chamada pelo menu Propriedades )","Programa"
"CONT8","Variável de Contabilidade","Programa"
"CONT9","Variável de Contabilidade 2","Programa"
"CBAN9","Controle Cheques de Terceiros","Programa"
"PREC13","Lançamento de Eventos","Programa"
"COMP14","Cotações Compra Estrutura Produto Sem Condição","Programa"
"FATU11","Relatório Imposto","Relatório"
"ESTO13","Relatório Posição Estoque","Programa"
"ESTO14","Relatório Posição Estoque","Relatório"
"CEXC1101","Emissão de Talão (1 PROCESSO) T&A","Programa"
"MPSP8","Relatório Plano Mestre de Produção O.F. Modelo 2","Programa"
"CFAB1","Apontamento de Lote","Programa"
"CFAB1","Apontamento de Talão","Programa"
"ADMI55","Ocultação","Programa"
"ADMI57","Terceirizados","Programa"
"ADMI57","Preposto","Programa"
"CPAG8","Relatório Documentos","Relatório"
"CPAG9","Relatório Lançamentos","Programa"
"CREC9","Análise ABC de Documentos/Clientes","Programa"
"CPAG13","Relatório Saldos Agrupados por Intervalo de Dias","Programa"
"CPAG19","Estatística Financeira","Programa"
"CREC16","Livro Diário Auxiliar de Clientes","Relatório"
"CPAG21","Livro Razão","Relatório"
"CFAB4","Faixas Horárias","Programa"
"CBAN11","Relatório Lançamentos Data","Relatório"
"CBAN12","Relatório Lançamentos Operação","Relatório"
"CPAG27","Remessa Pagamento Escritural","Programa"
"CBAN1","Bancos","Programa"
"CBAN1","Caixa","Programa"
"ADMI60","Centro de Distribuição","Programa"
"ESTO11","Relatório Consumos","Programa"
"ESTO12","Relatório Consumos","Relatório"
"COMP13","Plano de Necessidades de Compras","Programa"
"FATU8","Relatório Notas Fiscais","Relatório"
"CFAB5","Relatório Resumo Produção Recurso - Com Grade","Programa"
"EPRO50","Relatório Especificações Técnicas Lista Materiais (Curtume)","Programa"
"CFAB7","Emissão Ordem de Fabricação- CALI","Programa"
"MPSP6","Relatório Programação Prevista X Realizada","Programa"
"PEDI6","Emissão de Pedidos","Programa"
"ESTO15","Livro Inventário","Programa"
"ESTO16","Livro Inventário","Relatório"
"CPAG26","Configuração Pagamento Escritural","Programa"
"ESTO19","Registro Controle Produção e Estoque","Programa"
"ESTO17","Livro Inventário","Relatório"
"ESTO18","Livro Inventário","Relatório"
"ESTO20","Registro Controle Produção e Estoque","Relatório"
"CREC11","Relatório Saldos Agrupados por Intervalo de Dias","Programa"
"CREC10","Análise ABC de Documentos","Relatório"
"CPAG12","Análise ABC de Documentos","Relatório"
"ADMI42","Representantes","Programa"
"EPRO20","Configuração Especificação Técnica","Programa"
"ADMI48","Feriados","Programa"
"FATU5","Numeração de Notas Fiscais","Programa"
"FATU5","Numeração de Notas Fiscais","Programa"
"PREC9","Calendário Recursos","Programa"
"ADMI35","Clientes","Programa"
"RECE1","Configuração de Classes de Operações","Programa"
"RECE2","Operações - Faturamento","Programa"
"LFIS1","CFOP - Código Fiscal de Operação e Prestação","Programa"
"ADMI46","Vínculo Classe Operação/CFOP","Programa"
"FATU4","Configuração de Notas Fiscais","Programa"
"COMP4","Categorias de Pedido","Programa"
"FATU4","Configuração de Notas Fiscais","Programa"
"MPSP15","MPS","Programa"
"VEND4","Categoria Lista de Preço","Programa"
"VEND65","Conta Corrente Royaltes (Detalhado)","Relatório"
"VEND66","Conta Corrente Royaltes (Resumido)","Relatório"
"MPSP16","MPS","Programa"
"PEDI5","Pedido de Venda","Relatório"
"CFAB11_TERMOTEXTIL_2_OFS_PAG","Emissão Ordem de Fabricação","Relatório"
"CEXC1101","Emissão Ordem de Fabricação T&A","Programa"
"CFAB6","Resumo Produção Recurso","Relatório"
"MPSP17","MPS","Relatório"
"CONT2","Lote Contábil","Programa"
"MPSP13","Plano Mestre de Produção Detalhado","Relatório"
"CONT30","Relatório Lançamentos Contábeis","Programa"
"CONT15","Gerador Plano de Contas","Programa"
"CONT1","Grupos Contábeis","Programa"
"CONT31","1 Relatório Lançamentos Contábeis","Relatório"
"CEXC1059","2 Relatório Lançamentos Contábeis - CONT32","Relatório"
"CONT6","Plano de Contas","Programa"
"CONT5","Plano de Contas Mestre","Programa"
"CONT16","Relatório Plano de Contas","Programa"
"CONT17","Relatório Plano de Contas","Relatório"
"CONT28","Balancete Comparativo","Programa"
"CONT29","Balancete Comparativo","Relatório"
"CONT14","Balancetes","Programa"
"CONT18","Balancete Movimento Mensal","Relatório"
"CONT19","Balancete Saldo Mensal","Relatório"
"CONT20","Balancete Simplificado","Relatório"
"ADMI65","Regras Tributação ICMS","Programa"
"CONT21","Balanço Patrimonial","Programa"
"CONT22","Balanço","Relatório"
"ADMI66","Regras Tributação Especial","Programa"
"COMP3","Pedidos de Compra com Cotação","Programa"
"COMP3","Pedidos de Compra sem Cotação","Programa"
"ADMI67","Regras Tributação PIS/COFINS","Programa"
"EPRO9","Classificações Fiscais","Programa"
"PEDI5","Pedido de Venda","Relatório"
"MPSP17","MPS","Relatório"
"MPSP11","Programação Pedidos a Embarcar","Relatório"
"MPSP7","Programação Prevista X Realizada","Relatório"
"ESTO23","Transferência entre Localização - Estab 3","Programa"
"VEND68","Demonstrativo Royalties","Relatório"
"LFIS6","Registro de Entradas","Programa"
"CBAN3","Lançamentos Simples","Programa"
"ESTO7","Consulta Estoque Produto","Programa"
"ESTO8","Relatório Lançamentos","Programa"
"ESTO9","Relatório Lançamentos por Produto","Relatório"
"COMP12","Consulta Pedidos de Compra","Programa"
"CBAN6","Relatório Lançamentos","Programa"
"ADMI8","Parâmetros","Programa"
"ADMI24","Organizações","Programa"
"CPAG4","Operações contas a pagar","Programa"
"ADMI23","Licenças","Programa"
"CPAG2","Modalidades","Programa"
"CPAG1","Posição - Contas A Pagar","Programa"
"PREC2","Nível de Dificuldade","Programa"
"CPAG2","Modalidades","Programa"
"CPAG1","Posição - Contas A Receber","Programa"
"CREC3","Histórico Comissões/Royaltes","Programa"
"CPAG5","Lançamentos Contas a Pagar","Programa"
"PREC3","Grau de Dificuldade","Programa"
"ADMI27","Contratos","Programa"
"IQUA1","Item Inspeção","Programa"
"EPRO17","Grade Fechada","Programa"
"EPRO2","Categoria","Programa"
"EPRO14","Componente","Programa"
"CONT3","Registros Contábeis","Programa"
"LFIS4","Registro de Entradas","Programa"
"ADMI31","Termos Internacionais de Comércio","Programa"
"ESTO3","Devoluções","Programa"
"MPSP1","Calendário","Programa"
"EPRO18","Tipo Produto","Programa"
"ADMI29","Unidade de Negócio","Programa"
"ADMI32","Condição Especial de Pagamento","Programa"
"VEND1","Classe de Risco","Programa"
"ESTO5","Transferência Produção para Estoque","Programa"
"CONT11","Regras de Contabilização","Programa"
"CONT4","Históricos Padronizados","Programa"
"ESTO1","Operações","Programa"
"ESTO2","Implantação de Saldo","Programa"
"PREC8","Configuração Recurso Base Planejamento","Programa"
"EPRO1","Propriedade Categoria","Programa"
"IQUA2","Plano de Inspeção","Programa"
"LFIS5","Registro de Saídas","Programa"
"EPRO10","Grades","Programa"
"ADMI36","Centros de Custo/Trabalho","Programa"
"CREC4","Lançamentos - Contas a receber","Programa"
"MIND1","Tipos de Equipamento","Programa"
"ADMI9","Nacionalidades","Programa"
"ADMI12","País","Programa"
"ADMI11","Unidade Federativa","Programa"
"ADMI13","Cidades","Programa"
"ESTO30","Relatório Análise Consumo Previsto x Realizado","Programa"
"ESTO31","Relatório Análise Consumo Previsto x Realizado","Relatório"
"PATR17","Baixas","Relatório"
"CFAB28","Controle de Talões","Programa"
"CFAB29","Relatório Controle de Talões","Relatório"
"FVEN2","4-Despesas Diretas de Venda","Programa"
"FATU16","Gera/Emissão Rótulo Unidade Armazenamento - Lote Produção Estoque","Programa"
"LFIS35","Geração Arquivo D.M.A. (BA)","Programa"
"EPRO30","Emissão Etiquetas Local Armazenagem","Programa"
"CEXT18","1 - Gerar Remessa para Embarque","Programa"
"CFAB32","Emissão Cartão Conjunto Componente","Programa"
"CFAB33","Emissão Cartão Conjunto Componente","Relatório"
"FATU25","Gera Notas Fiscais - EDI","Programa"
"VEND39","Liberação Comercial e Desbloqueio Faturamento (VEND39)","Programa"
"FATU102","Notas Fiscais de Entrada Complementar - 64695","Programa"
"CPAG3","Ocorrências","Programa"
"PEDI12","Cópia de Pedidos de Venda","Programa"
"VEND40","Pontos de Venda","Programa"
"VEND41","Relatório PDV","Relatório"
"VEND40","Pontos de Venda por Vendedor","Programa"
"VEND41","Relatório PDV por Vendedor","Relatório"
"PEDI13","Transferência de Reserva","Programa"
"VEND44","Prazo Médio de Pedidos","Programa"
"CEXT25","Configuração Inf. Complementares/Textos","Programa"
"VEND45","Relatório Prazo Médio de Pedidos","Relatório"
"COMP23","Gera Pedido de Compra - EDI","Programa"
"CEXT11","06 - Desembaraço (Manual)","Programa"
"ADMI85","Importação de Saldos do Estoque","Programa"
"CFAB34","Posição Produção por Pedido","Programa"
"CFAB35","Posição Produção por Pedido","Relatório"
"PEDI14","Importação Pedidos de Venda - EDI Vale","Programa"
"ADMI86","Operações","Programa"
"ADMI83","Modelos de Coletores","Programa"
"ADMI84","Coletores","Programa"
"FATU14","Relatório Notas Fiscais","Relatório"
"FATU15_SILOER","Relatório Notas Fiscais Matricial","Relatório"
"CEXT26","Posição Processo de Importação","Programa"
"CEXT27","Posição Processo de Importação","Relatório"
"CEXT29","Enquadramento","Programa"
"CEXT30","Finalidade","Programa"
"CEXT31","Modalidade de Transação","Programa"
"CEXT32","Instrumento Negociação","Programa"
"ADMI87","Configuração Obrigatoriedade de Informação de Campos da Seleção","Programa"
"CEXT33","Configuração Registro de Exportação","Programa"
"CFAB1","Apontamento de Ordem de Fabricação - Leitor","Programa"
"VEND50","Liberação Lista Preço","Programa"
"ADMI91","004 - Tabela de Frete","Programa"
"ESTO38","Consulta Unidade Armazenamento","Programa"
"VEND51","Regra de Preço (Produto/Pedido)","Programa"
"TERC10","Gera Notas Fiscais Remessa Industrialização","Programa"
"CEXT35","Exclusão de Embarques do Processo de Importação","Programa"
"VEND5","Relatório Lista de Preço","Programa"
"VEND6","Relatório Lista de Preço","Relatório"
"CBAN32","Fluxo de Caixa","Programa"
"CBAN33","01 - Relatório Fluxo de Caixa (Conta Orçamentária)","Relatório"
"CUST12","Apropriação do Custeio Reduzido","Relatório"
"ESTO39","Relatório Solicitação de Necessidades","Relatório"
"FATU26","Emissão Minuta","Programa"
"FATU164","Emissão Minuta","Relatório"
"CEXT40","Posição Pedido de Compra (PO) - BRISA","Programa"
"CEXT42","Relação de Desembaraço","Programa"
"CEXT41_BRI","Posição Pedido de Compra (PO)","Relatório"
"CEXT43","Relatório Relação de Desembaraço","Relatório"
"CPAG35","Log Importação Contas a Pagar","Relatório"
"CPAG35","Log Importação Contas a Receber","Relatório"
"MPSP19","Lote Produção Estoque C\ SKU","Programa"
"CFAB18_PEGADA","Emissão Cartão Componente (Matricial)","Relatório"
"PATR14","Aquisições","Relatório"
"ADMI80","Resumo Cadastro de Clientes","Programa"
"ADMI80","Resumo Cadastro de Pessoas F/J","Programa"
"ADMI80","Resumo Cadastro de Fornecedores","Programa"
"ADMI80","Resumo Cadastro de Bancos","Programa"
"ADMI80","Resumo Cadastro de Transportadoras","Programa"
"ADMI80","Resumo Cadastro de Vendedores","Programa"
"ADMI80","Resumo Cadastro de Supervisores","Programa"
"ADMI80","Resumo Cadastro de Agentes","Programa"
"PATR10","Saldo por Conta Contábil","Relatório"
"PATR12","Demonstrativo de Lançamentos","Relatório"
"PEDI10","Relatório Materiais X Pedidos","Programa"
"CEXT10","05 - Processo de Importação","Programa"
"ADMI82","Liberação Código EAN","Programa"
"CUST6","Apropriação do Custeio","Programa"
"CEXT44","Consulta Processo de Importação","Programa"
"VEND43","Relatório Preço e Prazo Médio de Pedidos","Relatório"
"ESTO37","Solicitação de Necessidades de Materiais","Programa"
"CPRO1","Indicadores","Programa"
"CPRO2","Classificação do Produto","Programa"
"CPRO3","Eventos","Programa"
"VEND42","Preço e Prazo Médio de Pedidos","Programa"
"ADMI96","Importação Conhecimentos Embarcados - CONEMB","Programa"
"ADMI76","Cliente Representante","Programa"
"EPRO31","Lista de Produtos - EDI","Programa"
"CEXT28","Texto Trading","Programa"
"CPAG35","Log Importação de Bens e Lançamentos","Relatório"
"ADMI136","Importação Ato Concessório","Programa"
"RECE23","Consulta Notas Fiscais Sem Chave","Programa"
"ADMI218","Importação Contas Orçamentárias","Programa"
"ADMI219","Importação Cotas Orçamentárias","Programa"
"PEDI7","Emissão de Etiqueta por Unidade de Produto por Plano de Produção CARMIM (Termotransferência)","Programa"
"LFIS76","Relatório Consolidação PIS/COFINS por CST - SAÍDAS","Relatório"
"LFIS75","Relatório Consolidação PIS/COFINS por CST - SAÍDAS","Programa"
"PEDI6_MAX","Emissão de Pedido - Vendedor","Programa"
"LFIS77","Relatório Consolidação PIS/COFINS por CST - ENTRADAS","Programa"
"CEXC15","Relatório Cotações","Programa"
"VEND64","Conta Corrente Royaltes (Padrão)","Relatório"
"CFAB25","Posição do Plano de Produção (Plano/Produto/O.F.)","Relatório"
"ADMI78","Importação de Produtos","Programa"
"ADMI79","Unidade de Armazenamento","Programa"
"PEDI9","Posição de Pedidos","Programa"
"MPSP8","Relatório Plano Mestre de Produção com Complemento","Programa"
"MPSP18","Plano Mestre de Produção com Complemento","Relatório"
"VEND36","Carteira de Pedidos (Vendas)","Relatório"
"VEND35","Carteira de Pedidos (Produção)","Programa"
"VEND36","Carteira de Pedidos (Produção)","Relatório"
"VEND37","Ajuste de Comissões (Notas Fiscais)","Programa"
"PEDI9","Posição de Pedidos - Representante","Programa"
"PATR13","Aquisições","Programa"
"PATR9","Saldo por Conta Contábil","Programa"
"PATR11","Demonstrativo de Lançamentos","Programa"
"ADMI80","Resumo Cadastro de Representantes","Programa"
"ADMI81","Relatório Resumo Cadastro de Agentes","Relatório"
"ADMI81","Relatório Resumo Cadastro de Bancos","Relatório"
"ADMI81","Relatório Resumo Cadastro de Clientes","Relatório"
"ADMI81","Relatório Resumo Cadastro de Fornecedores","Relatório"
"ADMI81","Relatório Reumo Cadastro de Pessoas F/J","Relatório"
"ADMI81","Relatório Resumo Cadastro de Representantes","Relatório"
"ADMI81","Relatório Resumo Cadastro de Supervisores","Relatório"
"ADMI81","Relatório Resumo Cadastro de Transportadoras","Relatório"
"VEND35","Carteira de Pedidos (Vendas)","Programa"
"MPSP20","Liberação Lote Produção Estoque p/ Venda Estoque Futuro","Programa"
"ADMI81","Relatório Resumo Cadastro de Vendedores","Relatório"
"CREC44","Geração Arquivo SCI/EQUIFAX","Programa"
"CREC45","Geração Arquivo SERASA","Programa"
"PATR18","Transformação","Programa"
"PATR16","Baixas","Programa"
"PATR7","Catálogo de Bens","Relatório"
"MPSP21","Liberação Pedido de Compra p/ Venda Estoque Futuro","Programa"
"CFAB26","Emissão Talão Auxiliar","Programa"
"CFAB27_MYRABEL","Relatório Emissão Talão Auxiliar","Relatório"
"CUST3","Taxa de Juros","Programa"
"CUST4","Fator Cálculo","Programa"
"FVEN5","Cálculo Preço de Venda - Curtume","Programa"
"FVEN4","6-Categoria FPV","Programa"
"FVEN3","5-Markup","Programa"
"EPRO29","Perdas","Programa"
"CPAG35","LOG Geração Arquivo SERASA","Relatório"
"FATU22","Emissão Rótulo Unidade Armazenamento BRISA","Programa"
"PEDI11","Relatório Materiais X Pedidos","Relatório"
"FATU23","Gera Notas Fiscais Conta e Ordem Triangular","Programa"
"ADMI12","País","Programa"
"ADMI11","Unidade Federativa","Programa"
"CFAB30","Emissão Talão (+PROCESSO) CENTROPE","Programa"
"CFAB31_CENTROPE","Emissão Talão","Relatório"
"EPRO28","Desenvolvimento de Produto","Programa"
"CEXT1","Conhecimentos de Embarque","Programa"
"CEXT3","Modalidade de Despacho","Programa"
"CEXT2","Via de Transporte","Programa"
"CEXT4","Tipo de Declaração","Programa"
"CEXT5","Unidade da Receita Federal","Programa"
"CEXT6","Recinto Alfandegado - Local de Armazenamento","Programa"
"CEXT7","Recinto Alfandegado - Setor de Armazenamento","Programa"
"ESTO32","Desmontagem de SKU","Programa"
"CEXT8","Local de Embarque/Desembarque","Programa"
"CEXT9","Tipo de Documento","Programa"
"CEXT11","Desembaraço","Programa"
"FATU24","Emissão Rótulos com Documento Fiscal - TERMOTEXTIL","Programa"
"COMP22","Ponto Reposição","Relatório"
"COMP21","Ponto de Reposição","Programa"
"CEXT12","02 - Gerar Invoice","Programa"
"ESTO33","Emissão Picking","Programa"
"ESTO34","Emissão Picking","Relatório"
"CUST7","Apropriação do Custeio","Relatório"
"CEXC1075","Pedido Compra Exportação","Relatório"
"CEXT13","04 - Gerar Processo de Importação","Programa"
"ESTO35","Armazenamento","Programa"
"CEXT14","03 - Invoice","Programa"
"ESTO36","Solicitação de Necessidades de Materiais c/ Plano Produção","Programa"
"CUST8","Recálculo do Custeio das Ordens de Fabricação","Programa"
"CEXT15","Custo/Despesa","Programa"
"CEXT16","Regras Custos/Despesas Importação","Programa"
"VEND38","Regras Precificação","Programa"
"ADMI13","Cidade","Programa"
"ADMI19","Condições de Pagamento","Programa"
"CEXT22","08 - Recebimento de Importação (Gerar NF Importação)","Programa"
"ADMI14","Regiões","Programa"
"CUST9","Apropriação dos Materiais","Programa"
"CUST10","Apropriação dos Materiais por Material","Relatório"
"CUST11","Apropriação dos Materiais por OF","Relatório"
"CFAB7","Emissão Ordem de Fabricação - PREPACK PIAGUI","Programa"
"MPSP22","Relatório Plano de Produção com Reserva","Programa"
"MPSP23","Relatório Plano de Produção com Reserva por Entrega","Relatório"
"CFAB11_PIAGUI","Emissão Ordem de Fabricação (B)","Relatório"
"CEXT17","Encerram/Reabertura Processo Importação","Programa"
"ADMI89","Transportadoras (Fretes)","Programa"
"ADMI95","Classe de Ocorrências","Programa"
"ADMI105","Termo de Abertura/Encerramento","Programa"
"CEXT58","Relatório Unificado de Drawback","Programa"
"CEXT59","Relatório Unificado de Drawback - Importação","Relatório"
"ESTO40","Registro Produtos em Fabricação","Programa"
"CPAG3","Ocorrências","Programa"
"SERV5","Serviço","Programa"
"CFAB40","Consulta Materiais X Lotes","Programa"
"VEND61","Carteira de Pedidos/Código Estrutural (Produção)","Relatório"
"ESTO48","Relatório Materiais Não Apropriados por OF","Relatório"
"VEND61","Carteira de Pedidos/Código Estrutural(Vendas)","Relatório"
"ESTO44","Relatório Posição Estoque sem Reserva","Relatório"
"CPAG39","Exclusão de Transformação","Programa"
"CPAG39","Exclusão de Transformação","Programa"
"EPRO51_KRM","Relatório Especificações Técnicas Lista Materiais","Relatório"
"PATR6","Catálogo de Bens (Por Centro de Custo)","Programa"
"PATR7","Catálogo de Bens","Relatório"
"CEXC1024","Nota Fiscal de Entrada - FATURA REEMISSAO","Programa"
"PEDI18","Relatório Pedidos para Encaixotamento","Programa"
"CPAG35","Log Importação Nota Fiscal de Importação","Relatório"
"CUST5","Regra Tributação IR","Programa"
"CEXT39","Contrato de Câmbio (Contas a Pagar)","Programa"
"EPRO32","Vínculo Produto/Produto Cliente - Produto","Programa"
"ESTO46","Relatório de Produtos em Fabricação","Relatório"
"CEXT50","Relatório Contrato de Câmbio","Programa"
"SERV1","Configuração Padrão","Programa"
"VEND57","Performance de Entregas","Programa"
"CEXT63","Relatório Unificado de Drawback - Exportação","Relatório"
"ADMI104","Exportação Dados de Notas Fiscais - NOTFIS","Programa"
"MPSP26","Plano Mestre de Produção com Complemento","Relatório"
"FATU2","Gera Notas Fiscais Eletrônica - NF-e *** EXTINTOR*** era o FATU28","Programa"
"CEXT39","Contrato de Câmbio","Programa"
"PEDI15","Consulta Reserva Venda Estoque Futuro no Pedido de Compra","Programa"
"SERV2","Classificações","Programa"
"SERV3","Situações","Programa"
"SERV6","Atividade Técnica","Programa"
"SERV8","Documentação","Programa"
"ADMI110","Importação Nota Fiscal de Entrada de Importação","Programa"
"CEXT66","Emissão Invoice","Programa"
"CEXT66","Emissão Packing List","Programa"
"CEXT66","Emissão Invoice/Packing/Certificado Origem","Programa"
"FPAG41","02-Termo de Rescisão","Relatório"
"CPAG3","Ocorrências","Programa"
"CREC47","Relatório Documentos/Moeda","Relatório"
"CPAG38","Relatório Documentos/Moeda","Relatório"
"VEND62","Conta Corrente Royalties","Programa"
"VEND37","Ajuste de Royalties (Notas Fiscais)","Programa"
"VEND67","Relatório Demonstrativo Royalties","Programa"
"VEND63","Relatório Conta Corrente Royalties","Programa"
"PREC17","Relatório Eficiência Diária","Relatório"
"PEDI19","Relatório Pedidos para Encaixotamento","Relatório"
"FPAG42","03-Termo de Rescisão - Quitação","Relatório"
"FPAG43","04-Termo de Rescisão - Homologação","Relatório"
"FPAG48","Arquivo CAGED","Programa"
"FPAG45","06-Férias - Aviso","Relatório"
"PREC20","Relatório Cálculo Efetivo","Programa"
"PREC21","Relatório Cálculo Efetivo","Relatório"
"FPAG46_BRI","07-Férias - Solicitação de Abono","Relatório"
"ESTO49","Relatório Análise Estoque","Programa"
"ESTO41","Geração Registro Produtos Prontos","Programa"
"CFAB1","Apontamento OF Transf. Produção Estoque","Programa"
"CFAB22","Apontamento Rótulos Transf. Produção Estoque","Programa"
"ESTO40","Registro Produtos Prontos","Programa"
"ESTO45","Relatório de Registros Produtos Prontos","Programa"
"ESTO46","Relatório de Produtos em Fabricação","Relatório"
"RHUM15","Registro do Estabelecimento","Programa"
"FPAG49","Arquivo RAIS","Programa"
"FPAG50","Arquivo DIRF","Programa"
"CEXC9","Relatório de Reetiquetamento","Programa"
"CEXC10","Relatório de Reetiquetamento","Relatório"
"CEXC14","Conta Corrente Drawback","Programa"
"ADMI118","Posição de Conhecimentos","Relatório"
"ADMI119","Posição de Notas Fiscais","Relatório"
"CREC9","Análise ABC Treinamento","Programa"
"FATU36","Relatório Faturamento/Código Estrutural","Relatório"
"SERV12","Relatório Agenda de Atividades","Relatório"
"SERV11","Agenda de Atividades","Programa"
"SFP00530","Controle de Férias","Programa"
"SFP00230","Cadastro","Programa"
"FATU39","Gera Notas Fiscais de Crédito","Programa"
"EPRO39","Alteração Lista Material de Produtos","Programa"
"SERV13","Atividade Técnica (Plano Manutenção)","Programa"
"SERV15","Especificação Requisitos (AT&M)","Programa"
"CEXT69","Relatório Controle de Drawback Suspensão (Genérico)","Programa"
"ESTO67","Lançamento Produto Inventariado - CRI","Programa"
"CEXT70","Relatório Controle de Drawback Suspensão (Genérico)","Relatório"
"LFIS45","4.3.1 Mestre de Mercadorias/Serviços (Emitidas)","Programa"
"ADMI200","Simulador de Frete","Programa"
"CEXC23","Importação de Pedidos GEOX PL","Programa"
"CEXC25","Gerador de Pedidos","Programa"
"ORCA2","Gerar Previsão Ingresso/Desembolso","Programa"
"ORCA2","Exclusão Previsão Ingresso/Desembolso","Programa"
"ADMI128","Importação Analise de Venda","Programa"
"FATU15_ALEANZA","Relatório Notas Fiscais Matricial","Relatório"
"CEXC29","Relatório de Recebimentos","Programa"
"CEXC30","Relatório de Recebimentos","Relatório"
"ADMI201","Simulador de Frete","Relatório"
"ADMI205"," Gráfico Performace Entrega no Prazo","Relatório"
"COMP3","Pedidos de Compra Serviço","Programa"
"CONT44","Regras de Rateio p/ Centro de Custo","Programa"
"TERC3","Posição Remessa/Retorno","Programa"
"TERC7","Posição Remessa para Industrialização","Relatório"
"TERC6","Posição Remessa para Industrialização (Saldo)","Relatório"
"PATR19","Movimentação de Bens no Período","Programa"
"PATR20","Movimentação de Bens no Período","Relatório"
"RECE12","Importação Resposta Notas Fiscais Eletrônica - NF-e","Programa"
"ESTO69","Encerramento Estoque","Programa"
"ESTO70","Relatório Unidade Armazenamento","Relatório"
"ESTO68","Relatório de Produtos em Fabricação por Modelo","Relatório"
"CPAG3","Ocorrências","Programa"
"EPRO40","Relatório de Produtos","Programa"
"EPRO41","Relatório de Produtos","Relatório"
"MPSP9_BRISA","Plano Mestre de Produção","Relatório"
"MPSP24_BRISA","Plano Mestre de Produção","Relatório"
"CEXC1080","Faturamento Royaltes","Programa"
"VEND81","Classe Regra Comissão","Programa"
"PEDI23","Realocação de U.A. do Pedido","Programa"
"PEDI8_HENRICH_PDV","Emissão de Etiqueta Caixinha Individual - Henrich PDV","Relatório"
"FATU21_NKS","Notas Fiscais de Saída Matricial - Transf. ICMS","Relatório"
"FATU46","Notas Fiscais Inutilizadas - NF-e","Programa"
"FATU44","Relatório Romaneio Notas Fiscais (IMPRESSAO_PADRAO_ATELIER = 'S')","Programa"
"FATU45_HKUNTZLER","Relatório Romaneio Notas Fiscais","Relatório"
"PEDI7","Emissão de Etiquetas por Unidade de Produto por Plano de Produção(Amostras)","Programa"
"FATU138","Relatório Rótulos","Relatório"
"FATU43_BRISA","Etiqueta Térmica BRISA","Programa"
"ADMI202","Movimento Transportadoras","Programa"
"VEND72","Análise de Crédito","Programa"
"VEND73","Relatório Análise de Crédito","Relatório"
"VEND71","Configuração CRM","Programa"
"SERV23","Pedido (Serviço)","Relatório"
"SERV20","Documentação Pedido (Serviço)","Programa"
"SERV21_KUNDEN","Documentação Pedido (Serviço)","Relatório"
"SERV22","Pedido (Serviço)","Programa"
"CEXC77","Remessa Cobrança Escritural","Programa"
"CPAG35","LOG Remessa Cobrança Escritural","Relatório"
"ADMI129","Importação CEP de Bancos e Agencias","Programa"
"CREC49","Consulta de Documentos - Contas a receber","Programa"
"CPAG40","Consulta/Alteração de Documentos","Programa"
"CEXC33","Cliente/Lista de Produto - EDI","Programa"
"CEXC34","Controle de Produção - Espalmatura","Programa"
"CEXC35","Relatório Controle de Produção - Espalmatura","Relatório"
"CEXC36","Controle de Produção - Laminadora","Programa"
"CEXC37","Relatório Controle de Produção - Laminadora","Relatório"
"CEXC38","Controle de Produção - Coagulação","Programa"
"CEXC39","Relatório Controle de Produção - Coagulação","Relatório"
"CEXC40","Relatório Resultado de Produção","Programa"
"CEXC41","Relatório Resultado de Produção - Sintético","Relatório"
"CEXC42","Relatório Resultado de Produção - Analítico","Relatório"
"CEXC47","Importação Pedido de Venda","Programa"
"CEXC48","Solicitação de Necessidade de Materiais","Programa"
"CEXC49","Solicitação de Necessidade de Materiais","Relatório"
"CEXC50","Plano Mestre de Produção O.F. Modelo 2","Programa"
"CEXC51","Plano Mestre de Produção","Relatório"
"CEXC52","Plano Mestre de Produção","Relatório"
"CEXC55","Emissão Ordem de Fabricação 1 Processo","Programa"
"CEXC56","Emissão Ordem de Fabricação 1 Processo","Relatório"
"CEXC59","Emissão de Etiquetas - Layout Pimaco","Programa"
"CEXC61","Emissão de Etiquetas - Layout Pimaco","Relatório"
"CEXC45","Controle de Saldo Job Card GEOX","Programa"
"CEXC46","Controle de Saldo Job Card GEOX","Relatório"
"CEXC53","Plano Mestre de Produção com Complemento","Programa"
"CEXC60","Gera Arquivo NF","Programa"
"TERC1","Remessa (Reenvio)","Programa"
"CEXT71","10 - Gerar Nota Fiscal Complementar","Programa"
"ADMI123","Emissão Etiquetas Mala Direta Cliente","Programa"
"ADMI124","Emissão Etiquetas Mala Direta","Relatório"
"TERC1","Remessa (Código de Barras)","Programa"
"TERC20","Categoria","Programa"
"VEND74","Análise de Crédito - Sintético","Programa"
"VEND75","Relatório Análise de Crédito - Sintético","Relatório"
"FATU50","Relatório Imposto (Retenção)","Relatório"
"ADMI122","Configuração Diretórios Servidor","Programa"
"CREC50","Geração Arquivos ACI","Programa"
"MPSP33","Atualizar MRP","Programa"
"VEND35","Carteira de Pedidos (Vendas)","Programa"
"CREC51","Configuração Arquivo ACI","Programa"
"VEND36","Carteira de Pedidos (Produção)","Relatório"
"VEND61","Carteira de Pedidos/Código Estrutural (Produção)","Relatório"
"CEXC63","Solicitação de Necessidade de Materiais sem Plano Produção","Programa"
"MPSP34","Relatório Plano de Produção com Reserva por Produto","Relatório"
"COMP36","Cópia de Pedidos de Compra","Programa"
"FATU49","Emissão Comprovante de Coleta Resumido","Relatório"
"CEXC1007","Pré-importação Rótulos GEOX PL","Programa"
"CBAN21_SANTANDER_ESPANHOL","07  - Layout Cheque Santander Español","Relatório"
"FATU47","Emissão Comprovante de Coleta","Programa"
"FATU48","Emissão Comprovante de Coleta Detalhado","Relatório"
"VEND15","Relatório Demonstrativo Comissões (Provisão)","Programa"
"CEXC1013","Módulo","Programa"
"CEXC1014","Módulo Clientes","Programa"
"CEXC113","Gerenciador Atendimento","Programa"
"CFAB54","Roteiro de Fabricação c/ Especificações","Programa"
"CFAB55","Relatório Roteiro de Fabricação c/ Especificações","Relatório"
"CEXC1021","Contatos Clientes","Programa"
"RECE14","Relatório Notas Fiscais Empréstimo","Programa"
"RECE15","Relatório Notas Fiscais Empréstimo","Relatório"
"CEXC109","Gerenciador de Serviços","Programa"
"FPAG21","Lista Resumida Documentos Funcionário","Programa"
"FPAG22","Lista Resumida Documentos Funcionário","Relatório"
"VEND18","Demonstrativo Comissões","Relatório"
"CEXC1041","Recálculo Pis/Cofins","Programa"
"ESTO79","Apontamento de Requisição-NÃO USAR-PROGRAMA COM PROBLEMAS (Marcio)","Programa"
"CREC5","Relatório Vendor - Itaú","Programa"
"FPAG143","Tabela 10 - Tipos de Lotação Tributária","Programa"
"CEXC62","Gera Notas Fiscais - EDI","Programa"
"PEDI28","Relatório Comissões Pedido de Venda","Programa"
"CPRO12","Desclassificação de Produção","Programa"
"CPAG35","Log Gera Notas Fiscais - EDI","Relatório"
"ESTO39_BRISA","Relatório Solicitação de Necessidades sem Plano Pordução","Relatório"
"ADMI98","Configuração / Ocultação","Programa"
"ADMI53","Exercício Fiscal / Período de Lançamentos","Programa"
"ADMI54","Configuração","Programa"
"ADMI56","Configuração Categorias Pessoas Físicas/Jurídicas","Programa"
"ADMI63","Agendador de Tarefas","Programa"
"ADMI73","Controle de Patch","Programa"
"ADMI5","Configuração de Tabela","Programa"
"ADMI6","Programas","Programa"
"ADMI7","Mensagens","Programa"
"ADMI49","Configuração de Programas com Estrutura Hierárquica","Programa"
"ADMI62","Controle de Alterações de Programa","Programa"
"ADMI64","Relatório","Relatório"
"ADMI143","Monta Sql","Programa"
"ADMI30","Segmentação de Código","Programa"
"ADMI87","Configuração Obrigatoriedade de Informação de Campos da Seleção","Programa"
"CREC5","Relatório Documentos Kunden","Programa"
"LFIS58","Relatório DIPI Entradas","Programa"
"LFIS59","Relatório Dipi Entradas","Relatório"
"CREC6_KND","Relatório Documentos Kunden","Relatório"
"ADMI207","Tipo Contratos","Programa"
"CFAB7","Emissão Ordem de Fabricação Curtume (TAPETE) - RESUMIDA","Programa"
"ADMI208","Contratos","Programa"
"CEXC1013","Módulo","Programa"
"CEXC1014","Módulo Cliente","Programa"
"CEXT47","Ato Concessório","Programa"
"CFAB22","Apontamento de Rótulos - PGD MTZ - 115  Loc. 5108 CFAB22","Programa"
"LFIS103","Registro de Compras (CADEIN)","Programa"
"LFIS104","Registro de Compras (CADEIN)","Relatório"
"LFIS105","Registro de Vendas (CADEIN)","Programa"
"LFIS106","Registro de Ventas (CADEIN)","Relatório"
"CBAN33","Relatório Fluxo de Caixa (Conta Orçamentária)","Relatório"
"CBAN39","Relatório Fluxo de Caixa","Relatório"
"CFAB7","Emissão Ordem de Fabricação - LUTHEUZ","Programa"
"CFAB11_LTZ","Emissão Ordem de Fabricação","Relatório"
"VEND102","Configurador de Restrição de Vendas","Programa"
"MPSP30","Relatório Plano Mestre de Produção O.F. Modelo 1 - MALU","Programa"
"MPSP31_MLA","Plano Mestre de Produção","Relatório"
"MPSP32_MLA","Plano Mestre de Produção","Relatório"
"ADMI247","Atualizar Fórmula de Cálculo na Tabela de Frete","Programa"
"CFAB90","Apontamento Curtume","Programa"
"CFAB7","Emissão Ordem de Fabricação - MINUANO TAPETES","Programa"
"CFAB19_CURTUME_TAPETES","Emissão Ordem de Fabricação","Relatório"
"SERV24_KND","Atualiza Patch Entrega","Programa"
"CBAN55","Livro Caixa Contábil","Relatório"
"FATU104","Devoluções de Venda EMIS- fatu104 - FL01 116","Programa"
"FATU3","Notas Fiscais de Entrada FL01","Programa"
"FATU14","Relatório Notas Fiscais","Relatório"
"FATU15_ANTONIELLE","Relatório Notas Fiscais Matricial","Relatório"
"ADMI204","Gráfico Performance Entrega no Prazo","Programa"
"ADMI203","Movimento Transportadoras","Relatório"
"CBAN42","Recibo","Relatório"
"CEXC4","Relatório de Pedidos Revisados","Programa"
"CEXC5","Relatório de Pedidos Revisados","Relatório"
"CPAG3","Ocorrências","Programa"
"ESTO51","Relatório Análise Estoque - ESTO51","Relatório"
"CEXC11","Relatório de Pedidos Aptos a Faturar","Programa"
"COMP32","Posição de Necessidades de Materiais","Programa"
"ADMI115","Posição de Conhecimentos","Programa"
"ADMI116","Posição de Notas Fiscais","Programa"
"EPRO38","Relatório Especificação de Variações de Produto","Relatório"
"ESTO52","Relatório Posição de Estoque por Unidade Armazenamento/Lote","Programa"
"ESTO53","Relatório Posição de Estoque por SKU/Lote","Relatório"
"CEXC16","Liberar/Bloquear Notas Fiscais de Saída","Programa"
"PREC22","Aplicação/Restrição","Programa"
"CEXC17","Liberar/Bloquear Notas Fiscais de Entrada","Programa"
"PREC23","Lançamento de Aplicação/Restrição de Recurso","Programa"
"LFIS41","Geração Arquivo PER/DCOMP","Programa"
"ADMI120","Log por Transportadoras","Programa"
"ESTO62","Relatório Lançamentos Crédito Presumido - PEPS","Programa"
"ESTO63","Relatório Lançamentos Crédito Presumido - PEPS","Relatório"
"SFP12530","Cadastro de Funcionários","Programa"
"SFP04830","Admissionais","Programa"
"SFP09130","Demissionais","Programa"
"COMP31","Encerramento/Cancelamento Pedido de Compra","Programa"
"ADMI122","Configuração Diretórios Servidor","Programa"
"SFP03630","Manutenção de Lançamentos","Programa"
"SFP13430","Manutenção de Lançamentos Autônomos","Programa"
"CEXC23","Importação de Pedidos GEOX PO","Programa"
"COMP33","Relatório Posição de Necessidades de Materiais","Relatório"
"COMP34","Relatório Posição de Necessidades de Materiais","Relatório"
"COMP35","Relatório Posição de Necessidades de Materiais","Relatório"
"CEXC26","Importação Pedido Venda","Programa"
"PEDI22","Cancelamento Saldo de Reserva","Programa"
"CEXT45","Saldo Custo/Despesa Importação","Programa"
"CEXT46","Relatório Saldo Custo/Despesa Importação","Relatório"
"SERV7","Consumo de Materiais/Serviços","Programa"
"CEXT48","Licença Importação","Programa"
"FATU32","Relatório Faturamento Diário","Programa"
"CEXT52","Posição Liquidação de Processos","Programa"
"FATU33","Relatório Faturamento Diário","Relatório"
"VEND52","Manifestações","Programa"
"VEND53","Forma Contato","Programa"
"VEND54","Roteiros de Atendimento","Programa"
"VEND56","Atendimento","Programa"
"CEXT54","Gerar Contas a Pagar (Importação em Andamento)","Programa"
"CPAG37","Cálculo Variação Cambial","Programa"
"CPAG37","Cálculo Variação Cambial","Programa"
"ESTO47","Relatório Materiais não Apropriados por OF","Programa"
"LFIS40","Importação Arquivo Sintegra","Programa"
"CFAB39","Pedidos do Lote","Programa"
"RECE11","Importação Notas Fiscais de Entrada - EDI","Programa"
"EPRO34","Relatório Ficha Técnica","Programa"
"EPRO35","01 - Ficha Técnica","Relatório"
"MPSP30","Relatório Plano Mestre de Produção O.F. Modelo 1","Programa"
"MPSP31_MALU","Plano Mestre de Produção","Relatório"
"MPSP32_MALU","Plano Mestre de Produção","Relatório"
"PEDI17","Relatório Resumo Pedidos por Grade","Relatório"
"CEXT15","Custo/Despesa","Programa"
"CEXT65","Regra Cálculo Impostos Importação","Programa"
"CREC48","Bloqueto Matricial (Banco do Brasil)","Relatório"
"COMP24","Controle Industrialização","Programa"
"COMP25","Controle Industrialização","Relatório"
"ESTO58","Relatório Revisão Produto Inventariado - CRI","Programa"
"ESTO59","Relatório Revisão Inventário","Relatório"
"VEND64","Relatório Conta Corrente Royaltes","Excel"
"CFAB47","Emissão Cartão Componente por Largura","Programa"
"CFAB48","Emissão Cartão Componente por Largura","Relatório"
"CFAB48_HKUNTZLER","Emissão Cartão Componente por Largura (Matricial)","Relatório"
"PREC24","Lançamento Recurso Efetivo","Programa"
"PREC16","Relatório Produtividade Diária","Programa"
"PREC17","Relatório Produtividade Diária","Relatório"
"VEND999","Análise de Vendas - SKU","Programa"
"CEXC21","Relatório Plano Mestre de Produção por Recurso","Programa"
"CEXT67","Relatório Demonstrativo Variação Cambial","Programa"
"CEXT68","Relatório Demonstrativo Variação Cambial","Relatório"
"FATU2","Notas Fiscais de Saída - Cargo","Programa"
"FATU37_PIAGUI","Relatório Notas Fiscais Matricial","Relatório"
"FATU13","Reemissão Notas Fiscais Saída - Cargo","Programa"
"FATU37_PIAGUI","Relatório Notas Fiscais Matricial","Relatório"
"SERV14","Atividade Técnica (AT&M)","Programa"
"FATU40","Gera/Emissão Rótulo Unidade Logística - Pedido","Programa"
"MIND7","Relatório Manutenção por Vencer","Programa"
"FATU17_HKUNTZLER","Relatório Rótulos","Relatório"
"ADMI127","Agências por Banco","Programa"
"MIND8","Relatório Manutenção por Vencer","Relatório"
"LFIS46","4.3.2 Itens Mercadorias/Serviços (Emitidas)","Programa"
"LFIS47","4.3.3 Mestre Mercadorias/Serviços (Entradas)","Programa"
"LFIS48","4.3.4 Itens de Mercadorias/Serviços (Entradas)","Programa"
"LFIS49","4.3.5 Mestre de Notas Fiscais de Serviço (Emitidas)","Programa"
"LFIS50","4.3.6 Itens de Notas Fiscais de Serviço (Emitidas)","Programa"
"CEXC24","Análise de Vendas (ABC)","Programa"
"ORCA4","Configuração Orçamento","Programa"
"CPAG35","Log Importação Pedidos de Venda","Relatório"
"CEXC27","Importação Notas Fiscais","Programa"
"CPAG35","Log de Importação de Notas Fiscais","Relatório"
"PEDI15","Consulta Reserva Venda Estoque Futuro no Lote Produção","Programa"
"ESTO45","Relatório de Registros Produtos em Fabricação","Programa"
"ADMI146","Cadastro de Extensão","Programa"
"ADMI106","Termos Abertura/Encerramento - Paisagem","Relatório"
"CEXT57","Laudo Técnico","Programa"
"ADMI107","Termos Abertura/Encerramento - Retrato","Relatório"
"MPSP27","Relatório Plano Mestre de Produção por Modelo - HK","Programa"
"MPSP29_HKUNTZLER","Plano Mestre de Produção por Modelo","Relatório"
"ADMI109","002 - Configuração de Funções","Programa"
"CFAB38","Informações do Lote","Programa"
"CBAN34","Relatório Lançamentos por Centro de Custo","Programa"
"LFIS37","Geração Arquivo PIS/COFINS","Programa"
"SERV9","Gerenciador de Serviços","Programa"
"FATU998","Gerar Nota Fiscal Exportação","Programa"
"CPAG35","Log Importação de Produtos","Relatório"
"CPAG35","Log Importação de Saldos do Estoque","Relatório"
"ADMI114","Licenciador (Controle Royalties)","Programa"
"EPRO36","Relatório Materiais X Produto","Programa"
"EPRO37","Relatório Materiais X Produto","Relatório"
"ADMI80","Resumo Cadastro de Licenciadores","Programa"
"ADMI81","Relatório Resumo Cadastro de Agentes","Relatório"
"CPRO5","Relatório Análise de Eventos","Programa"
"COMP28","Plano de Necessidades de Compras por Plano de Produção","Programa"
"COMP29","Relatório Plano de Necessidades de Compras por Plano de Produção","Relatório"
"CREC7","Relatório Lançamentos","Programa"
"CREC8","Relatório Lançamentos","Relatório"
"ADMI123","Emissão Etiquetas Mala Direta Cliente - MATRICIAL","Programa"
"ADMI124","Emissão Etiquetas Mala Direta - MATRICIAL","Relatório"
"COMP30","Observação Pedido de Compra","Programa"
"PEDI20","Pedidos Aguardando Confirmação","Programa"
"PEDI20","Pedidos Aguardando Liberação Comercial","Programa"
"PEDI21","Pedidos Aguardando Confirmação","Relatório"
"PEDI21","Pedidos Aguardando Confirmação","Relatório"
"MIND2","Máquinas/Acessórios","Programa"
"PREC19","Relatório Eficiência","Relatório"
"CEXC22","Gerar Arquivo Averbação Eletrônica","Programa"
"SERV17","Atividade","Programa"
"SERV18","Controle de Qualidade","Programa"
"SERV19","Controle de Qualidade (Objetos)","Programa"
"FATU74","Gera NF pelo Rótulo - Estab3 - Loc 11","Programa"
"CBAN37","Relatório Realizado Financeiro p/Cta. Orçamentária","Programa"
"CBAN38","Realizado Financeiro por Conta Orçamentária","Relatório"
"FATU41","Emissão Rótulo Unidade Logística - Lote Produção Estoque","Programa"
"CEXC31","Relatório de Lançamentos - Kardex","Programa"
"CEXC32","Relatório de Lançamentos - Kardex","Relatório"
"CPAG3","Ocorrências","Programa"
"CEXT61","Ganhos com o Ato Concessório","Programa"
"CEXT62","Ganhos com o Ato Concessório","Relatório"
"ESTO41","Geração Registro Produtos em Fabricação","Programa"
"MPSP25","Plano Mestre de Produção Detalhado","Relatório"
"ESTO43","Relatório Posição Estoque por Identificação","Relatório"
"CEXT64","Configuração Importação/Exportação","Programa"
"CFAB41","Relatório Resumo Produção Produto","Programa"
"CFAB42","Resumo Produção Produto","Relatório"
"CFAB44","Plano de Corte Pegada","Programa"
"COMP26","Plano de Necessidades de Formas (Processo 361)","Programa"
"COMP27","Plano de Necessidades de Formas","Relatório"
"CFAB135","Resumo Produção Produto com Grade","Relatório"
"CEXC3","Roteiro de Entregas","Relatório"
"CEXC6","Romaneio por Pedido","Programa"
"CEXC1","Gera Arquivo NF Exportação","Programa"
"CEXC2","Roteiro de Entregas","Programa"
"CEXC7","Romaneio por Pedido","Relatório"
"ESTO50","Relatório Análise Estoque - ESTO50","Relatório"
"CPAG35","Log Lista de Produtos - EDI","Relatório"
"CPAG35","Log Pedido de Compra - EDI","Relatório"
"CPAG35","Log Importação Notas Fiscais de Entrada - EDI","Relatório"
"CPAG35","Log Gera Notas Fiscais - EDI","Relatório"
"CEXC12","Relatório de Pedidos Aptos a Faturar","Relatório"
"CPRO6","Relatório Análise de Eventos","Relatório"
"ESTO54","Relatório Posição de Estoque por SKU/Lote","Relatório"
"CEXC13","Entrada de Drawback","Programa"
"ESTO60","Relatório Crédito Presumido - PEPS","Programa"
"ESTO61","Relatório Crédito Presumido - PEPS","Relatório"
"VEND69","Análise de Vendas","Programa"
"MIND9","Relatório Histórico Máquinas/Acessórios","Programa"
"ADMI125","Parâmetros de Inicialização","Programa"
"CEXC18","Relatório Cotações","Relatório"
"CEXC19","Relatório de Pedidos a Produzir","Programa"
"CEXC20","Relatório de Pedidos a Produzir","Relatório"
"CEXC20","Relatório de Pedidos a Produzir","Relatório"
"MIND5","Relatório Pedido de Serviço","Programa"
"MIND6","Relatório Pedido de Serviço","Relatório"
"FATU2","Notas Fiscais de Saída - Crédito","Programa"
"FATU38_PIAGUI","Relatório Notas Fiscais Matricial","Relatório"
"FATU13","Reemissão Notas Fiscais Saída - Crédito","Programa"
"FATU38_PIAGUI","Relatório Notas Fiscais Matricial","Relatório"
"SERV16","Documentação de Objetos (AT&M)","Programa"
"ESTO66","Relatório Controle Estoque Físico x Inventário","Relatório"
"ESTO64","Relatório Produto à Inventariar - CRI","Programa"
"ESTO65","Relatório Produtos a Serem Inventariados","Relatório"
"MIND10","Relatório Histórico Máquinas/Acessórios","Relatório"
"FATU17_TERMOTEXTIL","Rótulos","Relatório"
"ORCA1","Contas Orçamentárias","Programa"
"FATU41","Emissão Rótulo Unidade Logística - Pedido","Programa"
"CEXC28","Faturamento Pedido - Conta Ordem Datelli","Programa"
"MIND11","Transferência Interna","Programa"
"MIND12","Relatório Localização Máquinas/Acessórios","Programa"
"MIND13","Relatório Localização Máquinas/Acessórios","Relatório"
"CBAN39","02 - Relatório Fluxo de Caixa","Relatório"
"CUST2","Controladoria","Programa"
"CEXT56","Relatório Ato Concessório","Relatório"
"ADMI57","Despachantes","Programa"
"VEND19","Análise de Vendas (ABC)","Programa"
"VEND48","Análise Comparativa de Vendas","Programa"
"VEND49","Análise Comparativa de Vendas","Relatório"
"VEND46","Análise Assiduidade de Clientes","Programa"
"ADMI100","Importação Dados de Notas Fiscais - NOTFIS","Programa"
"ADMI101","Importação Documento de Cobrança - DOCCOB","Programa"
"ADMI94","Importação Ocorrências na Entrega - OCOREN","Programa"
"ADMI97","Notas Fiscais de Frete","Programa"
"ADMI103","Transportadoras","Programa"
"ADMI102","Conhecimento de Frete","Programa"
"CEXT60","Relatório Ato Concessório","Programa"
"VEND47","Análise de Assiduidade de Clientes","Relatório"
"VEND59","Ranking de Vendas","Programa"
"VEND58","Evolução de Vendas","Programa"
"ESTO42","Configuração Tipo Estoque","Programa"
"PEDI7","Emissão de Etiqueta por Unidade de Produto por Plano de Produção(Gráfico/Matricial) - Henrich PDV","Programa"
"CPAG35","Log Importação Pedidos de Venda - EDI","Relatório"
"ADMI109","Configuração de Funções","Programa"
"ADMI1","Usuários","Programa"
"ADMI109","Configuração de Funções (Importação)","Programa"
"CBAN35","Relatório Lançamentos por Centro de Custo","Relatório"
"LFIS38","Equipamento ECF","Programa"
"LFIS39","Produto/Serviço Cupom Fiscal","Programa"
"CPRO8","Relatório Análise ABC de Eventos","Programa"
"ESTO55","Relatório Posição de Estoque por SKU/Lote","Relatório"
"CPRO9","Relatório Análise ABC de Eventos","Relatório"
"CPRO10","Relatório Evolução de Eventos","Programa"
"CPRO11","Relatório Evolução de Eventos","Relatório"
"ESTO56","Relatório Divergência Estoque Físico x Inventariado - CRI","Programa"
"ESTO57","Relatório Controle Estoque Físico x Inventário","Relatório"
"SERV10","Relatório Serviço","Relatório"
"PREC24","Lançamento Recurso Previsto","Programa"
"VEND35","Carteira de Pedidos por Linha","Programa"
"ADMI121","Log por Transportadoras","Relatório"
"MIND4","Plano Manutenção","Programa"
"MIND3","Operações","Programa"
"CFAB49","Consulta Custeio Ordem de Fabricação","Programa"
"LFIS42","4.9.1 Cadastro de Pessoas Jurídicas e Físicas","Programa"
"LFIS44","4.9.5 Tabela de Mercadorias/Serviço","Programa"
"LFIS43","4.9.4 Tabela de Natureza de Operação","Programa"
"ORCA3","Consulta Previsão Ingresso/Desembolso","Programa"
"LFIS51","Geração SPED - EFD Fiscal (ICMS/IPI)","Programa"
"CEXC72","Geração Arquivo ECD (Escrituração Contábil Digital) - 2009","Programa"
"ADMI111","Log","Programa"
"CONT51","Consulta de Lançamentos","Programa"
"CREC52","Análise ABC de Documentos/Clientes","Relatório"
"ADMI126","Processos Documentação","Programa"
"CEXC26","Importação Pedido Venda","Programa"
"CEXC73","Configuração Arquivos ECD","Programa"
"ADMI113","Importação/Exportação de Mensagens","Programa"
"CEXC74","Relatório Drawback","Programa"
"CEXC75","Relatório Drawback","Relatório"
"ADMI108","Importação/Exportação de Programas","Programa"
"RECE999","Recálculo Pis/Cofins","Programa"
"MPSP36","Relatório Plano Mestre de Produção por Modelo (+PROCESSOS)","Programa"
"COMP37","Resumo Plano de Necessidades de Compras","Programa"
"COMP38","Resumo Plano de Necessidades de Compras","Relatório"
"VEND76","Recibo de Pagamento de Comissões","Relatório"
"ADMI130","Classe de Representantes","Programa"
"CEXC76","Emissão de Bloquetos","Programa"
"ESTO71","Gera Nota Fiscal Abastecimento Materiais - Transferência para Produção","Programa"
"ESTO71","Gera Nota Fiscal Abastecimento Materiais - Simples Remessa","Programa"
"CONT52","Estruturação Relatórios Contábeis","Programa"
"CONT53","Relatório Estruturação Contábil","Programa"
"CONT54","Relatório Estruturação Contábil","Relatório"
"CEXT57","Laudo Técnico - Produto","Programa"
"CEXT72","Texto Comprovação Ato Concessório Intermediário","Programa"
"CEXT73","Relatório Comprovação Drawback Intermediário","Programa"
"CEXT74","Relatório Comprovação Drawback Intermediário","Relatório"
"SFP16230","Cálculo Provisão Prêmio Assiduidade","Programa"
"CEXC1002","Importação de Pedidos GEOX PO","Programa"
"CEXC1002","Importação de Pedidos GEOX PL","Programa"
"CEXC1003","Gerador de Pedidos","Programa"
"CEXC78","Ordens de Compra em Aberto","Programa"
"CEXC79","Ordens de Compra em Aberto","Relatório"
"CEXC1002","Importação de Pedidos DILLARDS","Programa"
"ESTO72","Relatório Controle Estoque Físico x Inventário","Relatório"
"CFAB9","Emissão de Talão (1 PROCESSO) (Termotransferência)","Programa"
"FATU22","Emissão Rótulo Unidade Armazenamento COMPLEMENTAR","Programa"
"CEXC1005","Controle de Saldo Job Card GEOX","Programa"
"CEXC1006","Controle de Saldo Job Card GEOX","Relatório"
"MIND14","Vínculo Situação/Operação - Faturamento/Recebimento","Programa"
"ESTO74","Relatório Posição Estoque Comparativo","Programa"
"ESTO75","Relatório Posição Estoque Comparativo","Relatório"
"CEXC1072","Livro de Vendas Resumido","Relatório"
"CBAN3","Lançamentos","Programa"
"LFIS72","Geração SPED - EFD Contribuições (PIS/Cofins)","Programa"
"CEXT75","Emissão Registro Exportação (RE)","Programa"
"CEXT76","Relatório RE","Relatório"
"CEXC1008","Importação Rótulos GEOX PL","Programa"
"EXTR2","Relatório Posição de Produção/Abastecimento","Programa"
"CEXC1010","Importação Código Produto Cliente GEOX PL","Programa"
"ADMI206","Recálculo Conhecimento de Frete","Programa"
"COMP14","Cotações Código Produto","Programa"
"CEXC1088","Relatório Inventário Materias Primas","Programa"
"CEXT50","Relatório Contrato de Câmbio (Exportação)","Programa"
"CEXT51","Contrato de Câmbio","Relatório"
"MPSP37","Plano Mestre de Produção por Modelo (+PROCESSOS)","Relatório"
"FATU22","Emissão Rótulo Unidade Armazenamento GLOBO STANDARD","Programa"
"PEDI25","Confirmação Instrução de Embarque","Programa"
"CEXC70","Apuração ICMS","Programa"
"CPAG43","Análise ABC de Fornecedores","Relatório"
"CEXC81","Retorno Cobrança Escritural (ITAU/PAULISTA)","Programa"
"CEXC80","Remessa Cobrança Escritural (ITAU/PAULISTA)","Programa"
"CBAN47","Finanças Totais p/Cta. Orçamentária","Programa"
"COMP39","Consulta Plano de Necessidades de Compras","Programa"
"CONT46","Estruturação DRE","Programa"
"CONT47","Relatório DRE Estruturado","Programa"
"CONT55","Atualiza Saldo Conta Contábil","Programa"
"CEXC100","Importação Lista de Preços","Programa"
"CEXT53","Relatório Liquidação de Processos","Relatório"
"FATU22","Emissão Rótulo Unidade Armazenamento GLOBO CATHY JEAN","Programa"
"FATU43_SCHMIDT_GLOBO_CATHY","Rótulo Unidade Armazenamento GLOBO CATHY JEAN","Relatório"
"CEXC1011","Cálculo Custo Médio Moeda Forte","Programa"
"ADMI209","Cópia de Tabela de Frete","Programa"
"LFIS73","Geração Arquivo DIRF","Programa"
"CEXC115","Emissão Etiqueta Avulsa Produto","Programa"
"CEXC116","Emissão Etiqueta Avulsa Produto","Relatório"
"VEND78","Relatório Posição de Pedidos","Programa"
"VEND80","Relatório Posição de Pedidos (Resumido)","Relatório"
"VEND79","Relatório Posição de Pedidos (Detalhado)","Relatório"
"CUST15","Apropriação dos Materiais Custeio Integrado","Programa"
"CUST16","Apropriação dos Materiais Custeio Integrado - Produto","Relatório"
"CUST17","Apropriação dos Materiais Custeio Integrado - OF","Relatório"
"CEXC111","Emissão do Pedido de Serviço","Relatório"
"CEXC107","Pedido de Serviço","Programa"
"FPAG20","Emissão da C.A.T.","Relatório"
"ESTO77","Geração Registro Produtos em Fabricação - Custeio Integrado","Programa"
"MPSP38","Relatório Plano Mestre de Produção por Modelo O.F. (+PROCESSOS) - OKSEBRA","Programa"
"MPSP39_OKSEBRA","Plano Mestre de Produção por Modelo O.F. (+PROCESSOS)","Relatório"
"RHUM1","C.B.O. - Classificação Brasileira de Ocupações","Programa"
"RHUM2","Agente Nocivo","Programa"
"RHUM3","C.A.E.P.I. Certificado de Aprovação de Equipamento de Proteção Individual","Programa"
"RHUM4","Responsável pela Monitoração Biológica","Programa"
"RHUM5","Responsável pelo Registro Ambiental","Programa"
"MPSP40","Exclusão Ordens de Fabricação Dependentes","Programa"
"RHUM6","Atividades","Programa"
"RHUM8","Jornada de Trabalho","Programa"
"RHUM7","Cargos","Programa"
"FPAG1","Vale Transporte","Programa"
"FPAG2","Autorização de Descontos","Programa"
"FPAG3","SEFIP - Categoria Funcionários","Programa"
"EPRO43","Catálogo de Vendas","Programa"
"CONT56","Cópia Configurações ECD","Programa"
"FPAG12","Vínculo Empregatício","Programa"
"EPRO21","Família Pré-Cálculo","Programa"
"CEXC1018","Nota Fiscal Saída de Transporte","Relatório"
"FATU53","Relatório Notas Fiscas Empréstimo","Programa"
"FPAG13","SEFIP - Ocorrências","Programa"
"FATU54","Relatório Notas Fiscais Empréstimo","Relatório"
"CREC53","Recebimento Cheque de Terceiro","Programa"
"ADMI132","Grau de Parentesco","Programa"
"FATU17_HENRICH_MI","Rótulo Unidade Armazenamento","Relatório"
"MIND20","Relatório Controle de Locação","Programa"
"MIND18","Relatório Contrato Empréstimo","Relatório"
"FATU22","Emissão Rótulo Unidade Armazenamento - HENRICH_MI","Programa"
"MIND19","Vínculo Origem/Operação - Faturamento/Recebimento","Programa"
"RHUM9","Funcionários","Programa"
"FPAG5","Tipo de Agente Nocivo","Programa"
"FPAG7","Tipo Exame de Saúde","Programa"
"FPAG6","Forma de Pagamento","Programa"
"FPAG8","Exames de Saúde","Programa"
"FPAG9","Tabela de Indicadores","Programa"
"FPAG10","Cargos da CIPA","Programa"
"FPAG11","SEFIP - Código de Movimentação","Programa"
"FPAG14","Situação do Funcionário","Programa"
"FPAG15","Tipo de Admissão","Programa"
"FPAG16","Convênio Médico","Programa"
"FPAG17","Tipo de Benefício por Tempo de Serviço","Programa"
"FPAG18","Sindicatos","Programa"
"FPAG54","03-Contrato de Trabalho (experiência)","Relatório"
"ADMI133","Estado Civil","Programa"
"FPAG55","04-Termo de Compensação de Horas","Relatório"
"MIND21","Relatório Controle Locação","Relatório"
"FPAG56","05-Pedido de não inclusão ou cancelamento de Vale Transporte","Relatório"
"FPAG19","Históricos e Movimentações","Programa"
"RHUM10","Tipo de Folha","Programa"
"RECE17","Relatório Eventos de Recebimento","Relatório"
"FPAG57","06-Declaração de deslocamento(Vale Transporte)","Relatório"
"RECE16","Relatório Eventos de Recebimento","Programa"
"CEXC64","Livro Razão (Centro Custo)","Programa"
"CEXC65","Relatório Livro Razão (Centro Custo)","Relatório"
"PEDI24","Instrução de Embarque","Programa"
"CONT50","Geração SPED - ECD (Escrituração Contábil Digital)","Programa"
"LFIS62","Manutenção Arquivo Sintegra","Programa"
"ESTO73","Ajuste Divergência Estoque X Inventariado - CRI","Programa"
"CEXC104","4.9.5 Tabela de Mercadorias/Serviço (Livros Fiscais)","Programa"
"CEXC105","4.3.3 Mestre Mercadorias/Serviços (Entradas) (Livros Fiscais)","Programa"
"CEXC106","4.3.4 Itens de Mercadorias/Serviços (Entradas) (Livros Fiscais)","Programa"
"EPRO15","Estruturação do Produto - Exibe Somente Lista de Materiais Válidos","Programa"
"CONT48","Relatório DRE Estruturado","Relatório"
"ESTO76","Ajuste Inventário - Entrada","Programa"
"CREC54","Remessa Cobrança Judicial(UNIK)","Programa"
"ESTO78_QTD_ABAST","Relatório Plano Abastecimento Materiais - Necessidades","Relatório"
"CEXT78","Relatório Processo de Exportação","Programa"
"CEXT79","Relatório de Processo de Exportação","Relatório"
"FPAG59","1-GUIA do INSS","Relatório"
"RHUM12","Eventos","Programa"
"MPSP41","Relatório Plano Mestre de Produção por Plano de Produção","Programa"
"MPSP43","Relatório Plano Mestre de Produção por Plano de Produção","Relatório"
"CFAB23","Exclusão Apontamento de Rótulos (ORG MARCOS) (Processo 154)","Programa"
"COMP43","Posição de Entregas e Remessas","Programa"
"FPAG32","Afastados por Período","Programa"
"CUST18","Conciliação de Estoque com Custeio Integrado","Programa"
"COMP44","Relatório Posição de Entregas e Remessas","Relatório"
"CUST19","Conciliação de Estoque com Custeio Integrado","Relatório"
"FPAG34","Comunicado de Dispensa","Programa"
"CEXC1024","Nota Fiscal de Entrada - CREDITO","Programa"
"FPAG36","Recibos","Programa"
"FPAG37","01-Mensal - Recibo de Pagamento","Relatório"
"FATU43_HKUNTZLER","Etiqueta Térmica HKUNTZLER","Programa"
"PEDI113","Lote Produção Estoque","Relatório"
"FPAG38","Folha de Pagamento","Programa"
"FPAG39","Rel. Folha de Pagamento (Normal)","Relatório"
"FPAG40","Rel. Folha de Pagamento (Tipo Evento Agrupado)","Relatório"
"CONT57","Geração SPED - FCONT","Programa"
"FATU16","Gera/Emissão Rótulo Unidade Armazenamento - HKUNTZLER Térmica","Programa"
"CEXC1024","Nota Fiscal de Entrada - RETENCAO","Programa"
"EPRO44","Relatório Desenvolvimento de Produto","Programa"
"CBAN21_BANBAJIO","03 - Layout Cheque BanBajio  México.","Relatório"
"CBAN21_BBRASIL","04 - Layout Banco do Brasil","Relatório"
"PATR24","Listagem de Créditos de ICMS","Relatório"
"CBAN21_HSBC_ESPANHOL","05 - Layout Cheque HSBC Espanhol","Relatório"
"PATR25","Listagem de Apropriação de Bens","Programa"
"PATR26","Listagem de Apropriação de Bens","Relatório"
"PATR27","Cálculo Apropriação (CIAP)","Programa"
"PATR28","Implantação CIAP","Programa"
"ADMI134","Importação de Centros de Custo","Programa"
"PATR15","Categoria de Bens","Programa"
"PATR1","Classes","Programa"
"PATR2","Bens","Programa"
"PATR3","Operações","Programa"
"CPAG35","Log Importação de Centros de Custo","Relatório"
"ADMI135","Importação Plano de Contas Contábil","Programa"
"CPAG35","Log Importação Plano de Contas Contábil","Relatório"
"PEDI4","Liberação Pedidos Faturamento - Sem Produção ESTAB 3","Programa"
"FATU15_BRISA","Relatório Notas Fiscais Matricial","Relatório"
"FATU16","Geração/Emissão Rótulo - Henrich","Programa"
"FATU17_PADRAO","Relatório Rótulos Henrich","Relatório"
"FATU16","Emissão Rótulo Unidade Armazenamento - HENRICH","Programa"
"FATU17_HENRICH","Rótulo Henrich","Relatório"
"RECE998","Inclusão de Empréstimo","Programa"
"CEXC1034","3 Relatório Lançamentos Contábeis","Relatório"
"CEXC1024","Nota Fiscal de Entrada - DEBITO","Programa"
"CEXC1033","Transformacao de Documentos","Programa"
"CEXC1025","Nota Fiscal de Saída - CREDITO","Programa"
"CEXC1035"," Manutenção Notas Fiscais E/S - Chave NF-e","Programa"
"CEXC1025","Nota Fiscal de Saída - DEBITO","Programa"
"CEXC1025","Nota Fiscal de Saída - FATURA","Programa"
"CEXC1025","Nota Fiscal de Saída - FATURA EXP","Programa"
"CEXC1063","Relatório Caja Chica","Relatório"
"PEDI29","Propostas Aguardando Confirmação","Programa"
"CEXC1025","Nota Fiscal de Saída - RETENCAO","Programa"
"CEXC1025","Nota Fiscal de Saída - TICKET","Programa"
"CEXC1025","Nota Fiscal de Saída - FATURA REEMISSAO","Programa"
"CONT62","Consulta Livro Razão","Programa"
"CONT63","Relatório Consulta Livro Razão","Relatório"
"ESTO71","Gera Nota Fiscal Abastecimento Materiais - Remessa Industrialização","Programa"
"ADMI220","Importação de Ocorrências","Programa"
"FPAG58","Relatório Recolhimento INSS","Programa"
"FPAG60","2-Resumo do INSS","Relatório"
"RHUM17","Textos para Relatórios","Programa"
"VEND14","Planejamento de Vendas (Recurso)","Programa"
"CEXC66","Balancetes (Centro Custo)","Programa"
"CEXC67","Relatório Balancetes (Centro Custo)","Relatório"
"CEXC28","Faturamento Pedido - Conta Ordem Aleanza","Programa"
"FATU15_ALEANZA","Relatório Notas Fiscais Matricial","Relatório"
"CEXC1000","Configuração de Interface","Programa"
"CREC25","Bloqueto Gráfico","Relatório"
"CFAB51","Finalização de Produção","Programa"
"PEDI112","Cancelamento Saldo Embarque","Programa"
"CEXC103","Comprobante de Egresos","Programa"
"CBAN36_SCA","Comprobante de Egresos","Relatório"
"LFIS63","4.3.1 Mestre de Mercadorias/Serviços (Emitidas) PERDCOMP","Programa"
"PEDI7","Emissão de Etiqueta por Unidade de Produto por Plano de Produção Globo (Termotransferência)","Programa"
"LFIS64","4.3.2 Itens Mercadorias/Serviços (Emitidas) PERDCOMP","Programa"
"LFIS65","4.3.3 Mestre Mercadorias/Serviços (Entradas) PERDCOMP","Programa"
"LFIS66","4.3.4 Itens de Mercadorias/Serviços (Entradas) PERDCOMP","Programa"
"LFIS67","4.3.5 Mestre de Notas Fiscais de Serviço (Emitidas) PERDCOMP","Programa"
"LFIS68","4.3.6 Itens de Notas Fiscais de Serviço (Emitidas) PERDCOMP","Programa"
"FATU22","Emissão Rótulo Unidade Armazenamento DILLARDS","Programa"
"PEDI7","Emissão de Etiqueta por Unidade de Produto por Plano de Produção Complementar(Termotransferência)","Programa"
"MIND16","Gera Nota Fiscal Ordem de Transferência","Programa"
"PEDI26","Relatório Pedidos para Encaixotamento p/ O.F.","Programa"
"FPAG113","Relatório Término de Contrato","Programa"
"ESTO21","Ajuste Inventário - Saída","Programa"
"CEXC1017","Notas Fiscais Saída de Transporte Antigo","Programa"
"PEDI27_PEGADA","Relatório Pedidos para Encaixotamento P/ O.F.","Relatório"
"FVEN8","Orçamento Materiais Diretos","Programa"
"CEXC1022","Relatório Posição de Pedidos","Programa"
"FPAG28","Acidente de Trajeto","Relatório"
"COMP42","Gera Nota Fiscal Remessa Beneficiamento","Programa"
"CEXC1023","Relatório Posição de Pedidos","Relatório"
"FPAG35","Comunicado de Dispensa","Relatório"
"CEXC1028","Categoria Pedido","Programa"
"CEXC1029","Liberação Pedidos Faturamento","Programa"
"CEXC1030","Reemissão Notas Fiscais Saída de Transporte","Programa"
"CEXC1018","Nota Fiscal Saída de Transporte","Relatório"
"PEDI14_LTZ","Importação Pedidos de Venda - EDI (LTZ) - VEDDER","Programa"
"PEDI131","Log Importação Pedidos de Venda - EDI (LTZ)","Relatório"
"PROJ3","Cadastro de Atividades","Programa"
"CFAB1","Apontamento de Ordem de Fabricação (Processo 1298)","Programa"
"CPAG48","Relatório de Documentos (com observações da NFE)","Relatório"
"PEDI4","Liberação Pedidos Faturamento Conta e Ordem","Programa"
"FATU15_BRISA","Relatório Notas Fiscais Matricial","Relatório"
"CEXC1088","Relatório Inventário Produtos Terminados","Programa"
"ESTO86","Relatório Análise de Procedência","Relatório"
"FPAG114","Rel. Término de Contrato","Relatório"
"PEDI8_GNT","Emissão de Etiqueta","Relatório"
"FATU159","Emissão de LPN","Relatório"
"CONT65","Classe de Custos por Conta Contábil","Programa"
"EPRO49","02 - Coleção","Programa"
"CEXC1106","Gera Arquivo Siescon (Entrada)","Programa"
"CFAB1","Apontamento de Talão - MÚLTIPLOS PRODUTOS","Programa"
"CFAB19_MINUANO_TAPETES_RESUM","Emissão Ordem de Fabricação","Relatório"
"CEXT84","0 - Processo Exportação Completo (Minuano Estofados)","Programa"
"COMP9","Pedido Compra","Relatório"
"CREC59","Relatório de documentos com lista de preço","Relatório"
"CFAB165","Emissão Ordem de Fabricação","Relatório"
"CFAB11_MINUANO","Emissão Ordem de Fabricação","Relatório"
"PEDI1","Pedidos de Venda - Representante - Marti","Programa"
"PEDI5","Pedido de Venda","Relatório"
"CBAN43","Lançamento Provisão de Avulsos C.P.","Programa"
"PEDI7","Emissão de Etiquetas por Produto (Terra e Água) Produto Acabado","Programa"
"ESTO85","Relatório Análise de Procedência","Programa"
"PEDI64","Emissão de Etiquetas por Produto (Terra e Água)","Relatório"
"FATU155","Emissão de Talão","Relatório"
"PEDI7","Emissão de Etiqueta por Unidade de Produto por Plano de Produção - PEGADA Datamax","Programa"
"FATU17_TEA","RELATORIO","Relatório"
"EPRO42","Alteração Lista Material de Produtos","Relatório"
"CONT49","Relatório Log de Contabilização","Relatório"
"CEXC69","Relatório Plano Mestre de Produção por Modelo","Programa"
"CEXC70","Relatório Plano Mestre de Produção por Modelo","Relatório"
"LFIS52","4.1.1 Lançamentos Contábeis (Livro Diário/Razão)","Programa"
"LFIS53","4.1.1 Lançamentos Diário Auxiliar","Programa"
"LFIS54","4.1.2 Saldos Mensais (Balancetes Mês a Mês)","Programa"
"LFIS55","4.1.2 Saldos Mensais Diário Auxiliar","Programa"
"LFIS56","4.9.2 Tabela de Plano de Contas","Programa"
"LFIS57","4.9.3 Tabela de Centro de Custo/Despesa","Programa"
"CEXC53","Relatório Plano Mestre de Produção com Complemento (não utilizado pelo cliente)","Programa"
"FATU35_BRISA","Relatório Faturamento","Relatório"
"CEXC1009","Consulta Importação Rótulos GEOX PL","Programa"
"MIND15","Transferência Externa","Programa"
"CPAG35","Log de Importação da Tabela de Cores","Relatório"
"CUST13","Apropriação do Custeio Integrado (programa inativo)","Programa"
"CUST14","Apropriação do Custeio Integrado","Relatório"
"FATU43_CONDORIN","Etiqueta Térmica CONDORIN","Programa"
"FATU22","Emissão Rótulo Unidade Armazenamento CONDORIN","Programa"
"CUST12","Apropriação do Custeio Integrado - Resumo","Relatório"
"CEXC1096","Gera Notas Fiscais Transferência","Programa"
"CEXC1033","Caja Diario y Mayor","Relatório"
"CEXC1019","Manifesto de Cargas","Programa"
"CEXC1020","Manifesto de Cargas","Relatório"
"FATU998","Importa Nota Fiscal V3 => K11","Programa"
"MIND17","Gera Contrato de Empréstimo","Programa"
"CEXC1032","Caja Diario y Mayor","Programa"
"RHUM13","Fórmulas","Programa"
"CEXC1026","Relatório Quedan","Programa"
"CEXC1024","Nota Fiscal de Entrada - CCF","Programa"
"CEXC1027","Comprovante de Retenção","Programa"
"CEXC1042","Registro de Saídas","Programa"
"CEXC1036","Registro de Entradas","Programa"
"CEXC1038","Livro de Compras e Serviço","Relatório"
"CEXC1047","Livro de Vendas a Consumidores","Programa"
"CEXC1048","Livro de Vendas a Consumidores","Relatório"
"CEXC1040","Livro de Compras","Relatório"
"CEXC1025","Nota Fiscal de Saída - CCF","Programa"
"CEXC1045","Livro de Vendas a Contribuintes","Programa"
"CEXC1046","Livro de Vendas a Contribuintes","Relatório"
"CEXC1037","Livro de Compras e Serviço","Programa"
"CEXC1043","Livro de Vendas e Serviço","Programa"
"CEXC1044","Livro de Vendas e Serviço","Relatório"
"CEXC1031","Relatório Quedan","Relatório"
"CEXC1054","Arquivos - Provedores Excluídos em IVA","Programa"
"CEXC1055","Arquivos - Clientes","Programa"
"CEXC1049","Arquivos - F930 Arquivos de Entradas e Saídas","Programa"
"CEXC1056","Arquivos - Mandante","Programa"
"ADMI137","Importação Tabela de Cores","Programa"
"CEXC1052","Arquivos - Provedores Inscritos em IVA","Programa"
"CEXC1051","Arquivos - F983 Arquivo analitico de produtos","Programa"
"VEND89","Planejamento de Vendas","Programa"
"VEND90","Planejamento de Vendas","Relatório"
"EPRO34","Relatório Estrutura de Produto","Programa"
"EPRO35","Estrutura do Produto EPRO35","Relatório"
"EPRO56_CADEIN","Estrutura de Produto EPRO56","Relatório"
"ESTO81","Relatório de Formulações","Relatório"
"CPAG13_IREPORT","Relatório Saldos Agrupados por Intervalo de Dias","Programa"
"CPAG14_IREPORT","Relatório Saldos Agrupados por Intervalo de Dias","Relatório"
"PEDI43","Gera Pedido de Venda - EDI Padrão VALE","Programa"
"CPAG35","Log Importação Pedidos de Venda - EDI","Relatório"
" FATU17_TECNOCALZA","Rótulo Tecnocalza.","Relatório"
"RECE29","Relatório Solicitação de Pagamento","Programa"
"RECE30_TECNOCALZA","Relatório Solicitação Pagamento","Relatório"
"ESTO88","Relatório Consumos por Estrutural","Relatório"
"FATU14_TECONOCALZA_RETENCAO","Relatório Guia de Remissão","Relatório"
"ESTO81","Emissão Relatório","Relatório"
"FATU90_EQUADOR","Comprovante Retenção Compra - EQUADOR","Programa"
"FPAG129","Tabela 15 - Agentes Causadores/Situações Geradoras de Doença Profissional","Programa"
"LFIS97","Apuração PIS COFINS","Programa"
"MPSP5","Plano de Produção - GUILHERME","Programa"
"RECE31","Relatório Impostos","Relatório"
"CONT45","Lançamentos Encerramento do Exercício Fiscal","Programa"
"LFIS71","4.10.5 Registro de Entrada de Mercadorias/Serviços Emitidas por Terceiros","Programa"
"LFIS69","4.10.1 Registro de Saída de Mercadorias/Serviços","Programa"
"LFIS70","4.10.4 Registro de Entrada de Mercadorias/Serviços","Programa"
"CEXC1002","Importação de Pedidos GLOBO","Programa"
"CEXT50","Relatório Contrato de Câmbio","Programa"
"CEXT51","Relatório Contrato de Câmbio","Relatório"
"CEXT51","Relatório Contrato de Cãmbio","Relatório"
"CEXT50","Relatório Contrato de Câmbio","Programa"
"CEXT51","Relatório Contrato de Câmbio","Relatório"
"COMP40","Orçamento de Compras por Plano de Produção","Programa"
"COMP41","Orçamento de Compras por Plano de Produção","Relatório"
"CEXC114","Atendimento","Programa"
"FPAG25","Tipo de Salário","Programa"
"CEXC1101","Emissão de Talão(1 PROCESSO) VIVO","Programa"
"CEXC1012","Recálculo dos Vencimentos de Notas Fiscais","Programa"
"PEDI7","Emissão de Etiqueta por Unidade de Produto por Plano de Produção - NKS","Programa"
"RHUM11","Configuração de Períodos","Programa"
"ESTO25","Plano Abastecimento Materiais - Transferência Produção - BRISA","Programa"
"CEXC1022","Relatório Posição de Pedido para Embarque","Programa"
"CEXC1023","Relatório Posição de Pedido para Embarque","Relatório"
"PEDI1","Pedido - Vendedor","Programa"
"ESTO26","Relatório Plano Abastecimento Materiais - Transferência Produção","Relatório"
"EPRO52","Relatório Ficha de Processos (Curtume)","Programa"
"EPRO53","Relatório Ficha de Processos","Relatório"
"FATU22","Emissão Rótulo UA TECNOCALZA.","Programa"
"PEDI7","Emissão de Etiqueta por Unidade de Produto por Plano de Produção - VIVO_TXT","Programa"
"PEDI4","Liberação Pedidos Faturamento - ADOC","Programa"
"FATU97","Aluguel de Produtos","Programa"
"MPSP5","Plano de Produção - CURTUME","Programa"
"COMP52","Relatório de Log","Relatório"
"EPRO15_T","*** Crst *** Estruturação do Produto","Programa"
"PREC30","Tempo de Setup por Variação de Cores","Programa"
"CREC75","Relatório Retorno Cobrança Escritural por Ocorrências","Relatório"
"PEDI1","Pedido de Venda - Exportação","Programa"
"PEDI5","Pedido de Venda","Relatório"
"FATU15_PIAGUI","Relatório Notas Fiscais Matricial","Relatório"
"FATU3","03. Notas Fiscais de Entrada","Programa"
"FATU14","Relatório Notas Fiscais","Relatório"
"FATU15_ANTONIELLE","Relatório Notas Fiscais Matricial","Relatório"
"ESTO97","Consulta Local de Armazenagem - LOTE","Programa"
"CONT69","Balanço de Comprovação/Geral","Programa"
"CEXC1122","Importação de Resposta MDF-e (Novo)","Programa"
"CONT70","Balanço de Comprovação","Relatório"
"CFAB1","Apontamento de Ordem de Fabricação (Balança)","Programa"
"LFIS100","Livros Fiscais - Relatório de Registro de Compras","Programa"
"CFAB70","Resumo Produção Recurso (Data, Recurso e Produto)","Relatório"
"CFAB70","Resumo Produção Recurso (Data, Recurso e Modelo)","Relatório"
"CFAB70","Resumo Produção Recurso (Data, Recurso e Construção)","Relatório"
"COMP5","Recebimento de Pedidos de Compra Localização 76","Programa"
"COMP32","Relatório de Inspeção","Relatório"
"RECE26","Relatório Carta de Correção","Relatório"
"FATU64","Relatório Recibo","Relatório"
"ESTO111","Relatório Emissão de Lote","Relatório"
"ESTO121","Relatório de Produtos em Fabricação UM Sec.","Relatório"
"ESTO121","Relatório de Produtos em Fabricação UM Sec.","Relatório"
"CEXT101","Relatório Comissão Conta Gráfica","Relatório"
"CFAB57","Apontamento de Rótulos Curtume MINUANO, Processo 223","Programa"
"CFAB67_MINUANO","Etiqueta Minuano","Relatório"
"CEXC99","Liberação Pedidos Faturamento - Brisa","Programa"
"CEXC1108","Relatório","Relatório"
"EXTR1","Relatório Plano Mestre de Produção de Injetados/Laminados","Programa"
"LFIS60","Relatório DIPI Saídas","Programa"
"LFIS61","Relatório DIPI Saídas","Relatório"
"CEXC1001","Movimentações da Interface","Programa"
"COMP5_PERU","Recebimento de Pedidos de Compra - Peru","Programa"
"CBAN48","Relatório Realizado por Conta Orçamentária","Relatório"
"CEXC101","Gerar Requisição Informada","Programa"
"CEXC102","Gerar Pedido (Interface Schmidt)","Programa"
"CBAN21_PIAGUI","02 - Layout Cheque Bancomer México","Relatório"
"CACE25","Exportação Arquivo Refeitório","Programa"
"FATU44","Relatório Pre Venda","Programa"
"RECE38","Relatório Notas Fiscais - Livros","Programa"
"RECE40","Relatório de Recebimentos","Relatório"
"PATR21","Saldos a Creditar CIAP","Programa"
"PATR22","Saldos a Creditar CIAP","Relatório"
"CEXC1001","Movimentações da Interface - MIGRAÇÃO","Programa"
"CBAN21_BRADESCO","09 - Layout Cheque Bradesco","Relatório"
"CBAN21_SANTANDER_ESPANHOL","08 - Layout Cheque SANTANDER Espanhol","Relatório"
"CBAN21_PICHINCHA","10 - Layout Cheque Pichincha","Relatório"
"CPAG51","Livro Razão (Lista saldo documento)","Relatório"
"COMP3","Pedido Compra / Observação","Programa"
"CONT68","Relatório Estado de Resultados - Analítico","Relatório"
"ADMI216","Importa Agência Banco","Programa"
"PEDI4","Liberação Pedidos Faturamento Emp 207 Estab 108","Programa"
"FATU110","Retorno de Industrialização Depósito Disponível - LIBERAR_PED_SEM_PRODUCAO = N","Programa"
"CBAN53","Relatório Retenções de Ganancias e Impostos","Relatório"
"FPAG116","Arquivo MANAD","Programa"
"FATU17_PEGADA","Rótulo Unidade Armazemamento PEGADA","Relatório"
"FATU16","Rótulo por Pedido PEGADA","Programa"
"FATU107","Rótulos com NFS- PEGADA","Programa"
"FATU17_PEGADA_GRD_MARCAR","Rótulos","Relatório"
"CFAB2","Consulta Ordem de Fabricação","Programa"
"FATU15_KHTA","Relatório Nota Remission","Relatório"
"CONT73","Exportação Lançamentos","Programa"
"FATU105","Gera Notas Fiscais - EDI Padrão VALE","Programa"
"CPAG35","Log Gera Notas Fiscais - EDI","Relatório"
"CFAB7","Emissão Ordem de Fabricação - Curtume NIMO","Programa"
"CFAB19_NIMO","Emissão Ordem de Fabricação","Relatório"
"PEDI4","PEDI4 - PGD Lib. Pedidos Faturamento MTZ 115 Loc.5108 PEDI4","Programa"
"FATU15_BRISA","Relatório Notas Fiscais Matricial","Relatório"
"PEDI117","Relatório de Pendencias de Clientes","Relatório"
"CFAB19_KRM","Relatório OF Curtumes","Relatório"
"EPRO15","Estruturação do Produto PGD","Programa"
"FPAG163","Verso da Ficha de Atividades","Relatório"
"ESTO30_OKS","Relatório Análise Consumo Previsto x Realizado","Programa"
"ESTO31_OKS","Relatório Análise Consumo Previsto x Realizado","Relatório"
"CFAB2","Consulta Ordem de Fabricação","Programa"
"RECE13","Relatório de Impostos","Relatório"
"CEXC1004","Posição de Pedidos (Interface)","Programa"
"PEDI4","Liberação Pedidos Faturamento Emp 2 Estab 3 Loc 9","Programa"
"MPSP5","Plano de Produção - UTILIZA_DATAS_PLANEJAMENTO = N - Loc. 16","Programa"
"FPAG33","Afastados por Período","Relatório"
"TERC2","Retorno (Sem Apontamento Produção/Sem Código de Barras)","Programa"
"CFAB52","Emissão Cartão Componente por Pedido Compra","Programa"
"CFAB53_HKUNTZLER","Emissão Cartão Componente por Pedido Compra","Relatório"
"CEXC117","Importação Quantidade Estoque Segurança","Programa"
"CFAB56","Consulta Etiqueta Unidade Produto","Programa"
"CONT13","Contabilização - Gera Arquivo Exportação Conta Contábil","Programa"
"PATR23","Listagem de Créditos de ICMS","Programa"
"CFAB65","Apontamento de Rótulos - PROC 160066","Programa"
"PEDI44","Liberação Pedidos Faturamento - ESTAB 713100 - RENAN","Programa"
"CFAB1","Apontamento de Ordem de Fabricação EMPRESA TESTE","Programa"
"PEDI8_GNT","Emissão de Etiqueta","Relatório"
"FATU159","Emissão de LPN","Relatório"
"FATU155","Emissão de Talão","Relatório"
"CFAB22","Apontamento de Rótulos (Processo 160066)","Programa"
"PEDI1","Lote Produção Estoque - RENAN","Programa"
"ORCA8","Quotas Orçamentárias","Programa"
"ORCA9","Quotas Orçamentárias","Relatório"
"CONT33","Relatório de Contabilização","Relatório"
"PEDI113","Lote Produção Estoque","Relatório"
"EPRO110","Bloqueio de Lista de Preço","Programa"
"FATU2","Notas Fiscais de Saída - CORRETO","Programa"
"PEDI7","Emissão de Etiqueta por Unidade de Produto por Plano de Produção - HK ARGOX","Programa"
"CONT34","Relatório de Totais de Documentos para Contabilização","Relatório"
"CONT35","Relatório de Totais por Conta Contábil para Contabilização","Relatório"
"CONT49","Relatório Log de Contabilização","Relatório"
"LFIS86","Relatório de Vendas por NCM","Relatório"
"ESTO93","Solicitação de Necessidades de Materiais Simplificado","Programa"
"ESTO99","Relatório de Separação de Rótulos para Controle de Embarque","Programa"
"ESTO100","Relatório Para Separação de Embarque Local de Armazenagem.","Relatório"
"MPSP5","Plano de Produção - UTILIZA_DATAS_PLANEJAMENTO = N - Loc. 31","Programa"
"FATU2_PERU","Notas Fiscais Saída - PERU NOTAS - N","Programa"
"FATU30","Recibo de Locação","Relatório"
"FATU13_ARGENTINA","Reemissão Notas Fiscais Saída","Programa"
"FATU75","Relatório Notas Fiscais Matricial","Relatório"
"FATU110","Retorno de Industrialização Depósito Disponível","Programa"
"RECE8","Relatório Retornos de Remessa Industrialização","Relatório"
"EPRO59","Estruturação de Produtos - Abastecimento","Programa"
"ESTO105","Relatório de Saldos por Pedido de Venda","Relatório"
"FATU35_BRISA","Relatório Faturamento","Relatório"
"FATU36","Relatório Faturamento - Cod. Estrutural","Relatório"
"RECE38","Relatório Notas Fiscais - Livros - Detalhe Recib.","Programa"
"RECE41","Relatório de Recebimentos","Relatório"
"VEND101","Demonstrativo Comissões - Histórico","Relatório"
"PEDI4","Liberação Pedidos Faturamento PEDI4 POZZO","Programa"
"FATU15_BRISA","Relatório Notas Fiscais Matricial","Relatório"
"PEDI117","Relatório de Pendencias de Clientes","Relatório"
"FPAG155","Relatório Ocorrências Fixas","Relatório"
"CEXT84","0 - Processo Exportação Completo (Cortume Krumenauer)","Programa"
"PEDI1","Pedidos de Venda (Curtume) - Simplificado","Programa"
"PEDI5","Pedido de Venda","Relatório"
"PEDI5_UM_SECUNDARIA","Pedido de Venda Qtd Secundária.","Relatório"
"PEDI4_OF","Liberação Pedidos Faturamento OF - LIBERAR_PED_SEM_PRODUCAO = 'N'(Marcio) ESTAB 3, LOC 16","Programa"
"CFAB45","Plano de Corte","Relatório"
"FATU15_BRISA","Relatório Notas Fiscais Matricial","Relatório"
"PEDI117","Relatório de Pendencias de Clientes","Relatório"
"CLAB20","1 - Relatório Consulta de Amostra (PEDIDO)","Relatório"
"CLAB21","1 - Relatório Consulta de Amostra (N.F)","Relatório"
"CEXT83","Certificado de Origem","Relatório"
"CEXT81_KRUMENAUER","Invoice","Relatório"
"CEXT82_KRUMENAUER","Processo Exportação - Packing List","Relatório"
"CEXT76","Relatório RE","Relatório"
"CEXT94_KRUMENAUER","Documento Saque","Relatório"
"CEXT100","Instrução de Pagamento.","Relatório"
"FATU14","Relatório Notas Fiscais","Relatório"
"FATU15_ANTONIELLE","Relatório Notas Fiscais Matricial","Relatório"
"RECE26","Relatório Carta de Correção","Relatório"
"CFAB90","Apontamento MultiTarefa - Curtume - SECAGEM (pelo Classificar)","Programa"
"FATU71","01-Genera Guia Remisión por Romaneio","Programa"
"CFAB90","Apontamento MultiTarefa - Curtume - RECURTIR - FULÃO 01  RECURTIMENTO WELL","Programa"
"FATU15_BRISA","Relatório Notas Fiscais Matricial","Relatório"
"PEDI7","Emissão de Etiqueta por Unidade de Produto por Plano de Produção - PEGADA 2 ETIQ / PÁGINA","Programa"
"PEDI135","Etiqueta PEGADA","Relatório"
"PEDI117","Relatório de Pendencias de Clientes","Relatório"
"FATU3","Notas Fiscais de Entrada - Atelier","Programa"
"FATU64","Relatório Recibo","Relatório"
"ESTO111","Relatório Emissão de Lote","Relatório"
"CFAB90","Apontamento MultiTarefa - Curtume - Proc 171-CLASSIFICAR WB","Programa"
"PEDI1","Pedidos de Venda - RESERVA_LOTE_AUTOMATICAMENTE = 'S'","Programa"
"PEDI5","Pedido de Venda","Relatório"
"PEDI132","Pro-Forma","Relatório"
"ESTO124","Relatório Produtos a Serem Inventariados","Relatório"
"CREC84","Relatório Documentos","Relatório"
"PEDI4","Liberação Pedidos Faturamento - PRIMEVO - ESTAB 3","Programa"
"FATU15_BRISA","Relatório Notas Fiscais Matricial","Relatório"
"PEDI117","Relatório de Pendencias de Clientes","Relatório"
"ESTO64","Relatório Produto à Inventariar Resumido - CRI","Programa"
"CREC84","Relatório Documentos","Relatório"
"CFAB3","Consulta Produção","Programa"
"CFAB36","Consulta Lotes","Programa"
"EPRO34","Relatório Ficha Técnica - Piagui","Programa"
"CFAB38","Informações do Lote","Programa"
"CFAB39","Pedidos do Lote","Programa"
"CFAB40","Consulta Materiais X Lotes","Programa"
"EPRO80","Ficha Técnica","Relatório"
"CFAB49","Consulta Custeio Ordem de Fabricação","Programa"
"CFAB56","Consulta Etiqueta Unidade Produto","Programa"
"CFAB93","Manutenção de Apontamentos","Programa"
"CFAB93_MANUTENCAO","Manutenção de Apontamentos - Manutenção","Programa"
"CFAB94","Consulta Rótulos Agrupados","Programa"
"EPRO15","Estruturação do Produto (Exibe Lista de Materiais e Processos Inativos)","Programa"
"CFAB64","Resumo Produção Recurso (Data, Recurso e Faixa Horária)","Relatório"
"FATU100","3 - Relatório Notas Fiscais Débito Argentina","Relatório"
"PEDI8_PEGADA_P","Etiqueta PEGADA","Relatório"
"CEXT84","0 - Processo Exportação Completo-Padrão I","Programa"
"PEDI7","Emissão de Etiqueta por Unidade de Produto por Plano de Produção - PEGADA_P","Programa"
"CEXT81_PCS","Invoice","Relatório"
"CEXT82_PCS_V2","Packing List","Relatório"
"MPSP71","Plano Mestre de Produção por Modelo - Recurso (NOVO) - Todas as Datas","Relatório"
"COMP3","01. Pedidos de Compra","Programa"
"COMP9","Pedidos de Compra","Relatório"
"COMP20","Pedido de Compra - Exportação","Relatório"
"PEDI1","04. Pedidos de Venda","Programa"
"PEDI5","Pedido de Venda","Relatório"
"PEDI132","Pro-Forma","Relatório"
"MPSP5","05. Plano de Produção - UTILIZA_DATAS_PLANEJAMENTO = S","Programa"
"TERC1","06. Remessa - Terceirização","Programa"
"RECE45","09. Retornos de Remessa Industrialização - Distribuição Automática dos Materias de Retorno [EMIS]","Programa"
"CFAB10","Estorno Apontamento de Ordem de Fabricação- 79","Programa"
"FATU3_PGD_207","Notas Fiscais de Entrada 207 PEGADA","Programa"
"CFAB9","Emissão de Talão (1 PROCESSO)","Programa"
"CEXC1121","Emissão Ordem de Fabricação 1 Processo","Programa"
"CFAB12_MYRABEL","Emissão de Talão","Relatório"
"CFAB1","Apontamento de Ordem de Fabricação - ERICSSON","Programa"
"PEDI8_GNT","Emissão de Etiqueta","Relatório"
"VEND116","Análise de Vendas (ABC)","Relatório"
"FATU159","Emissão de LPN","Relatório"
"FATU155","Emissão de Talão","Relatório"
"COMP24","Controle Industrialização 64B","Programa"
"COMP25","Controle Industrialização","Relatório"
"PEDI8_HENRICH_PDV","ETIQUETA IMPRESSÃO AUT","Relatório"
"CFAB7","Emissão Ordem de Fabricação - GASS","Programa"
"CFAB140","Emissão Ordem de Fabricação","Relatório"
"FATU44","Relatório Romaneio Notas Fiscais (HK)","Programa"
"FATU45_HKUNTZLER","Relatório Romaneio Notas Fiscais","Relatório"
"TERC1","Remessa Normal (Tai)","Programa"
"TERC10","5.2.3.4 Gera Notas Fiscais Remessa Industrialização - (AW)","Programa"
"VEND99","Relatório de Documentos","Relatório"
"ADMI999_DISCO","Discos e Músicas - Treinamento","Programa"
"CFAB30","Emissão Talão (Terra e Água)","Programa"
"CFAB148","Emissão Talão Terra e Água","Relatório"
"PEDI1","Pedidos de Venda - T&A","Programa"
"PEDI5_KBK","Pedido de Venda","Relatório"
"PEDI132","Pro-Forma","Relatório"
"EPRO34","Relatório Estrutura de Produto - 64B","Programa"
"EPRO35","Estrutura do Produto EPRO35","Relatório"
"EPRO56","Estrutura de Produto EPRO56","Relatório"
"EPRO70","Estrutura Produto EPRO70","Relatório"
"CBAN18","Relatório Controle Cheque de Terceiros - 64 bits","Programa"
"MPSP5","Plano de Produção -  UTILIZA_DATA_ETIQUETA","Programa"
"CREC22","Emissão de Bloquetos - Safra CNAB400","Programa"
"CREC25_SAFRA_2","Boleto Gráfico - Safra","Relatório"
"CREC25","Bloqueto Gráfico","Relatório"
"EPRO65","Tipos de Segmento","Programa"
"FPAG158","Relatórios Gerenciais","Programa"
"FPAG159","Relatórios Gerenciais","Relatório"
"ADMI235","1 - Cadastro de Comissões","Programa"
"ESTO4","Requisição Informada - PEG","Programa"
"CREC85","Bandeiras de Cartões","Programa"
"VEND5","Relatório Lista de Preço - 64 bits","Programa"
"VEND6","Relatório Lista de Preço","Relatório"
"COMP73","Plano de Necessidades de Compras por Plano de Produção - MCM","Programa"
"CEXC1058","Arquivos - Devedores","Programa"
"CEXC1057","Arquivos - Credores","Programa"
"CFAB7","Emissão Ordem de Fabricação - MCM","Programa"
"CFAB137","Emissão Ordem de Fabricação","Relatório"
"FATU16","Gera/Emissão Rótulo Unidade Armazenamento - KABEK","Programa"
"FATU167","Relatório Rótulos","Relatório"
"PEDI1","Pedido de Venda Kabek","Programa"
"FATU16","Gera/Emissão Rótulo Unidade Armazenamento - KABEK - 2 RÓT. PÁG.","Programa"
"FATU168","Relatório Rótulos","Relatório"
"COMP72","Posição de Entregas - Agrupamento Comprador","Relatório"
"CEXC1060","Cadastro Caja Chica","Programa"
"FATU24","Emissão Rótulos com Documento Fiscal - Gráfico Matricial","Programa"
"ORCA7","Previsão de Cotas Orçamentárias","Programa"
"ESTO146","Relatório de Transferência entre Localizações","Relatório"
"MPSP5","Plano de Produção - VEDDER","Programa"
"CFAB7","9. Emissão Ordem de Fabricação (+PROCESSO) PEGADA","Programa"
"CFAB137","01 OF CFAB37","Relatório"
"CFAB17","9.2 Emissão Cartão Componente - (AW)","Programa"
"CFAB116","Emissão Cartão Componente","Relatório"
"CFAB71","Relatório Produto por Plano/Construção/Modelo/Produto - Gass","Programa"
"CFAB72","Relatório Produto por Plano/Construção","Relatório"
"CFAB73","Relatório Produto por Plano/Construção/Modelo","Relatório"
"CFAB141","Relatório Produto por Plano/Construção/Modelo/Produto","Relatório"
"CFAB84","Relatório Produto por Grupo Cliente/Plano/Pedido","Relatório"
"CFAB142","Relatório Resumo Produção - Gass","Programa"
"CFAB143","Resumo Produção - Gass","Relatório"
"PEDI7","Emissão de Etiquetas por Produto CRISTÓFOLI","Programa"
"PEDI63","Emissão de Etiqueta Guante","Relatório"
"FPAG38","Folha de Pagamento - 64 bits","Programa"
"FPAG39","Rel. Folha de Pagamento (Normal)","Relatório"
"FPAG40","Rel. Folha de Pagamento (Tipo Evento Agrupado)","Relatório"
"FPAG82","Rel. Folha de Pagamento (Resumido)","Relatório"
"EPRO77","Lista Materiais - Novo","Programa"
"EPRO15","Estruturação do Produto - Henrich (Mostra Mat e Processos Inativos)","Programa"
"EPRO34","1.2.3.4.5 Relatório Estrutura de Produto - (AW)","Programa"
"EPRO35","Estrutura do Produto EPRO35","Relatório"
"EPRO56","Estrutura de Produto EPRO56","Relatório"
"EPRO70","Estrutura Produto EPRO70","Relatório"
"EPRO56_CADEIN","EPRO56_CADEIN","Relatório"
"MPSP5","Plano de Produção - Marcio, com Aproveitamento, Loc 16, UTILIZA_DATAS_PLANEJAMENTO = N, por Cliente, Padrão Pegada","Programa"
"PEDI2","Categorias de Pedido - Lote Estoque","Programa"
"TERC2","Retorno - Simão","Programa"
"CREC88","Atualização de Juros/Despesas","Programa"
"MPSP19","Lote Produção Estoque - Antigo","Programa"
"PEDI113","Lote Produção Estoque","Relatório"
"PATR29","Valor Apropriado CIAP","Programa"
"PATR30","Valor Apropriado CIAP","Relatório"
"CEXC1103","Gera Arquivo Lista Preço TXT","Programa"
"FPAG126","Tabela 01 - Categorias de Funcionários","Programa"
"FATU58","3 - Relatório de Carta de Correção","Relatório"
"ADMI240","Faixa de Retenção","Programa"
"PEDI44","PGD Lib. Pedidos Faturamento MTZ 116 Loc.5109 [Processo Novo]","Programa"
"FATU15_BRISA","Relatório Notas Fiscais Matricial","Relatório"
"RECE8","Retornos de Remessa Industrialização - Automático","Relatório"
"RECE26","4 - Relatório Carta de Correção Entrada","Relatório"
"PEDI50","Emissão de Etiqueta Avulsa por Produto - OPN","Programa"
"PEDI1","Pedido de Venda - CONFIGURAR","Programa"
"PEDI5","Pedido de Venda","Relatório"
"CACE29","Marcação de Horas Extras","Programa"
"CACE30","Autorização de Horas Extras","Programa"
"CLAB18","4 - Laudo Automotivo - Inglês","Relatório"
"CLAB19","3 - Laudo Automotivo - Português","Relatório"
"FATU121","Numeração de Notas Fiscais Argentina","Programa"
"CREC22","Emissão de Bloquetos - SICOOB CNAB240","Programa"
"CREC25","Bloqueto Gráfico","Relatório"
"CREC48","Bloqueto Matricial (SICOOB)","Relatório"
"CREC25_SICOOB","Boleto Gráfico - SICOOB","Relatório"
"FATU59","Controle de Embarque","Programa"
"RECE7","Retornos de Remessa Industrialização - Atelier Ped.cat.6","Programa"
"RECE8","Relatório Retornos de Remessa Industrialização","Relatório"
"CEXC1125","Relatório Demonstrativo de Comissões Minuano/Estofados","Programa"
"CEXC1127","Relatório Demonstrativo de Comissões Minuano/Estofados","Relatório"
"PEDI117","Relatório de Pendencias de Clientes","Relatório"
"PEDI51","Etiqueta Avulsa por Produto - OPN","Relatório"
"EPRO69","Lista Materiais Mostrando Inativos","Programa"
"RHUM1","C.B.O. - Classificação Brasileira de Ocupações","Programa"
"COMP3","Pedidos de Compra - Estab. 115 - Comprador 3","Programa"
"COMP9","Pedidos de Compra","Relatório"
"COMP20","Pedido de Compra - Exportação","Relatório"
"ESTO3","Devoluções - Habilita O.F.","Programa"
"FATU13","Reemissão Notas Fiscais Saída - Recreo","Programa"
"FATU15_RECREO","Relatório Notas Fiscais Matricial","Relatório"
"FATU2","Notas Fiscais de Saída - Recreo","Programa"
"FATU58","Relatório de Carta de Correção","Relatório"
"FATU117","Relatório de Ocorrências de Faturamento","Relatório"
"FATU15_RECREO","Notas Fiscais de Saída","Relatório"
"CFAB90","Apontamento MultiTarefa - Curtume Nimo - Com Apontamento Inicial e Final, c/AGRUPAMENTO","Programa"
"COMP14","Cotação","Programa"
"TERC2","Retorno (Sem Apontamento Produção/Código de Barras)","Programa"
"TERC4","Exclusão Remessa","Programa"
"TERC5","Exclusão Retorno","Programa"
"TERC10","Gera Notas Fiscais Remessa Industrialização","Programa"
"TERC2","Retorno (Sem Apontamento Produção/Sem Código de Barras)","Programa"
"CEXC1096","Relatório Demonstrativo de Comissões","Relatório"
"CEXC1095","Relatório Demonstrativo de Comissões","Programa"
"PEDI6_IREPORT","Lançamentos Contas a Receber","Programa"
"FPAG136","Tabela 08 - Classificações Tributárias","Programa"
"FPAG137","Arquivo E-Social","Programa"
"FPAG146","Tipo de Mão de Obra","Programa"
"FATU17_HKUNTZLER","FATU17","Relatório"
"COMP51","Grupo de Cotações","Programa"
"MPSP2","Planejamento (DESCONSIDERAR_DATA_BASE = S)","Programa"
"ESTO25","Plano Abastecimento Materiais - Remessa Industrialização - DH","Programa"
"ESTO26","Relatório Plano Abastecimento Materiais - Remessa Industrialização","Relatório"
"RECE7","Retornos de Remessa Industrialização - Sem Apontamento Produção","Programa"
"RECE8","Relatório Retornos de Remessa Industrialização","Relatório"
"CONT66","Relatório Estado de Resultados","Programa"
"CONT67","Relatório Estado de Resultados - Normal","Relatório"
"COMP5_PERU","Recebimento de Pedidos de Compra - REMISSION","Programa"
"COMP32","Relatório de Inspeção","Relatório"
"FATU3_PERU","Notas Fiscais de Entrada - PERU - REMISSION - Consulta Guia de Remisión","Programa"
"FATU12","Transferências p/ F1","Programa"
"TERC1","Remessa CERTO","Programa"
"TERC14","Pagamento de Terceiros","Programa"
"TERC15","Relatório de Pagamento à Ateliers","Relatório"
"TERC8","Emissão Extrato","Programa"
"TERC9_UNIDADE_CONTROLE","Emissão Extrato","Relatório"
"TERC3","Posição Remessa/Retorno","Programa"
"TERC6","Posição Remessa para Industrialização","Relatório"
"TERC7","Posição Remessa para Industrialização (Saldo)","Relatório"
"TERC3","Posição Remessa/Retorno - CADEIN","Programa"
"TERC7_CDI","Posição Remessa/Retorno CADEIN","Relatório"
"TERC3","Posição Remessa/Retorno - Imagem CADEIN","Programa"
"TERC7_IMAGEM_CDI","Posição Remessa/Retorno Imagem CADEIN","Relatório"
"TERC12","Impressão de Recibos","Programa"
"TERC13","Relatório Recibo de Descontos","Relatório"
"TERC3","Posição Remessa/Retorno","Programa"
"TERC6_CADEIN","Posição Remessa para Industrialização","Relatório"
"TERC7","Posição Remessa para Industrialização (Saldo)","Relatório"
"COMP3","Pedidos de Compra Serviço","Programa"
"TERC20","Categoria","Programa"
"TERC11","Recibos de Venda p/ Tercerizados","Programa"
"TERC13","Relatório de Recibos","Relatório"
"ESTO39","Relatório Solicitação de Necessidades","Relatório"
"CONT40","Bases de Rateio por Centro de Custos","Programa"
"FATU57","Consulta Notas Fiscais (Padrão Atelier = 'S')","Programa"
"PEDI34","Relatório Disponibilidade Pedido Lote Estoque (Rótulo UM Diversas)","Programa"
"PEDI35","Relatório Disponibilidade Pedido Lote Estoque (Rótulo UM Diversas)","Relatório"
"CONT37","Classe de Custos","Programa"
"CONT39","Classe de Custos por Plano de Contas Mestre","Programa"
"CONT59","Gera Cálculo de Tarifas","Programa"
"CONT58","Gera Rateio por Centro de Custo","Programa"
"CONT38","Método Distribuição/Rateio","Programa"
"CONT41","Mapa Localização Custos (MLC)","Programa"
"CONT42","Mapa Localização Custos","Relatório"
"CONT43","Mapa Localização Custos","Relatório"
"CONT64","Razão por Centro de Custo","Programa"
"CONT63","Balancete por Centro de Custo","Programa"
"FATU26","Emissão Minuta Pegada I","Programa"
"CACE17","Cadastro de Ocorrências - Grupos","Programa"
"PEDI2","Categorias de Pedido - Outros","Programa"
"CPAG36","Compensação (Adto X Pgto)","Programa"
"CPAG45","Compensação (Devo X Pgto)","Programa"
"CPAG56","Compensação de Duplicatas (Recebimentos x Faturamentos)","Programa"
"PEDI7","Emissão de Etiqueta por Unidade de Produto por Plano de Produção(Oksebra)","Programa"
"PEDI8_OKSEBRA","Emissão de Etiqueta Caixinha Individual","Relatório"
"CFAB61","Emissão Lote","Programa"
"CFAB30","Emissão Talão (+PROCESSO) - Mould Injetados","Programa"
"CFAB62_PEGADA","Emissão Lote","Relatório"
"FATU92","Emissão Minuta","Relatório"
"CFAB31_CV","Emissão Talão","Relatório"
"VEND99","Relatório de Documentos","Relatório"
"CPAG41","Aceite para Pagamento ( DDA )","Programa"
"CPAG42","Relatório Arquivo DDA","Relatório"
"CPAG24","Aceite para Pagamento (COM Código de Barras)","Programa"
"CPAG23","Aceite para Pagamento (SEM Código de Barras)","Programa"
"CPAG44","Manutenção Modalidade/Aceite DDA/Retorno Escritural","Programa"
"CPAG31","Transformação de Documentos","Programa"
"COMP5_PERU","Recebimento de Pedidos de Compra - Peru [PADRAO]","Programa"
"PEDI4_OF","Liberação Pedidos Faturamento OF - LIBERAR_PED_SEM_PRODUCAO = 'N'(Marcio)","Programa"
"FATU15_BRISA","Relatório Notas Fiscais Matricial","Relatório"
"PEDI117","Relatório de Pendencias de Clientes","Relatório"
"FATU16","Gera/Emissão Rótulo Unidade Armazenamento - BOREART Térmica","Programa"
"FATU43_BOR","Emissão Rótulos","Relatório"
"FATU43_BOR","Etiqueta Térmica BOREART","Programa"
"LFIS123","Importação Arquivo SPED (XML) - NFC-e Consumidor Eletronica","Programa"
"LFIS78","Relatório Consolidação PIS/COFINS por CST - ENTRADAS","Relatório"
"FATU61","06 - Fab - Monitor Notas Fiscais Eletrônicas Romaneio","Programa"
"CEXC1078","Faixa de Rendimento","Programa"
"CFAB50","Observação de Ordem de Fabricação","Programa"
"RECE25","Controle de Balança","Relatório"
"CEXC1081","Relatório Plano de Embarque","Programa"
"CEXC1082","Relatório Plano de Embarque","Relatório"
"FATU58","1 - Relatório de carta de correção (PDF).","Relatório"
"FATU30","2 - Recibo de Locação","Relatório"
"FATU58","3 - Relatório de Carta de Correção","Relatório"
"RECE26","4 - Relatório Carta de Correção Entrada","Relatório"
"FATU61","Monitor Notas Fiscais Eletrônicas Romaneio","Programa"
"FATU58","1 - Relatório de carta de correção (PDF).","Relatório"
"FATU30","2 - Recibo de Locação","Relatório"
"FATU58","3 - Relatório de Carta de Correção","Relatório"
"RECE26","4 - Relatório Carta de Correção Entrada","Relatório"
"ESTO93","Solicitação de Necessidades de Materiais Simplificado -Sem Categoria de Produto","Programa"
"FATU13","Reemissão Notas Fiscais Saída - Serviço","Programa"
"FATU15_CARMIM","Relatório de Notas Fiscas de Saída - Serviço","Relatório"
"FATU15_CARMIM","Relatório de Notas Fiscas de Saída - Serviço","Relatório"
"FPAG31","Cálculo de Provisões","Programa"
"FPAG89","Rel. Acompanhamento de Salários","Relatório"
"CFAB7","Emissão Ordem de Fabricação - ESTOFADOS","Programa"
"FATU104","Devoluções de Venda LCTO FATU104 - MTZ 115","Programa"
"CREC23_MATR_TEA","Emissão de Duplicatas Matricial","Relatório"
"MPSP38","Relatório Plano Mestre de Produção por modelo O.F(+Processos)","Programa"
"EPRO49","05 - Estilo","Programa"
"EPRO49","06 - Linha","Programa"
"EPRO49","07 - Grupo Modelo","Programa"
"EPRO49","08 - Modelo","Programa"
"EPRO49","09 - Disponivel Catalogo","Programa"
"MPSP39","Relatório Plano Mestre de Produção por modelo O.F(+Processos)","Relatório"
"PEDI39","Relatório Pedidos por Grade (Cliente)","Relatório"
"FPAG78","24-Prorrogação de Contrato","Relatório"
"RHUM18","Eventos - Identificação","Programa"
"FATU74","PGD Gera NF pelo Rótulo MTZ 115 Loc.5118","Programa"
"COMP49","Plano de Necessidades de Compras Resumida","Programa"
"CEXT83","03 - Certificado de Origem","Relatório"
"CEXT76","05 - Relatório RE","Relatório"
"CEXC48","Baixa de Requisição por Lista","Programa"
"MPSP46","Ordem de Fabricação - Geração e Abast - JEAN","Programa"
"FATU68","Romaneio","Programa"
"CFAB1","Apontamento de Procedência","Programa"
"CBAN32","Fluxo de Caixa - Versão Mould","Programa"
"CACE8","3 - Manutenção de Movimentos","Programa"
"FATU34","Relatório Faturamento - Brisa","Programa"
"CEXC1086","Gera Conhecimento de Transporte Eletrônico - CT-e","Programa"
"EPRO46","Relatório Estruturação de Produto por Pedido","Programa"
"FPAG85","Rel. Vencimentos e Descontos","Relatório"
"FATU61_153","Monitor Notas Fiscais Eletrônicas (Patch 153)","Programa"
"FATU58","Relatório de carta de correção (PDF).","Relatório"
"FATU30","Recibo de Locação","Relatório"
"PEDI7","Emissão de Etiquetas por Unidade de Produto por Plano de Produção - LTZ","Programa"
"PEDI8_LTZ","Emissão de Etiqueta - LTZ","Relatório"
"ESTO80","Etiquetas","Relatório"
"CFAB58","Configuração Situação da Ordem de Fabricação","Programa"
"FATU2_TIAGO","Notas Fiscais de Saída - Tiago","Programa"
"FATU30","Relatório Notas Fiscais","Relatório"
"CEXC1117","Relatório Notas Fiscais Matricial","Relatório"
"FATU58","Relatório de Carta de Correção","Relatório"
"FATU117","Relatório de Ocorrências de Faturamento","Relatório"
"FATU113","Registro de Ventas","Programa"
"FATU112","Registro de Ventas","Relatório"
"RECE38","Registro de Ventas 2","Programa"
"RECE39","Registro Ventas 2","Relatório"
"CFAB90","Apontamento MultiTarefa - Curtume xxx","Programa"
"MPSP56","Relatório Pedidos Venda e LEs c/ dados de Abastecimento, Produção e Faturamento","Relatório"
"CBAN13","Libro Caja","Programa"
"CBAN55","Libro Caja","Relatório"
"CFAB1","Apontamento de Ordem de Fabricação - MÚLTIPLOS PRODUTOS (Não sugere Produto)","Programa"
"MPSP46","Ordem de Fabricação - Geração e Abast (Acabamento)","Programa"
"CFAB11_SEM_QUEBRA","Emissão Ordem de Fabricação","Relatório"
"ESTO109","Emissão Relatório","Relatório"
"ESTO80","Emissão Etiqueta","Relatório"
"FATU62","Monitor Notas Fiscais de Serviço Eletrônicas","Programa"
"PREC27","Propriedade Operações","Programa"
"FPAG84","Relatório de Vencimentos e Descontos","Programa"
"CFAB65","Apontamento de Rótulos - PROC 247 LOCAL 9886","Programa"
"CFAB23","Exclusão Apontamento de Rótulos ARG - Proc 246","Programa"
"FPAG27","Farmácia","Programa"
"FATU110","Retorno de Ind. Depósito Disp. - LIBERAR_PED_SEM_PRODUCAO = N","Programa"
"FPAG87","Convênio GoodCard","Programa"
"CEXT97","Descrição Documentos Carta Remessa","Programa"
"FPAG108","Demostrativo Resumido de Funcionários","Relatório"
"CFAB106","Manutenção de Transferência OF","Programa"
"CFAB105","Relatório de Transferêcias","Relatório"
"FATU104","Devoluções de Venda EMIS- fatu104 - MTZ 115 - Obriga Evento","Programa"
"MPSP60","Relatório de Programação de Produção Máquina - Analítico","Relatório"
"PREC7","Processos - Parametrizado","Programa"
"MPSP5","Plano de Produção - Agr Pedidos","Programa"
"CFAB107","Relatório de Rendimento c/ Custo - Químicos Detalhados","Relatório"
"PEDI4","Liberação Pedidos Faturamento emp2 un4 est1 loc2","Programa"
"FATU15_BRISA","Relatório Notas Fiscais Matricial","Relatório"
"FATU71","01-Genera Factura 002 por Romaneio","Programa"
"FATU15_BRISA","Relatório Notas Fiscais Matricial","Relatório"
"PEDI117","Relatório de Pendencias de Clientes","Relatório"
"FATU2_PERU","Factura Serie 002 (PDS)","Programa"
"FATU135","Relatório de Romaneio","Relatório"
"PEDI117","Relatório de Pendencias de Clientes","Relatório"
"COMP58","Relatório Cotações","Programa"
"COMP59","Relatório cotações","Relatório"
"FATU98","cópia de nota estab 115","Programa"
"CFAB49","Consulta Custeio","Programa"
"ADMI272","Importação METADADOS","Programa"
"CFAB53_HKUNTZLER_WILL","Emissão Cartão Componente","Relatório"
"FATU110","Retorno de Ind. Depósito Disp. - LIBERAR_PED_SEM_PRODUCAO = S","Programa"
"FATU108","2 - Cadastro de Percurso","Programa"
"CEXC1110","5 - Notas Fiscais de Saída de Transporte CT-e (Novo)","Programa"
"CEXC1113","1 - Cadastro de Motoristas","Programa"
"CEXC1114","3 - Cadastro de Veiculos","Programa"
"CEXC1119","4 - Configuração de Manifesto de Cargas","Programa"
"FATU96","Relatório de Carta Correção","Relatório"
"CEXC1120","7 - Consulta e Cancelamento do MDF-e","Programa"
"CEXC1111","7 - Importação de Resposta MDF-e","Programa"
"CEXC1118","6 - Geração de Manifesto Eletrônico (Nota)","Programa"
"CEXC1118","6 - Geração de Manifesto Eletrônico (CTE)","Programa"
"PEDI44","Liberação Pedidos Faturamento CRST - EMP2","Programa"
"TERC1","Remessa - GÃ","Programa"
"TERC10","Gera Notas Fiscais Remessa Industrialização (Estab 71671, Serie7)","Programa"
"PEDI1","Lote Produção Estoque","Programa"
"FPAG90","Relação de Admitidos e Demitidos","Programa"
"FPAG91","Rel. Relação de Admitidos e Demitidos","Relatório"
"PEDI113","Lote Produção Estoque","Relatório"
"CPRO13","Classificação de Inspeção","Programa"
"EPRO47_ADOC","Estruturação de Produto por Pedido","Relatório"
"FPAG88","Acompanhamento de Salários","Programa"
"FPAG109","2 - Lista Vale Transporte","Relatório"
"FPAG92","Ocorrências Fixas","Programa"
"FPAG110","3 - Resumo Vale Transporte","Relatório"
"ESTO23","Transferência entre Localização","Programa"
"LFIS125","Natureza Operação CFOP","Programa"
"FPAG111","4 - Lista Vale Transporte C/ Valor Desconto","Relatório"
"PEDI114","Cancelamento de Entrega Pedido","Relatório"
"FATU22","Emissão Rótulo Unidade Armazenamento - BRETON","Programa"
"FATU22","Emissão Rótulo Unidade Armazenamento VIVO","Programa"
"CFAB7","Emissão Ordem de Fabricação (+PROCESSO) - GNT","Programa"
"CFAB188","Emissão Ordem de Fabricação","Relatório"
"PEDI1","Pedidos de Venda (Curtume)","Programa"
"PEDI5","Pedido de Venda","Relatório"
"CREC58","Manutenção Data Vencimento/Cobrança","Programa"
"FPAG118","Arquivo GRRF","Programa"
"CEXC1112","Gera Arquivo Siescon (Saída)","Programa"
"CEXC1080","Faturamento","Programa"
"CPAG49","Consulta de Documentos - Contas a pagar","Programa"
"EPRO48","00 - Configuração Características Produto","Programa"
"FPAG153","12-Recibo Semanal","Relatório"
"VEND106","Relatório Metas - Previsto X Realizado (Calçadista)","Excel"
"EPRO70","03 - Ficha Maior","Relatório"
"CFAB1","Apontamento de Talão - Gera Rótulo Talão - Loc 16 (1ª)","Programa"
"ADMI144","Processamento de Leituras - Controle Rotativo de Inventario - CRI","Programa"
"ESTO112","Plano Abastecimento Materiais e Controle de Ordem de Fabricação (Marcio, sem Medição)","Programa"
"CFAB19_AMC","CFAB19_AMC","Relatório"
"ESTO131","Apontamento de Requisição - Lote - Estab 3, Loc 11","Programa"
"CFAB65","Apontamento de Rótulos - Processo 79 Localização 11","Programa"
"FATU156","Relatório Liberação Pedidos Faturamento por Rota (Resumido)","Relatório"
"FATU153","Liberação Pedidos Faturamento por Rota Estab 3 - Emissão LOCAL 122","Programa"
"CFAB65","Apontamento de Rótulos - KLD","Programa"
"ESTO97","Consulta Local de Armazenagem - ROTULO","Programa"
"ESTO98","Relatório Rótulos Local de Armazenagem","Relatório"
"ADMI150","Importação para Integração com Sistema Satra","Programa"
"CPRO14","Grupo de Inspeção","Programa"
"CPRO15","Item de Inspeção","Programa"
"CPRO16","Plano de Inspeção","Programa"
"IQUA5","Conceito Inspeção","Programa"
"IQUA7","Plano de Amostragem","Programa"
"FATU66","Relatório Controle de FCI","Programa"
"ADMI223","Ativador","Programa"
"MIND29","Ordens de Serviço - Técnicos","Programa"
"MPSP44","Relatório Lote Produção Estoque à Produzir","Programa"
"MPSP45","Relatório Lote Produção Estoque Produzir","Relatório"
"FATU58","1 - Relatório de carta de correção (PDF).","Relatório"
"ESTO19","Registro Controle Produção e Estoque - TECNOCALZA","Programa"
"FATU3","Notas Fiscais de Entrada - GTA","Programa"
"FATU14","Relatório Notas Fiscais","Relatório"
"FATU15_ANTONIELLE","Relatório Notas Fiscais Matricial","Relatório"
"RECE26","Relatório Carta de Correção","Relatório"
"FATU64","Relatório Recibo","Relatório"
"ESTO111","Relatório Emissão de Lote","Relatório"
"FATU142","Etiqueta","Relatório"
"FPAG187","Tipo Valor","Programa"
"ESTO95","Registro Controle Produção e Estoque","Relatório"
"CFAB9","Emissão de Talão (1 PROCESSO) - Malu Planejamento","Programa"
"CFAB12_MALU_PLANEJ","Emissão de Talão","Relatório"
"CEXC127","Configuração Documentação Pedido","Programa"
"PEDI4","liberação faturamento LUTHEUZ","Programa"
"CEXC111","Relatório Pedido Serviço","Relatório"
"CEXC128","Documentação Wizard","Programa"
"CEXC111","Relatório Pedido Serviço","Relatório"
"CFAB7","Emissão Ordem de Fabricação - Soubach","Programa"
"CFAB19_SBC","Emissão Ordem de Fabricação","Relatório"
"ESTO112","Plano Abastecimento Materiais e Controle de Ordem de Fabricação (Soubach)","Programa"
"CFAB19_SBC","CFAB19_SBC","Relatório"
"CREC4","Lançamentos - Nota de Débito","Programa"
"CFAB19_SBC","Relatório OF Curtumes","Relatório"
"FATU15_BRISA","Relatório Notas Fiscais Matricial","Relatório"
"CFAB125","Posição do Plano de Produção (Plano/Produto/O.F.) Com Grade","Relatório"
"CFAB126","Posição do Plano de Produção (Plano/Construção) Com Grade","Relatório"
"CFAB127","Posição do Plano de Produção(Plano/Construção/Modelo) Com Grade","Relatório"
"CFAB128","Posição do Plano de Produção (Plano/Construção/Modelo/Produto) Com Grade","Relatório"
"ESTO144","Transferência entre Localizações - Multi Produtos","Programa"
"MPSP27_CADEIN","Relatório Plano Mestre de Produção - CADEIN","Programa"
"CFAB23","Exclusão Apontamento de Rótulos","Programa"
"MPSP29_CADEIN","Plano Mestre de Produção por Modelo","Relatório"
"FATU73_PERU_REMISSION","Relatório de Guia de Remissão","Relatório"
"COMP71","Relatório Plano de Necessidades de Compras por Plano de Produção","Relatório"
"TERC3","Posição Remessa/Retorno - CADEIN","Programa"
"FATU22","Emissão Rótulos c/ Alteração de Categoria Entrega","Programa"
"CEXC1097","Emissão Ordem de Fabricação stefmary","Programa"
"CEXC1100","Emissão Ordem de Fabricação","Relatório"
"CPRO20","Padronização - CEP por Processo","Programa"
"RECE43","Controle para Retorno de Atelier","Programa"
"MPSP5","Plano de Produção BFX","Programa"
"CFAB65","Apontamento de Rótulos - BFX - loc 9880","Programa"
"CFAB23","Exclusão Apontamento de Rótulos BFX","Programa"
"CFAB1","Apontamento de Ordem de Fabricação - BFX","Programa"
"PEDI150","Emissão de Etiquetas por Produto PLANET","Relatório"
"CREC22","Emissão de Bloquetos - Caixa Econômica Federal CNAB240","Programa"
"CFAB79","Relatório de Produção da Classificação - Análise da Classificação","Programa"
"PEDI117","Relatório de Pendencias de Clientes","Relatório"
"PEDI4_PERU","Liberação Pedidos Faturamento - PERU NOTA","Programa"
"CFAB65","Apontamento de Rótulos - PGD FL01- 116  Loc. 5109 CFAB65","Programa"
"FATU9","Devolução de Industrialização - Emissão","Programa"
"CREC25_CAIXA","Boleto Gráfico - Caixa Econômica Federal","Relatório"
"CREC25","Bloqueto Gráfico","Relatório"
"CREC48","Bloqueto Matricial (Banrisul)","Relatório"
"COMP3","Pedidos de Compra","Programa"
"COMP9","Pedidos de Compra","Relatório"
"COMP20","Pedido de Compra - Exportação","Relatório"
"MPSP5","Plano de Produção - GÃ","Programa"
"CFAB23","Estorno Apontamento de Rótulos processo 261","Programa"
"MPSP5","Plano de Produção - Agrupar Pedidos - Henrich","Programa"
"ESTO127","Relatório Análise Consumo Previsto x Realizado (Produto/Solicitante)","Relatório"
"FATU15_BRISA","Relatório Notas Fiscais Matricial","Relatório"
"CFAB162_1","Painel de Planejamento","Programa"
"PEDI7","Emissão de Etiquetas por Produto - PLANET - Produto Acabado sem Marca","Programa"
"CFAB65","Apontamento de Rótulos -  PROCESSO 261 - Loc 16 - Emp2Un4 - Estab 3","Programa"
"RHUM20","Tipos Aviso Prévio","Programa"
"CFAB65","Apontamento de Rótulos -  PROCESSO 1130","Programa"
"CFAB22","Apontamento de Rótulos (Processo 191) Loc. 5108","Programa"
"CEXC31_DEPOSITO","Relatório de Lançamentos - Somente Depósito","Programa"
"CEXC32_DEPOSITO","Relatório de Lançamentos - Somente Depósito","Relatório"
"CFAB1","Apontamento de OF","Programa"
"PEDI7","Emissão de Etiqueta por Unidade de Produto por Plano de Produção - PACIFIC","Programa"
"PEDI8_PCS","Etiqueta Pacific","Relatório"
"PEDI117","Relatório de Pendencias de Clientes","Relatório"
"PEDI4","Liberação Pedido - Posição a Faturar","Programa"
"CFAB23","Estorno Apontamento de Rótulos processo 1130","Programa"
"FATU110","Retorno de Industrialização Dep Disp - TST","Programa"
"MPSP5","Plano de Produção - UTILIZA_DATAS_PLANEJAMENTO = S = AGRUPA_PEDIDOS_OF = N","Programa"
"CPAG35","Log de Importação do Controle de Acesso","Relatório"
"ESTO23","Transferência entre Localizações - 115","Programa"
"CPAG35","Log Importação Lançamentos Contábeis","Relatório"
"PEDI1","Pedidos de Venda - RESERVA_LOTE_AUTOMATICAMENTE = 'N'","Programa"
"COMP5_PERU","Recebimento de Pedidos de Compra - NOTA - Generar Factura a partir de Guia S/.","Programa"
"COMP32","Relatório de Inspeção","Relatório"
"CFAB78","Relatório de Rendimento","Programa"
"CFAB83","Relatório de Rendimento","Relatório"
"CFAB85","Relatório de Rendimento com Custo - Marcio","Programa"
"CFAB86","Relatório de Rendimento c/ Custo","Relatório"
"RECE45","07= Retornos de Remessa Industrialização - Distrib Autom.Materias Retorno [LCTO] **Quarteirização**","Programa"
"CPAG5","Lançamentos Contas a Pagar- Devolução","Programa"
"CREC5","Relatório Documentos - Juros","Programa"
"CREC6","Relatório Documentos","Relatório"
"CREC47","Relatório Documentos/Moeda","Relatório"
"CREC59","Relatório de documentos com lista de preço","Relatório"
"CREC68","Relatório Documentos Prorrogados","Relatório"
"FATU2_PERU","Boleta Venta - PDS- Estab 611 / 9880","Programa"
"FATU73_PDS_REMISSION","Boleta de Venta - Pieles del Sur","Relatório"
"FATU130_PDS","Factura - Pieles del Sur","Relatório"
"CFAB23","Exclusão Apontamento de Rótulos (Processo 157)","Programa"
"FATU73_PDS_REMISSION","Guia Remisión - Pieles del Sur","Relatório"
"FATU2_PERU","Facturas Venta - PDS- Estab 611 / 9880","Programa"
"FATU73_PDS","Factura - Pieles del Sur","Relatório"
"FATU73_PDS_REMISSION","Factura - Pieles del Sur","Relatório"
"PEDI4_PERU","Liberación Guia de Remisión - PDS - Estab 611 / 9880","Programa"
"FATU15_BRISA","Relatório Notas Fiscais Matricial","Relatório"
"PEDI117","Relatório de Pendencias de Clientes","Relatório"
"FATU134","09 - Ate -  Gera Notas Fiscais de Saída XML Romaneio","Programa"
"SERV35","Relatório de Pedidos de Serviço - Por Técnico","Relatório"
"FATU2_PERU","Guía de Remisión Venta - PDS - Estab 611 / 9880","Programa"
"FATU130_PDS","Guia Remisión - Pieles del Sur","Relatório"
"FATU73_PDS","Guia Remisión - Pieles del Sur","Relatório"
"PEDI4_PERU","Liberación Facturación - PDS - Estab 611 / 9880","Programa"
"FATU15_BRISA","Relatório Notas Fiscais Matricial","Relatório"
"PEDI117","Relatório de Pendencias de Clientes","Relatório"
"RECE7","Retornos de Remessa Beneficiamento Categoria Pedido 6","Programa"
"RECE8","Relatório Retornos de Remessa Industrialização","Relatório"
"TERC1","Remessa Normal","Programa"
"FATU142","Etiqueta","Relatório"
"MIND26","Ordens de Serviço - Requisitantes","Programa"
"MIND27","2-Ordem de Serviços de Manutenção","Programa"
"FPAG93","Reajuste Salarial com Estab. Padrão","Programa"
"FATU16","Gera/Emissão Rótulo Unidade Armazenamento PEGADA","Programa"
"FATU17_PEGADA_GRD_MARCAR","Rótulo Unidade Armazemamento PEGADA","Relatório"
"CFAB69","Emissão OF de Aproveitamento - PEGADA","Programa"
"CFAB11_PEGADA_APROVEITAMENTO","Emissão OF de Aproveitamento - PEGADA","Relatório"
"LFIS99","Escrituração Contábil Fiscal (ECF)","Programa"
"CFAB65","Apontamento de Rótulos - PGD MTZ - 115  Loc. 5108 CFAB65","Programa"
"ADMI238","Vínculo de localizações","Programa"
"MPSP5","Plano de Produção - UTILIZA_DATAS_PLANEJAMENTO = N - Loc. 22","Programa"
"FPAG156","Convênio Médico","Programa"
"FATU59","Controle de Embarques - Estofados","Programa"
"FATU60","Relatório","Relatório"
"CEXC1120","Relatório de Inspeção Final","Relatório"
"MPSP5","CRST *** Plano de Produção","Programa"
"FATU73_PERU","Relatório de Guia de Remissão","Relatório"
"COMP3","Pedidos de Compra - Pegada","Programa"
"COMP9_PEGADA","Pedidos de Compra","Relatório"
"COMP20","Pedido de Compra - Exportação","Relatório"
"FATU16_ARGENTINA","Emissão Rótulo Unidade Armazenamento - CADEIN_S_ESTAB","Programa"
"FATU17_CADEIN_S_ESTAB","Rótulo Cadein Sem Estab.","Relatório"
"FATU130_PDS","Boleta de Venta - Pieles del Sur","Relatório"
"FATU16_ARGENTINA","Emissão Rótulo Unidade Armazenamento - CADEIN","Programa"
"FATU17_CADEIN","Rótulo Cadein","Relatório"
"PEDI5","Pedido de Venda","Relatório"
"PEDI132","Pro-Forma","Relatório"
"FATU73_PDS","Boleta de Venta - Pieles del Sur","Relatório"
"PEDI4","Liberação Pedidos Faturamento - Sem Produção ContaOrdem 1183","Programa"
"FATU15_BRISA","Relatório Notas Fiscais Matricial","Relatório"
"FATU3_PERU"," Facturas Compra - Pieles del Sur","Programa"
"FATU14","Visualización Factura","Relatório"
"FATU14","Visualización Factura","Relatório"
"FATU14","Visualización Factura","Relatório"
"FATU6_PERU","Genera Nota Credito - Peru - Devol de Ventas","Programa"
"FATU3_PERU"," Guía Remisión Compra - Pieles del Sur","Programa"
"FATU14","Visualización Guia Remisión","Relatório"
"FATU14","Visualización Guia Remisión","Relatório"
"FATU14","Visualización Guia Remisión","Relatório"
"FATU3_PERU"," Liquidación de Compra - Pieles del Sur","Programa"
"FATU129_PDS","Liquidación Compra - PDS","Relatório"
"FATU129_PDS","Liquidación Compra - PDS","Relatório"
"FATU129_PDS","Liquidación Compra - PDS","Relatório"
"FATU3_PERU"," Nota de Credito Dev. Venta - Pieles del Sur","Programa"
"FATU115_PDS","Nota Credito Dev. Venta - Pieles del Sur","Relatório"
"FATU115_PDS","Nota Credito Dev. Venta - Pieles del Sur","Relatório"
"FATU115_PDS","Nota Credito Dev. Venta - Pieles del Sur","Relatório"
"ADMI153","Exportação para Integração com Sistema Satra","Programa"
"CFAB23","Exclusão Apontamento de Rótulos (Processo 261)","Programa"
"ADMI214","Importação de Cotações","Programa"
"PEDI44","Liberação Pedidos Faturamento (PEGADA) - Estab.115 Localização.5118","Programa"
"CFAB57","Apontamento de Rótulos Curtume TAPETES, Processo 225","Programa"
"FPAG44_HNR","05-Férias - Recibo","Relatório"
"PEDI5","Pedido de Venda","Relatório"
"PEDI9","Posição de Pedidos - Vendedor","Programa"
"CFAB22","Apontamento de Rótulos (Processo 149), LOCALIZACAO 99","Programa"
"CFAB22","Apontamento de Rótulos (Processo 136)","Programa"
"CEXC1095","Relatório Requisições - NF Fatura Exportação","Programa"
"COMP9","Pedidos de Compra","Relatório"
"CFAB7","Emissão Ordem de Fabricação (+PROCESSO) 2/F HKUNTZLER","Programa"
"CFAB11_HKUNTZLER_2_OFS_PAGINA","Emissão Ordem de Fabricação","Relatório"
"CPAG55","Relatório Curva ABC Fornecedores","Relatório"
"CPAG50","Relatório Curva ABC Fornecedores","Programa"
"FPAG144","Relatório de LOG's.","Relatório"
"FPAG145","Relatório de LOG's.","Relatório"
"FPAG145","Relatório de LOG's.","Relatório"
"CFAB22","Apontamento de Rótulos Est.3","Programa"
"CFAB66","Apontamento de Ordem de Fabricação - Automático","Programa"
"MIND35","Serviço/Reparo","Programa"
"COMP5","Recebimento de Pedidos de Compra - PRÉ-RECEBIMENTO","Programa"
"COMP32","Relatório de Inspeção","Relatório"
"MIND36","Motivo","Programa"
"FATU15_BRISA","Relatório Notas Fiscais Matricial","Relatório"
"PEDI117","Relatório de Pendencias de Clientes","Relatório"
"COMP5","Recebimento de Pedidos de Compra","Programa"
"COMP32","Relatório de Inspeção","Relatório"
"CBAN58","03 - Relatório Fluxo de Caixa","Relatório"
"RECE42","Retornos de Remessa Industrialização - Automático","Programa"
"CFAB65","Apontamento de Rótulos - Loc 16 Proc 191","Programa"
"PEDI147","Emissão de Etiqueta por Unidade de Produto por Plano de Produção - PEGADA","Programa"
"PEDI8_PEGADA","Etiqueta PEGADA","Relatório"
"CFAB65","Apontamento de Rótulos - PGD FL02 117  Loc. 5110 CFAB65","Programa"
"FATU15_BRISA","Relatório Notas Fiscais Matricial","Relatório"
"PEDI117","Relatório de Pendencias de Clientes","Relatório"
"PEDI117","Relatório de Pendencias de Clientes","Relatório"
"PEDI7","Emissão de Etiquetas por Produto PEDI91","Programa"
"PEDI91","Emissão de Etiqueta Guante","Relatório"
"CONT86","Formato 5.1: Livro Diário","Programa"
"CONT76","Formato 5.1: Livro Diário","Relatório"
"PEDI4_OF","Liberação Pedidos Faturamento OF - EMP 210 EST 115","Programa"
"FATU15_BRISA","Relatório Notas Fiscais Matricial","Relatório"
"PEDI117","Relatório de Pendencias de Clientes","Relatório"
"FATU15_BRISA","Relatório Notas Fiscais Matricial","Relatório"
"PEDI117","Relatório de Pendencias de Clientes","Relatório"
"FATU15_BRISA","Relatório Notas Fiscais Matricial","Relatório"
"RHUM2","Agente Nocivo","Programa"
"FPAG64","Atendimento aos Requisitos NR6 e NR9","Programa"
"RHUM3","C.A.E.P.I. Certificado de Aprovação do Equipamento de Proteção Individual","Programa"
"FPAG8","Exames de Saúde","Programa"
"SERV28_KND","Check List","Programa"
"MPSP46_161","Ordem de Fabricação - Geração e Abast - 161","Programa"
"CFAB11_MINUANO_SEM_QUEBRA","Emissão Ordem de Fabricação","Relatório"
"ESTO81","Emissão Relatório","Relatório"
"ESTO80","Emissão Etiqueta","Relatório"
"PEDI4_PERU","Liberação PERU REMISSION_CLI_GRADE 20 ITENS","Programa"
"CBAN63","Relatório Realizado Financeiro Est. p/Cta. Orçamentária","Programa"
"CFAB10","Estorno Apontamento de Ordem de Fabricação - Atualiza Interface AX","Programa"
"MIND27","Solicitação de Serviços de Manutenção","Programa"
"MIND28","Solicitação de Manutenção","Relatório"
"MIND27","1-Solicitação de Serviços de Manutenção","Programa"
"MIND28","Solicitação de Manutenção","Relatório"
"PEDI1","Pedidos de Venda - Frigorifico","Programa"
"PEDI132","Pro-Forma","Relatório"
"FATU15_BRISA","Relatório Notas Fiscais Matricial","Relatório"
"PEDI117","Relatório de Pendencias de Clientes","Relatório"
"FATU55","Emissão Etiqueta com Documento Fiscal","Programa"
"FATU56","Emissão Etiqueta com Documento Fiscal","Relatório"
"PEDI40","Alteração Categoria Entrega","Programa"
"CEXC1084","Resumo Mensal de Consumos","Programa"
"VEND82","Consulta Situação Pedido","Programa"
"RHUM9","Funcionários (SESMT)","Programa"
"FPAG19","Histórico e Movimentações (SESMT)","Programa"
"FPAG77","P.P.P. - Perfil Profissiografico Previdenciário","Programa"
"FPAG94","Exames de Saúde Necessidades","Programa"
"EPRO15","Estruturação do Produto - Serviços","Programa"
"CEXT50","Relatório Contrato de Câmbio (Contas a Receber)","Programa"
"CEXT51","Contrato de Câmbio","Relatório"
"CEXT50","Relatório Contrato de Câmbio (Contas a Pagar)","Programa"
"CEXT51","Contrato de Câmbio","Relatório"
"CEXT50","Relatório Contrato de Câmbio (Importação)","Programa"
"CEXT51","Contrato de Câmbio","Relatório"
"CEXC1113","Cadastro Motoristas","Programa"
"PATR33","Valore PIS COFINS","Relatório"
"CONT23","Livro Razão","Programa"
"CONT24","Livro Razão","Relatório"
"CONT61","Livro Razão - Com ordenação","Relatório"
"PATR32","Valores PIS COFINS","Programa"
"LFIS91","Registro de Entradas - Serviço","Programa"
"LFIS92","Registro de Saídas - Serviço","Programa"
"LFIS93","Relatório Registro Entrada de Serviços","Relatório"
"FATU67","Relatório Controle de FCI","Relatório"
"LFIS94","Relatório Registro Saida de Serviço","Relatório"
"LFIS96","Gera arquivo WS Sinal","Programa"
"FPAG123","Cheque Banco do Brasil","Relatório"
"CONT14_IREPORT","Balance Comprobación","Programa"
"RECE6_IREPORT","Relatório de Impostos","Relatório"
"RECE5_IREPORT","Relatório Impostos","Programa"
"CONT66","Balancete Movimento Mensal","Relatório"
"CFAB63","Resumo Produção Recurso (Data e Recurso)","Relatório"
"RECE38","Relatório Notas Fiscais","Programa"
"RECE39","Relatório de Recebimentos","Relatório"
"FPAG95","Exames de Saúde Necessidades","Relatório"
"FPAG104","Exames de Saúde Quadro III","Programa"
"FPAG105","Exames de Saúde Quadro III","Relatório"
"CFAB89","Relatório de Produção Diário sem Usuário, Data e Hora","Relatório"
"CFAB22","Apontamento de Rótulos (Processo 77) Loc. 9938","Programa"
"FATU12","Transferências","Programa"
"CFAB65","Apontamento de Rótulos Novo -  Proc 330","Programa"
"CFAB23","Exclusão Apontamento de Rótulos (Processo 191)","Programa"
"PEDI121_KND_ADM","Entrada de Pedidos - Liberação","Programa"
"PEDI1","Pedido de Venda - BRISA","Programa"
"PEDI5","Pedido de Venda","Relatório"
"FATU94","Regra de Operação","Programa"
"CEXC80","GERA REMESSA BANCO ITAU/PAULISTA","Programa"
"ESTO70","Relatório Unidade Armazenamento","Relatório"
"CFAB23","Exclusão Apontamento de Rótulos (Processo 136)","Programa"
"CFAB65","Apontamento de Rótulos - PROC 247 LOCAL 16","Programa"
"FATU45_CADEIN","Relatório Pré-Venda","Relatório"
"ADMI112","Log de Erros -  Importação NEGOTTI","Relatório"
"CFAB17","Emissão Cartão Componente - KDR","Programa"
"CFAB116","Emissão Cartão Componente","Relatório"
"PEDI4","Liberação Pedidos Faturamento 2 - Loc. 11 Estab. 3","Programa"
"FATU15_BRISA","Relatório Notas Fiscais Matricial","Relatório"
"PEDI117","Relatório de Pendencias de Clientes","Relatório"
"ESTO137","Plano Abastecimento Materiais Satra","Programa"
"ESTO139","Plano Abastecimento Materiais - Satra","Relatório"
"CFAB23","Exclusão Apontamento de Rótulos (Processo 77)","Programa"
"CFAB65","Apontamento de Rótulos localização 11 - Proce 1208","Programa"
"CFAB134","Apontamento de Rótulos Completo - Processo 1298","Programa"
"COMP70","Posição de Entregas - Agrupamento Comprador","Relatório"
"FATU2","Notas Fiscais de Saída-EXP","Programa"
"FATU14","Relatório Notas Fiscais","Relatório"
"FATU15_CARMIM","Relatório Notas Fiscais Matricial","Relatório"
"FATU58","Relatório de Carta de Correção","Relatório"
"CEXC60","Gerar Arquivo EDI","Programa"
"CPAG14_2_IREPORT","Relatório Saldos Agrupados por Intervalo de Dias","Relatório"
"CFAB1","Apontamento de Ordem de Fabricação RECURSO_BASE_PLANEJAMENTO 363","Programa"
"CFAB1","Apontamento de Ordem de Fabricação Est. 31","Programa"
"ADMI229","Log - Configuração","Programa"
"ADMI230","Log - Consulta","Programa"
"ADMI232","Alteração de Clientes","Programa"
"CFAB57","Apontamento de Rótulos Curtume MINUANO, Processo 78","Programa"
"RECE7","Retornos de Remessa Beneficiamento - Pré-Nota","Programa"
"CFAB67_MINUANO","Etiqueta Minuano","Relatório"
"RECE8","Relatório Retornos de Remessa Industrialização","Relatório"
"CREC76","Emissão Documento","Relatório"
"ORCA5","ORCA5 (Programa ocultado por Evandro em 16/07/2015 pois a tabela GERA_ORCAMENTO_1TMP_P foi eliminada pelo script 3719)","Programa"
"ORCA6","ORCA6","Relatório"
"FATU34","Relatório Faturamento - Sem Devoluções","Programa"
"CFAB7","Emissão Ordem de Fabricação - MINUANO","Programa"
"CFAB19_CURTUME","Emissão Ordem de Fabricação","Relatório"
"TERC12","Impressão de Recibos","Programa"
"TERC13","Relatório Recibo de Descontos","Relatório"
"ESTO25","Plano Abastecimento Materiais - Transferência para Produção -  menos parametros","Programa"
"ESTO26","Relatório Plano Abastecimento Materiais - Transferência Produção","Relatório"
"FATU16","Gera/Emissão Rótulo Unidade Armazenamento - Kildare","Programa"
"PEDI44","PGD Lib. Pedidos Faturamento MTZ Est. 3 Loc. 11 - LIVRE","Programa"
"FATU15_BRISA","Relatório Notas Fiscais Matricial","Relatório"
"PEDI117","Relatório de Pendencias de Clientes","Relatório"
"FATU17_KDR","Emissão Rótulos","Relatório"
"TERC10","Gera Notas Fiscais Remessa Industrialização Categ. 27","Programa"
"ADMI154","Cadastro de Email","Programa"
"PEDI44","Liberação Pedidos Faturamento - PEDI44 EST1 LOC2","Programa"
"COMP14","Cotações Código Estrutural","Programa"
"MPSP75","Relatório Plano Mestre de Produção por Plano e Produto","Relatório"
"CFAB7","Emissão Ordem de Fabricação HKUNTZLER 2 p/página","Programa"
"CFAB11_HKUNTZLER_2_OFS_PAGINA","Emissão Ordem de Fabricação","Relatório"
"PEDI44_DEBUG","PGD Lib. Pedidos Faturamento MTZ 115 Loc.5108 LIVRE","Programa"
"FATU15_BRISA","Relatório Notas Fiscais Matricial","Relatório"
"PEDI117","Relatório de Pendencias de Clientes","Relatório"
"FATU34","Relatório Faturamento - 64 bits","Programa"
"FATU35","Relatório Faturamento","Relatório"
"ESTO87","Relatório Análise de Rendimentos - 64 bits","Programa"
"FATU36","Relatório Faturamento/Código Estrutural","Relatório"
"ESTO86","Relatório Análise de Rendimentos","Relatório"
"COMP37","Resumo Plano de Necessidades de Compras - 64 bits","Programa"
"COMP38","Resumo Plano de Necessidades de Compras","Relatório"
"CEXC1061","Lançamentos Caja Chica","Programa"
"CEXC1024","Nota Fiscal de Entrada - EXPORTACAO.","Programa"
"CEXC1024","Nota Fiscal de Entrada - CONSUMIDOR","Programa"
"FPAG134","Tabela 06 - Países","Programa"
"MPSP5","Plano de Produção - UTILIZA_DATAS_PLANEJAMENTO = S ORGMARCOS","Programa"
"CEXT23","4 - Processo de Exportação - Minuano - Estofados","Programa"
"FATU74","Gera NF pelo Rótulo","Programa"
"ESTO87","Relatório Análise de Rendimentos","Programa"
"ESTO86","Relatório Análise de Rendimentos","Relatório"
"FATU118","Confirmação de Notas Fiscais de Entrada em massa","Programa"
"COMP50","Plano de Necessidades de Compras Por Estabelecimento","Programa"
"FPAG133","Tabela 20 - Tipos de Logradouro","Programa"
"CFAB65","Apontamento de Rótulos com Consulta","Programa"
"FPAG39","Rel. Provisões 14º Salario","Relatório"
"PEDI1","Pedidos de Venda Exportação","Programa"
"CFAB17","Emissão Cartão Componente - MALU","Programa"
"CFAB121","Emissão Cartão Componente","Relatório"
"CFAB18_MALU","Emissão Cartão Componente (Matricial)","Relatório"
"PEDI5","Pedido de Venda","Relatório"
"PEDI5_UM_SECUNDARIA","Pedido de Venda Qtd Secundária.","Relatório"
"PEDI132","Relatório PróForma","Relatório"
"CPRO21","Lançamentos Resumidos","Programa"
"CONT82","Balancete Comprovação - PERU","Programa"
"LFIS116","Integração CFOP - Operação estoque","Programa"
"CFAB134","Apontamento de Rótulos Completo - Processo 261","Programa"
"PEDI44","PGD Lib. Pedidos Faturamento MTZ 115 Loc.5108 VALID 30692","Programa"
"FATU15_BRISA","Relatório Notas Fiscais Matricial","Relatório"
"PEDI117","Relatório de Pendencias de Clientes","Relatório"
"CFAB7","Emissão OF (CFAB19_SCHMIDT)","Programa"
"CFAB19_SCHMIDT","Emissão Ordem de Fabricação","Relatório"
"EPRO49","HTS CODE","Programa"
"EPRO78","Componente Multi Seleção B2B","Programa"
"COMP53","Posição Financeira de Fornecedores","Programa"
"FATU3_ARGENTINA","Notas Fiscais de Entrada - ARGENTINA - CREDITO","Programa"
"FATU15_RECREO","Relatório Notas Fiscais Matricial","Relatório"
"FATU14_TECONOCALZA_RETENCAO","Relatório Guia de Remissão","Relatório"
"FATU73_TECNOCALZA","Guia de Remissão - Tecnocalza","Relatório"
"MPSP74","Relatório Plano Mestre de Produção por Plano, Produto e Cliente","Programa"
"MPSP77","Relatório Plano Mestre de Produção por Plano, Produto e Cliente","Relatório"
"RHUM19","Pré-Cadastro de Funcionários","Programa"
"FATU76","Relatório Fatura- CREDITO","Relatório"
"PEDI4","Liberação Pedidos Faturamento Emp 1 Estab 31 (Operação 118 c/ 923)","Programa"
"CFAB145","OF CFAB145 PEDIDO 35128","Relatório"
"CFAB7","Emissão Ordem de Fabricação HKUNTZLER 2 p/página VEDDER","Programa"
"CFAB147","Emissão Ordem de Fabricação VEDDER","Relatório"
"FATU14_TECNOCALZA","Relatório Fatura","Relatório"
"FATU123_EQUADOR","FACTURA COM PISTOLA","Programa"
"MPSP48","Relatório de Planejamento","Programa"
"CFAB84","Relatório Produto por Grupo Cliente/Plano/Pedido","Relatório"
"FATU16","Gera/Emissão Rótulo Unidade Armazenamento ( TEA )","Programa"
"MPSP49","Relatório de Planejamento - Agrupamento Recurso","Relatório"
"RECE35","Recebimento de Notas de Empresa do Mesmo Grupo - Loc 9981","Programa"
"LFIS8","Registro de Saida CFOP (PEGADA)","Programa"
"LFIS6","Registro de Entrada CFOP (PEGADA)","Programa"
"LFIS3","Registro de Entrada CFOP","Relatório"
"LFIS34","Registro de Saída CFOP","Relatório"
"FATU119","Gera Nota Fiscal de Saída Consignação","Programa"
"ESTO108","Relatorio Conciliação Estoque x Contabil - Pegada","Programa"
"PEDI125","Relatório Pedidos Prontos para Faturar (resumido)","Relatório"
"CEXT84","01 - Processo Exportação Completo - PGD","Programa"
"CEXT81_PEGADA","Invoice","Relatório"
"FPAG161","Relatório Ficha de Atividades","Programa"
"FPAG162","Ficha de Atividades","Relatório"
"LFIS121","Geração SPED - Reinf","Programa"
"CPRO3","Eventos - Multiplos Indicadores","Programa"
"CEXT105","Pró Forma","Relatório"
"CEXT85","02-Faturamento de Exportação - FL01","Programa"
"CEXT85","02-Faturamento de Exportação - MTZ","Programa"
"CEXT82_PEGADA","Pró Forma","Relatório"
"CEXT82_PEGADA","Pró Forma","Relatório"
"CEXT82_PEGADA","Pró Forma","Relatório"
"CEXT82_PEGADA","Pró Forma","Relatório"
"PEDI4_SERVICO","Liberação Pedidos Faturamento - Serviços","Programa"
"CUST20","Conciliador Custeio","Programa"
"FPAG175","Geração de Arquivo AFDT/ACJEF","Programa"
"CONT80","Conciliação Contábil","Programa"
"CFAB65","Apontamento de Rótulos","Programa"
"MPSP51","Relatório Plano Mestre de Produção Datas por Roteiro","Programa"
"CEXC1001","Movimentações da Interface - NEGOTTI","Programa"
"LFIS112","Relatório Geração SPED - EFD Contribuições (PIS/Cofins)","Relatório"
"PEDI4","Liberação Pedidos Faturamento - FATURAMENTO EDI","Programa"
"CONT84","Formato 6.1: Livro Razão","Programa"
"CONT85","Formato 6.1: Livro Razão","Relatório"
"FATU110","Retorno de Industrialização Depósito Disponível - LIBERAR_PED_SEM_PRODUCAO = S","Programa"
"FATU15_BRISA","Relatório Notas Fiscais Matricial","Relatório"
"CREC22","Emissão de Bloquetos - Itaú CNAB400","Programa"
"EPRO15_BIXO","Estruturação do Produto - Não usar","Programa"
"MPSP54","Relatório Pedidos Venda e LEs c/ dados de Abastecimento, Produção e Faturamento","Programa"
"TERC10","Gera Nota Fiscal Remessa Industrialização (JONATHAN)","Programa"
"PEDI1","Lote Produção Estoque - Produzir Org Brisa","Programa"
"PEDI113","Lote Produção Estoque","Relatório"
"PREC35","Configuração de Tempo por Recurso","Programa"
"LFIS122","Importação Arquivo SPED - NFC-e Consumidor Eletronica","Programa"
"EPRO66","Variação de Consumo / Preços","Programa"
"FATU19","Emissão Notas Fiscais","Programa"
"RECE46","11. Recebimento de Remessa Quarteirização - Estabelecimento mesmo grupo","Programa"
"CBAN65","À Realizar por Conta Orçamentária - Acumulado","Relatório"
"CBAN63","Relatório Previsto x Realizado Financeiro","Programa"
"RECE7","Retornos de Remessa Industrialização - Com Apont.Produção (JS-Quarteirização)","Programa"
"CBAN66","Realizado por Conta Orçamentária - Fluxo Previsto x Realizado","Relatório"
"CBAN63","Relatório Realizado Financeiro Est. p/Bancos e Cta. Orçamentária","Programa"
"CBAN67","Realizado por Conta Orçamentária - Caixa/Bancos","Relatório"
"CFAB90","Apontamento MultiTarefa -S/Funcionario, Apont Inicial/Final","Programa"
"MPSP61","Relatório de Planejamento - Agrupamento Cliente","Relatório"
"MPSP62","Relatório de Planejamento - Agrupamento Analista","Relatório"
"CREC31","Retorno Cobrança Escritural - Com Lançamento Caixa/Banco","Programa"
"CPAG35","LOG Retorno Cobrança Escritural","Relatório"
"CEXC81","Retorno Cobrança Escritural (ITAU/PAULISTA) - Com Lançamento Caixa/Banco","Programa"
"CFAB90","Apontamento MultiTarefa - Curtume - SECAGEM (pela Medição Semi-Acabado)","Programa"
"FATU9","Recebimentos de Indutrialização","Programa"
"CFAB90","Apontamento MultiTarefa - Curtume - ENXUGAR WB","Programa"
"FATU44","Relatório Romaneio Notas Fiscais (IMPRESSAO_PADRAO_ATELIER = 'N')","Programa"
"CONT25","Livro Diário","Programa"
"CONT26","Livro Diário - Por Empresa","Relatório"
"CONT27","Livro Diário - Por estabelecimento","Relatório"
"CEXC1024","Nota Fiscal de Entrada - CCF","Programa"
"PEDI4_SERVICO","Liberação Pedidos Faturamento - NFS-e","Programa"
"FATU2_PERU","Notas Fiscais Saída - PERU REMISSION","Programa"
"FATU15","Recibo de Locação","Relatório"
"FATU2_PERU","Notas Fiscais Saída - PERU NOTAS - S","Programa"
"CEXC1024","Nota Fiscal de Entrada - CONSUMIDOR","Programa"
"CEXC1024","Nota Fiscal de Entrada - CREDITO","Programa"
"CEXC1024","Nota Fiscal de Entrada - DEBITO","Programa"
"CEXC1024","Nota Fiscal de Entrada - EXPORTACAO","Programa"
"CEXC1083","Nota Fiscal de Entrada - Exportacao","Relatório"
"CEXC1024","Nota Fiscal de Entrada - FATURA REEMISSAO","Programa"
"CEXC1024","Nota Fiscal de Entrada - Padrão","Programa"
"CEXC1024","Nota Fiscal de Entrada - RETENCAO","Programa"
"CEXC1073","Relatório Matricial de Retenção","Relatório"
"CEXC1025","Nota Fiscal de Saída - CCF","Programa"
"CEXC1025","Nota Fiscal de Saída - CREDITO","Programa"
"CEXC1025","Nota Fiscal de Saída - DEBITO","Programa"
"CEXC1025","Nota Fiscal de Saída - FATURA","Programa"
"CEXC1025","Nota Fiscal de Saída - FATURA EXP","Programa"
"CEXC1025","Nota Fiscal de Saída - FATURA REEMISSAO","Programa"
"CEXC1025","Nota Fiscal de Saída - RETENCAO","Programa"
"CEXC1025","Nota Fiscal de Saída - TICKET","Programa"
"LFIS107","Gera Arquivo Transacional SRI (Equador)","Programa"
"FPAG36","Recibos TESTE RR","Programa"
"FPAG37","01-Mensal - Recibo de Pagamento","Relatório"
"RECE46","07. Recebimento de Remessa Industrialização - Estabelecimento mesmo grupo","Programa"
"CFAB65","Apontamento de Rótulos - Encerramento OF","Programa"
"FPAG149","11-Lista Adiantamento Quinzenal - Tecnocalza","Relatório"
"FPAG153","12-Recibo Semanal","Relatório"
"FPAG41","02-Termo de Rescisão","Relatório"
"FPAG42","03-Termo de Rescisão - Quitação","Relatório"
"FPAG43","04-Termo de Rescisão - Homologação","Relatório"
"FPAG45","06-Férias - Aviso","Relatório"
"FPAG46_BRI","07-Férias - Solicitação de Abono","Relatório"
"FPAG44_HNR","05-Férias - Recibo","Relatório"
"FPAG115","08-Recibo Pagamento Matricial","Relatório"
"FATU45_HKUNTZLER","Relatório Romaneio Notas Fiscais","Relatório"
"FATU45_PEGADA","Romaneio Pegada","Relatório"
"FATU57","Consulta Notas Fiscais (Padrão Atelier = 'N')","Programa"
"FATU136","NIMO - Retorno de Industrialização Depósito Disponível - Diversas Remessas - LIBERAR_PED_SEM_PRODUCAO = S","Programa"
"CBAN5","Pagamentos","Programa"
"CBAN14","hsbc espanhol 2","Relatório"
"FATU2","Notas Fiscais de Saída - Rotina de Vencimentos Antiga","Programa"
"FATU37_PIAGUI","Relatório Notas Fiscais Matricial","Relatório"
"PEDI7","Emissão de Etiqueta por Unidade de Produto sem Plano de Produção","Programa"
"MPSP31_HKUNTZLER","Relatório Plano Mestre de Produção","Relatório"
"PEDI8_PEGADA","Emissão de Etiqueta","Relatório"
"MPSP32_HKUNTZLER","Relatório Plano Mestre de Produção","Relatório"
"FATU2_MEXICO","Nota Fiscal de Saída - México - CREDITO","Programa"
"FATU75","1- Relatório Notas Fiscais Argentina - Normal","Relatório"
"CFAB90","Apontamento MultiTarefa - Curtume - MEDIR SEMI-ACABADO","Programa"
"FATU99","2 - Relatório Notas Fiscais Argentina - Simples","Relatório"
"FATU100","3 - Relatório Notas Fiscais Débito Argentina","Relatório"
"FATU101","5 - Relatório Notas Fiscais Argentina - Remito","Relatório"
"FPAG115","08-Recibo Pagamento Matricial","Relatório"
"FATU2","Notas Fiscais de Saída - MONITOR ###","Programa"
"CFAB19_AMC","CFAB19_AMC","Relatório"
"FATU58","Relatório de Carta de Correção","Relatório"
"FATU117","Relatório de Ocorrências de Faturamento","Relatório"
"FATU14","Notas Fiscais de Saída","Relatório"
"PEDI5","Pedido de Venda","Relatório"
"PEDI1","Pedidos de Venda Soubach","Programa"
"RHUM7","Cargos","Programa"
"PEDI132","Pro-Forma","Relatório"
"VEND113","Controle de Flexibilidade de Vendas","Programa"
"CFAB90","Apontamento MultiTarefa - Curtume - ENXUGAR WB COM MEDIÇÃO QUE ATUALIZA A OF","Programa"
"ESTO4","Requisição Informada - Habilita O.F.","Programa"
"CFAB122","Configuração de Campos dos Programas","Programa"
"COMP5","Recebimento de Pedidos de Compra - Sugere Quantidade Entrega Lote.","Programa"
"COMP32","Relatório de Inspeção","Relatório"
"CFAB1","Apontamento de Ordem de Fabricação - Laticinios","Programa"
"CFAB1","Apontamento de Lote - Laticinios","Programa"
"FATU123","Nota Fiscal de Consumidor Eletrônica (NFC-e) Pacific","Programa"
"FATU30","Relatório Notas Fiscais","Relatório"
"MPSP5","Plano de Produção - Laticinios","Programa"
"CEXC1117","Relatório Notas Fiscais Matricial","Relatório"
"FATU58","Relatório de Carta de Correção","Relatório"
"FATU117","Relatório de Ocorrências de Faturamento","Relatório"
"ESTO112","Plano Abast Materiais e Controle de OF C/APONT (ACABADO)","Programa"
"CFAB19_CURTUME_PADRAO","CFAB19_CURTUME - Emissão de OF","Relatório"
"CFAB90","Apontamento OF MultiTarefa - Total","Programa"
"CFAB90","Apontamento OF MultiTarefa - Parcial","Programa"
"CFAB7","Emissão Ordem de Fabricação (+PROCESSO) GNT","Programa"
"CFAB11_GNT","Emissão Ordem de Fabricação","Relatório"
"CEXC1088","Inventario Materias Primas/Produtos Prontos","Programa"
"CEXC1088","Relatório Inventário Materias Primas","Programa"
"CEXC1088","Relatório Inventário Produtos Terminados","Programa"
"EPRO15","Estruturação do Produto","Programa"
"EPRO58","Estruturação de Produtos - Inventário","Programa"
"ESTO13","Relatório Posição Estoque","Programa"
"ESTO14","Relatório Posição Estoque","Relatório"
"ESTO43","Relatório Posição Estoque por Identificação","Relatório"
"ESTO44","Relatório Posição Estoque sem Reserva","Relatório"
"ESTO14_POR_EMPRESA","Relatório Posição Estoque por Empresa","Relatório"
"ESTO43_POR_EMPRESA","Relatório Posição Estoque por Empresa com Custo","Relatório"
"ESTO19","Registro Controle Produção e Estoque","Programa"
"ESTO20","Registro Controle Produção e Estoque","Relatório"
"ESTO2","Implantação de Saldo","Programa"
"ESTO3","Devoluções","Programa"
"FATU17_ALEANZA","Rótulos","Relatório"
"COMP54","Perfil do Fornecedor","Relatório"
"FATU15_BRISA","Relatório Notas Fiscais Matricial","Relatório"
"FPAG125","Tabela 03 - Naturezas das Rubricas","Programa"
"CBAN5","Indenização Clientes","Programa"
"FATU61_EQUADOR","Monitor Notas Fiscais Eletrônicas - Equador","Programa"
"PEDI8_ADOC","Emissão Etiqueta Tecnocalza","Relatório"
"CFAB77","Posição do Plano de Produção (Plano/Construção/Modelo/Produto)","Relatório"
"PEDI117","Relatório de Pendencias de Clientes","Relatório"
"PREC33","Configurador de Meta/Eficiência Prevista por Recurso","Programa"
"CPAG53","Indenização","Relatório"
"PEDI7","Emissão de Etiqueta por Unidade de Produto por Plano de Produção - ADOC","Programa"
"CFAB76_SEM_PLANO","Posição do Plano de Produção(Construção/Modelo)","Relatório"
"FATU24","Emissão Rótulos com Documento Fiscal - TERMOFLEX","Programa"
"COMP55","Relatório de Documentos","Relatório"
"EPRO62","Emissão Etiquetas Produto","Programa"
"EPRO63","EPRO63","Relatório"
"PEDI4","Liberação Pedidos Faturamento 1","Programa"
"FPAG169","Relatório Resumido Por Idade/Sexo","Programa"
"FPAG170","Relatório Resumido por Idade/Sexo","Relatório"
"CFAB17","Emissão Cartão Componente - HENRICH","Programa"
"CFAB18_PADRAO","Emissão Cartão Componente","Relatório"
"ADMI252_KND","VINCULO PROGRAMAS X RECURSOS","Programa"
"LFIS110","Integração Fiscal - Layout SPED Fiscal","Programa"
"FATU118","Atualização de Notas de Importação","Programa"
"FATU15_BRISA","Relatório Notas Fiscais Matricial","Relatório"
"PEDI117","Relatório de Pendencias de Clientes","Relatório"
"CBAN61","Recibo de Controle do Adiantamento","Relatório"
"ADMI256","Gerador de certificado","Programa"
"PEDI14","Importação Pedidos de Venda - EDI Termotêxtil","Programa"
"CPAG35","Log Importação Pedidos de Venda - EDI","Relatório"
"FATU16_ARGENTINA","Gera/Emissão Rótulo Unidade Armazenamento ARGENTINA","Programa"
"FATU17_PADRAO","Rótulo Unidade Armazemamento","Relatório"
"CFAB1","Apontamento OF - Cumplido Expedicion","Programa"
"ESTO36","Solicitação de Necessidades de Materiais - Não Obriga Plano Prod","Programa"
"ESTO39","Relatório Solicitação de Necessidades","Relatório"
"FATU3_PERU","Notas Fiscais de Entrada - PADRAO","Programa"
"FATU15_KHTA","Relatório Nota Remission","Relatório"
"PEDI130","Configurações ProForma","Programa"
"PEDI4_ARGENTINA","Liberação Pedidos Faturamento - Argentina Estab 33 Local 9890 - RAVEN","Programa"
"FATU45_CADEIN","Relatório Pré-Venda","Relatório"
"ESTO4","Requisição Informada","Programa"
"ESTO7","Consulta Estoque Produto adoc","Programa"
"ESTO8","Relatório Lançamentos ESTO8 | ESTO130","Programa"
"ESTO9","Relatório Lançamentos por Produto","Relatório"
"ESTO130","Relatório Lançamentos por Produto","Relatório"
"ADMI144","Processamento de Leituras","Programa"
"CEXT103","Consulta Vínculo Rótulos Processo de Exportação","Programa"
"CFAB10","Estorno Apontamento de Talão","Programa"
"FATU17_PEGADA","FATU17_PEGADA","Relatório"
"IQUA4","Inspeção de Recebimento","Programa"
"CREC65","Cálculo de Juros/Despesas por Documento","Programa"
"FATU74","Gera NF pelo Rótulo - Estab3 - Loc 16","Programa"
"PEDI119","Realocação de Rótulo SKU","Programa"
"CBAN51","Relatório Constancia de Retenção","Programa"
"TERC2","Retorno (Com Apontamento Produção) recurso base planejamento 401","Programa"
"CBAN52","Relatorio Constancia de Retenção","Relatório"
"ESTO89","Manutenção de Rótulos","Programa"
"ESTO118","Relatório de Log - Manutenção de Rótulos","Relatório"
"FATU16","Gera/Emissão Rótulo Unidade Armazenamento Padrão","Programa"
"FATU17_PADRAO","Rótulo Unidade Armazemamento","Relatório"
"PEDI4","Liberação Pedido - Faturamento Exportação - ADOC","Programa"
"CBAN71","Gera Arquivo Integração C.P. (QUESTOR)","Programa"
"FATU82","Etiqueta - BRASPRESS","Relatório"
"CFAB1","Apontamento de Talão Processo 1132 Adoc (Semi-Acabados)","Programa"
"ESTO136","Apuntamiento de Producción por Cortador - Satra","Programa"
"ADMI149","Emissão Etiquetas Cartão Ponto Funcionário","Programa"
"RHUM19","Empleados","Programa"
"ESTO136","Exclusão de Apontamento de Produção por Cortador","Programa"
"ADMI151","Generación del Archivo .IN Satra","Programa"
"ADMI150","Importación Archivo .OUT Satra","Programa"
"EPRO72","Vínculo Largura/Largura Satra","Programa"
"EPRO73","Vínculo Produto/Produto Satra","Programa"
"ESTO137","Plano Abastecimento Materiais Satra","Programa"
"ESTO139","Plano Abastecimento Materiais - Satra","Relatório"
"ADMI153","Exportação para Integração com Sistema Satra - Arquivo .UP","Programa"
"FPAG53","02-A.S.O.","Relatório"
"CEXC1085","Importar Apontamentos - CRI","Programa"
"CACE1","Cadastro de Relógios","Programa"
"CACE2","Cadastro de Funções - Relógios","Programa"
"CEXC1091","Configuração Grade a Marcar","Programa"
"FPAG115","Demonstrativo Fiscal do Mês","Programa"
"FPAG116","Demonstrativo Fiscal do Mês","Relatório"
"CEXC1104","Relatório Plano Mestre de Produção por Modelo (+PROCESSOS) VIVO","Programa"
"CEXC1105","Relatório","Relatório"
"COMP48","Relatório Posição de Necessidades por Plano de Produção/Pedido","Programa"
"FATU9","Devolução de Emprestimo Obtido","Programa"
"FPAG36","Recibo de Pagamento a Autônomo (RPA)","Programa"
"FPAG138","10-Recibo de Pagamento a Autônomo (RPA)","Relatório"
"MPSP5","Plano de Produção F1 - Loc. 5109","Programa"
"PEDI44","PGD Lib. Pedidos Faturamento F1 116 Loc.5109","Programa"
"FATU15_BRISA","Relatório Notas Fiscais Matricial","Relatório"
"PEDI117","Relatório de Pendencias de Clientes","Relatório"
"CFAB45_PEGADA_SEM_OF","Plano de Corte - PEGADA - Sem OF","Relatório"
"ESTO122","Relatório de Produtos em Fabricação Por Modelo UM Sec.","Relatório"
"PEDI48","Relatório Resumo de Pedidos - Arezzo","Programa"
"PEDI47","Relatório Resumo de Pedidos - Arezzo","Relatório"
"CFAB34","Posição Produção por Pedido - Cadein","Programa"
"CFAB35_CDI","Posição Produção por Pedido - Cadein","Relatório"
"ESTO122","Relatório de Produtos em Fabricação Por Modelo UM Sec.","Relatório"
"ESTO68","Relatório de Produtos em Fabricação por Modelo","Relatório"
"FATU3_PERU","Notas Fiscais de Entrada - PERU - NF_CREDITO","Programa"
"FATU115_PDS","Relatório Nota Credito","Relatório"
"CEXT84","Comércio Exterior- Padrão II","Programa"
"CEXT81_PCS_V2","Invoice","Relatório"
"CEXT82_PCS_V2","Packing List","Relatório"
"CONT73_SCHMIDT","Importação de Lançamentos Contábeis - Schmidt","Programa"
"FATU134","Gera Notas Fiscais de Saída XML Romaneio","Programa"
"SERV34","Relatório de Pedidos de Serviço - Por Cliente","Relatório"
"FATU134","Gera Notas Fiscais de Saída XML Romaneio _ Sigyl","Programa"
"CFAB30","Emissão Talão - BOREART","Programa"
"SERV33","Relatório de Pedidos de Serviço por Cliente/Técnico - Modelo DEZ","Programa"
"FATU43_BOR","Emissão Talão","Relatório"
"FATU128","Romaneio Pieles del Sur - Marcio","Programa"
"FATU135","Relatório de Romaneio","Relatório"
"PEDI4","Liberação Pedidos Faturamento Brisa - Estab 21 Local 30 - Laminados","Programa"
"FATU15_BRISA","Relatório Notas Fiscais Matricial","Relatório"
"PEDI117","Relatório de Pendencias de Clientes","Relatório"
"PEDI1","Pedido de Venda - Exportação AMCM","Programa"
"PEDI5","Pedido de Venda","Relatório"
"PEDI44","Liberação Pedidos Fat Curtume PEDI44- EMP2 UN4 Estab.3 Loc16","Programa"
"FATU15_BRISA","Relatório Notas Fiscais Matricial","Relatório"
"PEDI117","Relatório de Pendencias de Clientes","Relatório"
"PEDI4","Liberação Pedidos Faturamento PEDI4 Emp 2 Estab 3 Loc 16 - LIBERAR_PED_SEM_PRODUCAO = N","Programa"
"CFAB118","Controle Produção/Faturamento de Pedidos","Programa"
"CFAB1","Apontamento OF - MÚLTIPLOS PRODUTOS (sugere Produto) Interface Medidora","Programa"
"PEDI1","Lote Produção Estoque Beneficiamento- Simplificado","Programa"
"LFIS79","Registro de Entradas - Operação","Programa"
"CFAB9","Emissão de Talão (1 PROCESSO) - Malu","Programa"
"CFAB12_MALU","Emissão de Talão","Relatório"
"CBAN56","Relatório Demonstrativo de Retenções - PERU","Programa"
"PEDI6","Emissão de Pedidos (Curtume)","Programa"
"FATU2_PERU","Nota Fiscal de Saída - FATURA - PERU","Programa"
"CBAN57","Relatório Demonstrativo de Retenções - PERU","Relatório"
"PEDI5_UM_SECUNDARIA"," Emissão de Pedido (Quantidade Secundaria)","Relatório"
"ADMI227","Cobranças Preferenciais","Programa"
"FATU96","Relatório de Carta Correção","Relatório"
"CPAG36","Compensação (Adto X Rcto)","Programa"
"CPAG45","Compensação (Devo X Rcto)","Programa"
"CPAG56","Compensação de Duplicatas (Faturamento x Recebimento)","Programa"
"CREC32","Transformação de Documentos","Programa"
"PEDI113","Lote Produção Estoque","Relatório"
"PEDI114","Cancelamento de Entrega Pedido","Relatório"
"EPRO58","Estruturação de Produtos - Inventário","Programa"
"VEND12","Análise de Crédito de Pedidos - Pedido Simplificado","Programa"
"TERC15_POR_OF","Relatório de Pagamento à Ateliers Detalhado","Relatório"
"CFAB19_MINUANO_TAPETES_PELO","Emissão Ordem de Fabricação Curtume (TAPETE COM PELO)","Relatório"
"CFAB45","Plano de Corte","Relatório"
"FATU57","Consulta Notas Fiscais de Saida - Padrão Atelier","Programa"
"FATU22","Emissão Rótulo Unidade Armazenamento HKUNTZLER","Programa"
"FATU17_HKUNTZLER","Rótulo H. Kuntzler","Relatório"
"EPRO69","Lista Materiais","Programa"
"CFAB100","Plano de Corte - INOPROD","Programa"
"FATU2_PERU","Nota Fiscal de Saída - Factura Shoe Trade Arequipa","Programa"
"FATU73_PERU","Relatório de Guia de Remissão","Relatório"
"FATU73_PERU_REMISSION","Relatório de Guia de Remissão","Relatório"
"FATU2_PERU","Nota Fiscal de Saída - TICKET - KHTA","Programa"
"FATU92_KHTA","Cupom","Relatório"
"LFIS120","Configuração de ICMS Partilhado","Programa"
"MPSP2_KND","Planejamento Kunden","Programa"
"TERC1","Remessa Empresa 210/Estab 117","Programa"
"PREC36","Cadastro de Tempos por Setor","Programa"
"FATU2_PERU","Facturas - BFX - Estab 611 / 9880","Programa"
"FATU15_KHTA","FATURA_PERU","Relatório"
"FATU113","Relatório Notas Fiscais","Programa"
"FATU112","Relatório Notas Fiscais","Relatório"
"FVEN9","Estágios do Cálculo","Programa"
"COMP3","Pedidos de Compra C/ Alçada Sem Cotação","Programa"
"COMP3","Pedidos de Compra cat. 23","Programa"
"COMP9","Pedidos de Compra","Relatório"
"COMP9","Pedido de Compra - Exportação","Relatório"
"COMP9","Pedidos de Compra","Relatório"
"COMP20","Pedido de Compra - Exportação","Relatório"
"RECE22","Relatório Controle de Deposito - Recebimento e Retorno","Relatório"
"RECE21","Relatório Controle de Deposito - Recebimento e Retorno","Programa"
"CACE18","Rel. Espelho Ponto Cfe. Portaria 1502","Relatório"
"CACE19","Relatório de Ocorrências por Grupo","Programa"
"CACE20","Relatório de Ocorrências por Grupo","Relatório"
"CACE21","Relatório de Ocorrências por Grupo (Batidas)","Relatório"
"ESTO71","Transferência para Produção(material)","Programa"
"FATU15_BRISA","Relatório Notas Fiscais Matricial","Relatório"
"PEDI117","Relatório de Pendencias de Clientes","Relatório"
"CFAB7","Emissão Ordem de Fabricação - CURTUME PADRÃO","Programa"
"MPSP59","Relatório de Programação de Entregas por Setor - Analítico","Relatório"
"COMP3","Pedidos de Compra C/ Alçada Com Cotação","Programa"
"CFAB19_CURTUME_PADRAO","Emissão Ordem de Fabricação","Relatório"
"COMP9","Pedidos de Compra","Relatório"
"COMP20","Pedido de Compra - Exportação","Relatório"
"FATU17_SILOER","Emissão rótulo","Relatório"
"MIND27","1-Solicitação de Serviços de Manutenção - KRM","Programa"
"MIND37","Solicitação de Manutenção","Relatório"
"FATU17_SILOER","Emissao rotulo","Relatório"
"FATU150","Controle de Medições com Integração com a Medidora","Relatório"
"CFAB23","Exclusão Apontamento de Rótulos - Processo 79","Programa"
"CUST8","Recálculo do Custeio das Ordens de Fabricação - 1X","Programa"
"MPSP5","Plano de Produção - Agr Pedidos - somente parametros de Agrupamento","Programa"
"CEXT18","1 - Gerar Remessa para Embarque Adoc","Programa"
"CEXT19","2 - Remessa para Embarque","Programa"
"CEXT21","3 - Gerar Processo de Exportação","Programa"
"CEXT23","4 - Proceso de Exportación","Programa"
"CFAB17","Emissão Cartão Componente - ORISOL","Programa"
"CFAB116","Emissão Cartão Componente","Relatório"
"ADMI147","Importação para Implantação de Controle de Lote","Programa"
"ESTO112","Plano Abast Materiais e Controle de OF S/APONT - LOC 16","Programa"
"CFAB19_CURTUME_PADRAO","CFAB19_CURTUME - Emissão de OF","Relatório"
"FATU2_EQUADOR","Nota Fiscal de Saída - FATURA - EQUADOR - TECNOCALZA","Programa"
"FATU161","Relatório Notas Fiscais Matricial - Tecnocalza","Relatório"
"FATU14_TECONOCALZA_RETENCAO","Relatório Guia de Remissão","Relatório"
"FATU73_TECNOCALZA","Guia de Remissão - Tecnocalza","Relatório"
"EPRO72","Vínculo Largura/Largura Satra","Programa"
"CFAB65_191","Apontamento de Rótulos - Kildare - CFAB65","Programa"
"FATU141","Importação de Notas Fiscais de Saída por XML - Consumidor","Programa"
"FPAG188","Consulta Envio E-Social","Programa"
"FATU162","Relatório Imposto PIS / COFINS","Relatório"
"RECE49","Relatório de Impostos","Relatório"
"CFAB11_MINUANO","Emissão Ordem de Fabricação","Relatório"
"ESTO81_MPE","Emissão Relatório","Relatório"
"ESTO80","Emissão Etiqueta","Relatório"
"MPSP46","Ordem de Fabricação -  Geração e Abast (FRIGORIFICO MIX)","Programa"
"MPSP46","Ordem de Fabricação -  Geração e Abast (FRIGORIFICO)","Programa"
"CFAB11_MINUANO","Emissão Ordem de Fabricação","Relatório"
"ESTO81_MPE","Emissão Relatório","Relatório"
"ESTO80","Emissão Etiqueta","Relatório"
"ESTO25","Plano Abastecimento Materiais - Requisição (FRIGORIFICO)","Programa"
"ESTO26_MLA","Relatório Plano Abastecimento Materiais - Necessidades","Relatório"
"ESTO78","Plano Abastecimento Materiais - Requisição","Relatório"
"FATU17_PADRAO_LEAL","Relatório Rótulos","Relatório"
"FATU16","Gera/Emissão Rótulo Unidade Armazenamento - PADRÃO","Programa"
"FATU22","Emissão Rótulos c/ Alteração de Categoria Entrega T&A","Programa"
"FATU17_TEA","Rótulos","Relatório"
"TERC6_CADEIN","Posição Remessa/Retorno CADEIN","Relatório"
"ESTO26","Relatório Plano Abastecimento Materiais - Remessa Industrialização","Relatório"
"RECE7","Retornos de Remessa Atelier","Programa"
"ESTO25","Plano Abastecimento Materiais - Remessa Industrialização","Programa"
"RECE8","Relatório Retornos de Remessa Industrialização","Relatório"
"CFAB17","Emissão Cartão Componente - PEGADA (+ Processos)","Programa"
"CFAB18_PEGADA_PROCESSOS","Emissão Cartão Componente","Relatório"
"CFAB18_PEGADA","Emissão Cartão Componente (Matricial)","Relatório"
"CPRO22","Configuração de Eventos - Contra Nota","Programa"
"PROJ1_DT","Gerenciador de Projetos - DT","Programa"
"CFAB78","Relatório de Rendimento FRIGO","Programa"
"CFAB83","Relatório de Rendimento","Relatório"
"CFAB85","Relatório de Rendimento com Custo FRIGO","Programa"
"CFAB86","Relatório de Rendimento c/ Custo","Relatório"
"CFAB107","Relatório de Rendimento c/ Custo - Químicos Detalhados","Relatório"
"FATU63","Gera Arquivo FCI - Não Exige Saldo Venda a Faturar","Programa"
"FATU67","Relatório Controle de FCI","Relatório"
"VEND115","Projeção de Vendas","Programa"
"CREC87","Adquirentes","Programa"
"FATU16","Emissão Rótulo Unidade Armazenamento - oks","Programa"
"FATU17_OKSEBRA","Rótulo oksebra","Relatório"
"CFAB1","Apontamento de Talão - Gera Rótulo Talão - Loc 57 - Proc CIERRE (semi-acab Depuracion)","Programa"
"FATU155","Emissão de Etiqueta","Relatório"
"CUST22","Previsão de Resultado","Relatório"
"CFAB65","Apontamento de Rótulos - Processo 1195 Expedição - Loc 16","Programa"
"ADMI144","Processamento de Leituras - CRI - Frigoríficos","Programa"
"FATU9","Devolução de Compra - Tecnocalza","Programa"
"FATU24_CODIGO_BARRAS","Emissão Rótulo pela NF - BRASPRESS - Etiqueta - Só COD BARRAS","Programa"
"FATU17_HKUNTZLER","Rótulos","Relatório"
"FATU17_PEGADA_GRD_MARCAR","Rótulos - PEGADA","Relatório"
"FATU82","Etiqueta - BRASPRESS","Relatório"
"COMP40","Orçamento de Compras por Plano de  - 64B","Programa"
"FATU44","Relatório Romaneio Notas Fiscais (IMPRESSAO_PADRAO_ATELIER = 'N') Relat FATU166","Programa"
"PEDI1","Pedido de Venda, Impressão Com Valor","Programa"
"FATU166","Relatório Romaneio Notas Fiscais","Relatório"
"COMP41","Orçamento de Compras por Plano de Produção","Relatório"
"MPSP2","Planejamento - CALÇADOS ROBERTO","Programa"
"FVEN7_CURTUME","Cálculo Preço de Venda","Relatório"
"FATU125","Consulta Referências Saldo em Aberto - Não permite recálculo","Programa"
"MPSP5","3. Plano de Produção (AW)","Programa"
"PEDI44","Liberação Pedidos Faturamento (PEGADA) - Estab.31 Localização.31","Programa"
"RHUM21","Ambientes de Trabalho","Programa"
"CFAB7","Emissão Ordem de Fabricação (stefmary)","Programa"
"CFAB19_STEFMARY","CFAB19_STEFMARY","Relatório"
"ESTO37","Solicitação de Necessidades de Materiais - Simão","Programa"
"MPSP5","Plano de Produção - Valida a Existência de Rótulos antes de Gerar MRP","Programa"
"CFAB30","9.2.3 Emissão Talão (+PROCESSO) - (AW)","Programa"
"CFAB31_CENTROPE","1 CFAB31_CENTROPE (CÓDIGO BARRAS)","Relatório"
"CFAB31_CV","2 CFAB31_CV","Relatório"
"CFAB9","9.2.3.4 Emissão de Talão (1 PROCESSO) - (AW)","Programa"
"CFAB12","1 CFAB12","Relatório"
"CFAB12_MALU","2 CFAB12_MALU","Relatório"
"CFAB12_MALU_PLANEJ","3 CFAB12_MALU_PLANEJ","Relatório"
"FATU169","Relatório de Comissões - SUFRAMA","Programa"
"FATU170","Relatório de Comissões - SUFRAMA","Relatório"
"CFAB65","Apontamento de Rótulos - 79","Programa"
"CFAB134","Apontamento de Rótulos Completo - Processo 79","Programa"
"VEND2","2.2.3 Lista de Preço (Estrutural) - (AW)","Programa"
"VEND2","2.2.3.4 Lista de Preço (Produto) - (AW)","Programa"
"COMP47","Relatório Carga de Formas","Relatório"
"CEXC1109","Perfil do Cliente - VIVO","Relatório"
"VEND91","Perfil do Cliente","Relatório"
"LFIS6","Registro de Entradas - ICMS Partilhado","Programa"
"CFAB22","Apontamento de Rótulos (Processo 191) Loc. 31","Programa"
"CFAB65","Apontamento de Rótulos -  Loc.16 CFAB65 - PROC 191","Programa"
"CFAB75_SEM_PLANO","Posição do Plano de Produção (Construção)","Relatório"
"FPAG171","Relatorio Controle Absenteísmo/Turnover","Programa"
"FPAG172","Relatorio Controle Absenteísmo/Turnover","Relatório"
"CEXC1126","Consulta de Documentos (Contas a Pagar)","Programa"
"FATU111","Encerramento Notas Fiscais Empréstimo","Programa"
"PEDI1","Pedidos de Venda (Curtume) - Produção Exportação - P2","Programa"
"PEDI5","Pedido de Venda","Relatório"
"PEDI5_UM_SECUNDARIA","Pedido de Venda Qtd Secundária Sem Valor","Relatório"
"CFAB11_HKUNTZLER_NOVO","05 OF CFAB11_HKUNTZLER_NOVO","Relatório"
"LFIS119","Código de Receita (EFD)","Programa"
"CFAB72","Relatório Produto por Plano/Construção","Relatório"
"CFAB73","Relatório Produto por Plano/Construção/Modelo","Relatório"
"LFIS8","Registro de Saídas - ICMS Partilhado","Programa"
"LFIS117","Registro de Saídas - ICMS Partilhado","Relatório"
"LFIS118","Registro de Entradas - ICMS Partilhado","Relatório"
"CREC17","Livro Razão - Argentina","Programa"
"PEDI7","Emissão de Etiqueta p/ Produto - FIMEC","Programa"
"PEDI8_FIMEC","Etiqueta FIMEC","Relatório"
"CREC18_ARGENTINA","Livro Razão","Relatório"
"CREC41","Livro Razão (Resumido)","Relatório"
"CREC71","Livro Razão (Lista saldo documento)","Relatório"
"CREC22","Emissão de Duplicatas - Saldo","Programa"
"CREC23","Emissão de Duplicatas","Relatório"
"CREC23_MATR_TEA","Emissão de Duplicatas Matricial","Relatório"
"EPRO49","CLASSIFICAÇÃO WB","Programa"
"ESTO30","Relatório Análise Consumo Previsto x Realizado - 64 bits","Programa"
"ESTO31","Relatório Análise Consumo Previsto x Realizado","Relatório"
"ESTO127","Relatório Análise Consumo Previsto x Realizado (Produto/Solicitante)","Relatório"
"PEDI65","Emissão de Etiquetas por Produto (Italianinho)","Relatório"
"ESTO112","Plano Abastecimento Materiais e Controle de Ordem de Fabricação (Smart)","Programa"
"CFAB19_AMC","CFAB19_AMC","Relatório"
"EPRO83","Laminados Negócio","Programa"
"EPRO84","Laminados Segmento","Programa"
"EPRO85","Laminados SubSegmento","Programa"
"CFAB7","Emissão Ordem de Fabricação - TEA","Programa"
"EPRO87","Laminados SubFamília","Programa"
"EPRO88","Laminados Artigo","Programa"
"CFAB11_MALU","04 OF CFAB11_MALU","Relatório"
"CFAB11_HKUNTZLER_2_OFS_PAGINA","06 OF CFAB11_HKUNTZLER_2_OFS_PAGINA","Relatório"
"CFAB140","11 OF CFAB140","Relatório"
"CFAB139","10 OF CFAB139","Relatório"
"CFAB11_KILDARE","02 OF CFAB11_KILDARE USO: VEDDER","Relatório"
"CFAB11_HENRICH_AMOSTRAS","07 OF CFAB11_HENRICH_AMOSTRAS","Relatório"
"CFAB11_PEGADA","03 OF CFAB11_PEGADA","Relatório"
"CFAB11_KABEK","09 OF CFAB11_KABEK","Relatório"
"CFAB19_CADEIN","12 OF CFAB19_CADEIN","Relatório"
"CFAB11_GNT","08 OF CFAB11_GNT","Relatório"
"CFAB11_HENRICH","13 OF CFAB11_HENRICH","Relatório"
"CFAB11_LTZ","14 OF CFAB11_LTZ","Relatório"
"ADMI156","Agendador de Tarefas (DBMS_SCHEDULER)","Programa"
"ESTO25","Plano Abastecimento Materiais - Remessa Industrialização VEDDER","Programa"
"ESTO26","Relatório Plano Abastecimento Materiais - Remessa Industrialização","Relatório"
"PEDI1","Pedidos de Venda (Curtume) S/ Valor","Programa"
"PEDI5","Pedido de Venda","Relatório"
"PEDI5_UM_SECUNDARIA_SEM_VALOR","Pedido de Venda Qtd Secundária Sem Valor","Relatório"
"FATU2","FATU2 - Nota de Serviço","Programa"
"FATU62","FATU62 - Monitor de Nota de Serviço","Programa"
"FATU101","5 - Relatório Notas Fiscais Argentina - Remito","Relatório"
"FATU16","Geração/Emissão Rótulo - Minuano","Programa"
"FATU17_MINUANO","FATU17","Relatório"
"CFAB155","CFAB155","Relatório"
"RECE45","Retornos de Remessa Industrialização - Distribuição Automática dos Materias de Retorno [LCTO]","Programa"
"FATU124","Importação de Notas Fiscais de Entrada por XML com Romaneio","Programa"
"CFAB105","Relatório de Transferêcias","Relatório"
"FATU16","Gera Rótulo Unidade Armazenamento - CADEIN","Programa"
"FATU17_CADEIN","Rótulo Cadein","Relatório"
"ESTO123","Solicitação de Necessidades de Materiais - Múltiplas OFs","Programa"
"ESTO39","Relatório Solicitação de Necessidades","Relatório"
"CFAB107","Relatório de Rendimento c/ Custo - Químicos Detalhados","Relatório"
"CFAB1","Apontamento de OF Brisa","Programa"
"MPSP5","Plano de Produção - CRST","Programa"
"EPRO56","02 - Ficha","Relatório"
"CFAB7","Emissão Ordem de Fabricação LUTHEUZ","Programa"
"CFAB11_LTZ","Emissão Ordem de Fabricação","Relatório"
"CFAB7","Emissão Ordem de Fabricação BOREART 2 por pág","Programa"
"CFAB114","Emissão Ordem de Fabricação 2 por página","Relatório"
"ESTO27","Emissão de Requisições - OKS","Programa"
"ESTO28_OKS","Emissão de Requisições - Matricial","Relatório"
"ESTO29_OKS","Emissão de Requisições - Gráfico","Relatório"
"ESTO112","Plano Abastecimento Materiais e Controle de Ordem de Fabricação (Frigo)","Programa"
"CFAB19_AMC","CFAB19_AMC","Relatório"
"FATU146","Configuração de Serviços de Documentos Fiscais Eletrônicos (DF-e)","Programa"
"ESTO112","Plano Abast Materiais e Controle de OF C/APONT (Roberto)","Programa"
"CFAB19_CURTUME_PADRAO","CFAB19_CURTUME - Emissão de OF","Relatório"
"CFAB7","Emissão Ordem de Fabricação HKUNTZLER MESTRE","Programa"
"CFAB11_HKUNTZLER_1","Emissão Ordem de Fabricação 2 por página","Relatório"
"ESTO112","Plano Abast Materiais e Controle de OF C/APONT SEPARAR MP","Programa"
"CFAB19_CURTUME_PADRAO","CFAB19_CURTUME - Emissão de OF","Relatório"
"CEXC124","Relatório Extrato do Cliente","Programa"
"CEXC125","Relatório Extrato do Cliente","Relatório"
"MPSP27","Relatório Plano Mestre de Produção por Modelo padrão","Programa"
"MPSP28","Plano Mestre de Produção por Modelo","Relatório"
"MPSP29","Plano Mestre de Produção por Modelo","Relatório"
"PEDI5","Pedido de Venda","Relatório"
"PEDI1","Pedidos de Venda - Padrão (PEDI1)","Programa"
"PEDI132","Pro-Forma","Relatório"
"MPSP2_186_DT","Planejamento - 186","Programa"
"ADMI217","Importação Tabelas FPAG","Programa"
"RECE24","Controle de Balança","Programa"
"FPAG81","Rel. Provisões de Décimo Terceiro","Relatório"
"FPAG104","Exames Saúde Quadro III","Programa"
"FPAG105","Exames Saúde Quadro III","Relatório"
"FPAG94","Exames Saúde Necessidades","Programa"
"FPAG95","Exames Saúde Necessidades","Relatório"
"PEDI1","Pedidos de Venda Kabek","Programa"
"CFAB1","Apontamento de Ordem de Fabricação - Intervalo de O.Fs","Programa"
"PEDI8_GNT","Emissão de Etiqueta","Relatório"
"PEDI5_KBK","Pedido de Venda","Relatório"
"CPRO29","Lançamentos - Devolução","Programa"
"FATU159","Emissão de LPN","Relatório"
"CEXC1123","Controle Validação Recurso 1","Programa"
"PREC32","Máquinas x Operações x Demãos","Programa"
"FATU155","Emissão de Talão","Relatório"
"ESTO25","Plano Abastecimento Materiais - Simples Remessa (Parâmetros Padrões)","Programa"
"ESTO26","Relatório Plano Abastecimento Materiais - Simples Remessa","Relatório"
"FATU15","Recibo de Locação","Relatório"
"FATU115","Relatório de Guia de Remissão","Relatório"
"PEDI132","Pro-Forma","Relatório"
"CPRO23","Laudos Padrões","Programa"
"FATU156","Relatório Liberação Pedidos Faturamento por Rota (Resumido)","Relatório"
"FATU153_RODRIGO","Liberação Pedidos Faturamento por Rota RODRIGO","Programa"
"FATU156","Relatório Liberação Pedidos Faturamento por Rota (Resumido)","Relatório"
"CACE6","2 - Importar Batidas do REP/Gerar Movimentos (Banco de Dados)","Programa"
"CPAG35","Log de Importação do Controle de Acesso","Relatório"
"CPRO27","Configuração de Eventos - Laudos","Programa"
"EPRO74","Estruturação do Produto - Manufatura","Programa"
"PEDI4","Liberação Pedidos Faturamento Brisa - Estab 21 Local 78 Consignação","Programa"
"FATU15_BRISA","Relatório Notas Fiscais Matricial","Relatório"
"PEDI117","Relatório de Pendencias de Clientes","Relatório"
"CFAB61","Emissão Lote - VPS","Programa"
"PEDI1","Lote Produção Estoque - Lutheuz","Programa"
"PEDI113","Lote Produção Estoque","Relatório"
"CFAB136","Emissão Lote - VPS","Relatório"
"PEDI138","4=Importação de Romaneio Arezzo","Programa"
"ADMI255","2=Importação de Rótulos do Web Service Arezzo","Programa"
"ESTO96","Impressão Etiqueta Local de Armazenagem","Relatório"
"CREC22","Emissão de Bloquetos Ismael","Programa"
"CREC25_CRESOL","Bloqueto Gráfico","Relatório"
"TERC1","Remessa - Martin","Programa"
"CBAN46","Outros Recebimentos","Programa"
"CFAB17","Emissão Cartão Componente - KUNTZLER","Programa"
"CFAB80","CFAB80","Relatório"
"CFAB81","CFAB81","Relatório"
"FATU22","Emissão Rótulo Unidade Armazenamento BRISA - ETIQ. TÉRMICA","Programa"
"CFAB82","CFAB82","Relatório"
"COMP9","Pedidos de Compra","Relatório"
"CFAB18","Emissão Cartão Componente","Relatório"
"TERC3","Posição Remessa/Retorno - Imagem CADEIN","Programa"
"CLAB5","04 - Fórmulas de Cálculo","Programa"
"CREC77","Relatório Nota de Débito - Oficial","Relatório"
"ESTO71","Gera Nota Fiscal Abastecimento Materiais - Remessa Industrialização - Simão","Programa"
"TERC7_IMAGEM_CDI","Posição Remessa/Retorno Imagem CADEIN","Relatório"
"COMP13","Plano de Necessidades de Compras - Gera Neces Estab Fat","Programa"
"MPSP2","Planejamento T&A - Carga Maquina","Programa"
"TERC1","Remessa - Simão","Programa"
"MPSP2","Planejamento - Simão","Programa"
"FATU8","Relatório Notas Fiscais","Relatório"
"FATU7","Relatório Notas Fiscais - 64 bits","Programa"
"CEXC1087","Relatório Registro de Coeficiente de Produção","Programa"
"FPAG112","Reajuste Salarial","Relatório"
"CEXC1085","Importação de Arquivo Controle Rotativo Inventário","Programa"
"IQUA6","Disposição Inspeção","Programa"
"ADMI112","Importação de Arquivo Controle Rotativo Inventário","Relatório"
"ADMI231","Captura Script's","Programa"
"ESTO89","Manutenção de Rótulos","Programa"
"EPRO23","Relatório Estruturação de Produto","Programa"
"EPRO24","Estrutura do Produto","Relatório"
"EPRO33","Estrutura de Produto","Relatório"
"COMP14","Cotações Compra Produto Com Condição","Programa"
"CFAB1","Apontamento de Ordem de Fabricação (Rec Base 134) Leitor","Programa"
"CFAB17","Cartão Componente","Programa"
"CFAB18","Emissão Cartão Componente","Relatório"
"CFAB18_HKUNTZLER","Emissão Cartão Componente Matricial","Relatório"
"CFAB1","Apontamento de Ordem de Fabricação (Rec Base 134) Manual","Programa"
"FATU3","Notas Fiscais de Entradas - Nimo","Programa"
"FATU14","Relatório Notas Fiscais","Relatório"
"FATU15_ANTONIELLE","Relatório Notas Fiscais Matricial","Relatório"
"RECE26","Relatório Carta de Correção","Relatório"
"FATU64","Relatório Recibo","Relatório"
"FPAG167","Ficha de Avaliação","Programa"
"FPAG168","Ficha de Avaliação","Relatório"
"ESTO50_POR_EMPRESA","Relatório Análise Estoque - ESTO50_POR_EMPRESA","Relatório"
"ESTO51_POR_EMPRESA","Relatório Análise Estoque - ESTO51_POR_EMPRESA","Relatório"
"PEDI127","Importação de Rótulos","Programa"
"EPRO15","Estruturação do Produto (OBRIGA_VEZES_PROCESSO = S, Mostra Ativos e Inativos)","Programa"
"CFAB94","Consulta Rótulos Agrupados","Programa"
"RECE7","Pré-recebimento Retornos de Remessa Beneficiamento","Programa"
"FATU123_EQUADOR","Factura con pistola tiendas - Equador","Programa"
"CACE28","4 - Gera Horas Eficiência","Programa"
"PEDI4_PERU","Liberação Guia de Remisión - BFX - Estab 611 / 9880","Programa"
"CBAN62_ARGENTINA","Recibo - Transferências","Relatório"
"ESTO112","Plano Abastecimento Materiais e Controle de Ordem de Fabricação S/APONT (Marcio)","Programa"
"CFAB19_CURTUME_PADRAO","CFAB19_CURTUME - Emissão de OF","Relatório"
"LFIS6","Registro de Entrada- Ordenado p/ Data","Programa"
"LFIS3","Registro de Entrada- Ordenado p/Data","Relatório"
"CREC79","Borderô para Desconto de Títulos","Programa"
"CREC80","Borderô para Desconto de Títulos - Banco do Brasil","Relatório"
"PEDI1","Lote Produção Estoque - Categoria 10 - Produzir","Programa"
"CREC83","Importação Arquivo EDI-POS","Programa"
"CFAB57","Apontamento de Rótulos Curtume MINUANO, Processo 345","Programa"
"CFAB67_MINUANO","Etiqueta Minuano","Relatório"
"EPRO32","Vínculo Produto/Produto Cliente - Produto/grade","Programa"
"FATU3_ARGENTINA","Notas Fiscais de Entrada - ARGENTINA -  DEBITO","Programa"
"FATU76","Relatório Fatura- CREDITO","Relatório"
"PEDI113","Lote Produção Estoque","Relatório"
"FATU2_MEXICO","Notas Fiscais de Saída - México","Programa"
"FATU3_MEXICO","Notas Fiscais de Entrada - México","Programa"
"FATU17_PEGADA","Emissão Rótulos com Documento Fiscal","Relatório"
"FATU17_PEGADA","Emissão Rótulos com Documento Fiscal - PEGADA","Relatório"
"FATU30","Relatório Notas Fiscais","Relatório"
"CEXC1117","Relatório Notas Fiscais Matricial","Relatório"
"FATU58","Relatório de Carta de Correção","Relatório"
"FATU117","Relatório de Ocorrências de Faturamento","Relatório"
"TERC16","Posição Saldo de Remessas","Programa"
"RHUM16","Parâmetros","Programa"
"PEDI7","Emissão de Etiquetas por Unidade de Produto por Plano de Produção HENRICH","Programa"
"FATU16","Gera/Emissão Rótulo Unidade Armazenamento - Pedidos Vivo","Programa"
"CEXC1110","Notas Fiscais de Saída de Transporte CT-e (Novo)","Programa"
"LFIS85","Relatório Vendas por NCM","Programa"
"ESTO82","Relatório Previsão de Abastecimento de Matéria Prima","Programa"
"ESTO84","Solicitantes","Programa"
"ESTO83","Relatório Previsão de Abastecimento de Matéria Prima","Relatório"
"PEDI118","Posição de Pedidos Detalhado (Novo)","Programa"
"FATU98","Gera Cópia de Nota","Programa"
"PEDI7","Emissão de Etiquetas por Unidade de Produto por Plano de Produção(Bolsas)","Programa"
"CFAB45_PEGADA","Plano de Corte - PEGADA","Relatório"
"CONT72","Contabilização Exportação","Programa"
"CONT33","Relatório de Contabilização","Relatório"
"CONT34","Relatório de Totais de Documentos para Contabilização","Relatório"
"CONT35","Relatório de Totais por Conta Contábil para Contabilização","Relatório"
"CONT49","Relatório Log de Contabilização","Relatório"
"CFAB67_MINUANO","ETIQUETA","Relatório"
"CFAB67_MINUANO","Etoqueta Minuano","Relatório"
"FATU6","Devoluções de Venda LCTO","Programa"
"FATU3","Notas Fiscais de Entrada MTZ 115","Programa"
"FATU14","Relatório Notas Fiscais","Relatório"
"FATU15_ANTONIELLE","Relatório Notas Fiscais Matricial","Relatório"
"RECE26","Relatório Carta de Correção","Relatório"
"FATU64","Relatório Recibo","Relatório"
"FATU12","Transferências ESTAB 1  LOC 9955","Programa"
"FATU106","GERA ETIQUETA","Programa"
"EPRO60","Estruturação de Produtos - Compras","Programa"
"FATU30","Relatório Recibo de Locação","Relatório"
"FATU58","Relatório de Carta de Correção","Relatório"
"FATU117","Relatório de Ocorrências de Faturamento","Relatório"
"FATU125","Consulta Referências Saldo em Aberto - Permite recálculo","Programa"
"CNTR1","Cadastro de Situações","Programa"
"FATU30","Relatório Notas Fiscais","Relatório"
"CFAB103","Cadastro de Tipo de Ordem de Fabricação","Programa"
"CEXT19","2 - Remessa para Embarque","Programa"
"CEXT21","3 - Gerar Processo de Exportação","Programa"
"EPRO67","Classificação","Programa"
"ESTO25","08. Plano Abastecimento Materiais - Remessa Industrialização c/Nota","Programa"
"ESTO26","Relatório Plano Abastecimento Materiais - Remessa Industrialização","Relatório"
"CEXT85","5 - Faturamento de Exportação Completo - ESTAB_PADRAO 3","Programa"
"FATU17_TERRA_AGUA","Emissão Rótulos","Relatório"
"FATU16","impressão rótulos oksebra Augusto","Programa"
"EPRO16","XXX Estruturação do Produto - Aniger - EPRO16 - INATIVOS","Programa"
"TERC17","Posição Remessa para Industrialização - GASS","Relatório"
"CEXT100","Relação de Documentos(Comissão conta Gráfica)","Programa"
"EPRO28","Aprovação p/Cálculo de Custos","Programa"
"ADMI221","Importação de IE Baixadas","Programa"
"CPAG35","Log Importação IE Baixadas","Relatório"
"RHUM14","Aliquotas de Terceiros (Outras Entidades)","Programa"
"MPSP46","Ordem de Fabricação - Geração e Abast (Matização Recurtimento ""Fora""-Não usar)","Programa"
"CEXC109_OLD","Gerenciador de Serviços - OLD","Programa"
"CFAB11_MINUANO","Emissão Ordem de Fabricação","Relatório"
"ESTO81","Emissão Relatório","Relatório"
"CACE11","Relatório de Ocorrências/Funções","Programa"
"CACE14","Espelho do Ponto","Programa"
"PROJ1","Gerenciador de Projetos","Programa"
"CACE16","Exportar Lista Branca para o REP","Programa"
"CACE12","Relatório de Ocorrências","Relatório"
"CACE15","Rel. Espelho Ponto Normal","Relatório"
"PEDI6","Emissão de Pedidos - CEXC1090","Programa"
"PEDI6","Emissão de Pedidos -  PEDI5_UM_SECUNDARIA_SEM_VALOR","Programa"
"CREC29","Relatório Remessa Cobrança Escritural (VENDOR)","Programa"
"ESTO80","Gera Custo Medio","Programa"
"CREC33","Relatório Remessa Cobrança Escritural","Relatório"
"CONT60","Importação de Lançamentos Metadados","Programa"
"MIND32","Serviço Solicitado","Programa"
"PEDI5_UM_SECUNDARIA_SEM_VALOR","Pedido de Venda -  PEDI5_UM_SECUNDARIA_SEM_VALOR","Relatório"
"MIND33","Especialidade","Programa"
"MIND34","Causa/Defeito","Programa"
"FATU70","Romaneio","Relatório"
"CEXC1090","Pedido de Venda","Relatório"
"PEDI6","Emissão de Pedidos -  PEDI5_UM_SECUNDARIA","Programa"
"PEDI5_UM_SECUNDARIA","Pedido de Venda -  PEDI5_UM_SECUNDARIA","Relatório"
"PEDI120","Alteração Grade Marcar no Pedido de Venda","Programa"
"ESTO80","Emissão Etiqueta","Relatório"
"FATU9","Devolução de Industrialização","Programa"
"PREC31","Meta por Produto e Recurso","Programa"
"CEXC82","Apontamento de Talão - Gera Rótulo Talão","Programa"
"FATU158","Liberação Pedidos Faturamento - Serviços","Relatório"
"MPSP5","Plano de Produção BRISA","Programa"
"LFIS87","Importação Arquivo SPED - ECF - Frigolaste","Programa"
"FATU155","Emissão de Etiqueta","Relatório"
"FPAG79_HE","Relatório Provisões Negativas - Henrich","Programa"
"FPAG80","Rel. de Provisões Férias","Relatório"
"FATU74","PGD Gera NF pelo Rótulo - EST31 LOC31","Programa"
"ADMI152","Emissão Etiquetas Cartão Ponto Funcionário","Relatório"
"ESTO2_ICO","Implantação de Saldo - ICO","Programa"
"CFAB65_PEGADA","Apontamento de Rótulos PEGADA","Programa"
"CPRO25","Laudo","Relatório"
"FATU117","Relatório de Ocorrências de Faturamento","Relatório"
"COMP5","Recebimento de Pedidos de Compra","Programa"
"ADMI140","Gerador de Serial","Programa"
"CBAN21_BOLIVARIANO","11 - Layout Cheque Bolivariano","Relatório"
"COMP32","Relatório de Inspeção","Relatório"
"LFIS111","Tabela de Código de Recolhimento de ICMS","Programa"
"EPRO50","Relatório Formulações","Programa"
"EPRO51_KRM","Relatório Formulações","Relatório"
"CFAB1","Apontamento de Ordem de Fabricação - Data Gerada","Programa"
"FATU120","FCP- Fundo de Combate à Pobreza","Programa"
"COMP60","Cadastro de Alçadas","Programa"
"COMP69","Ponto Reposição - Fornecedor","Relatório"
"FATU34","z. Relatório Faturamento","Programa"
"FATU164","Emissão Minuta","Relatório"
"FATU26","Emissão Minuta - FRIGOLASTE","Programa"
"PEDI4","Liberação Pedidos Faturamento - Sem Produção ESTAB 72099 LOCAL 9942","Programa"
"FATU15_BRISA","Relatório Notas Fiscais Matricial","Relatório"
"FPAG61","07-Contrato de confiança","Relatório"
"FPAG62","08-A.S.O. Ficha Clínica","Relatório"
"FPAG63","09-Autorização de descontos","Relatório"
"FPAG65","11-Termo de responsabilidades interno","Relatório"
"FPAG66","12-Termo de Responsabilidade Salário Família","Relatório"
"FPAG67","13-Termo de Alteração Contratual","Relatório"
"FPAG68","14-Ficha de salário família","Relatório"
"FPAG69","15-Verso Ficha Salário Família","Relatório"
"FPAG70","16-Declaração de dependentes I.R.R.F.","Relatório"
"FPAG71","17-Recibo de entrega de C.T.P.S.","Relatório"
"FPAG82","Bancos - Mensagens","Programa"
"EPRO55","Observação Processo","Programa"
"CFAB22","Apontamento Ordem de Fabricação (C/ Recurso)","Programa"
"FATU71","Liberación Facturación Romaneio - Remission","Programa"
"FATU92_KHTA","Cupom","Relatório"
"FATU15_BRISA","Relatório Notas Fiscais Matricial","Relatório"
"PEDI117","Relatório de Pendencias de Clientes","Relatório"
"FATU2_PERU","Nota Fiscal de Saída - TICKET - KHTA","Programa"
"ESTO36","Solicitação de Necessidades de Materiais c/ Plano Produção (LOTE)","Programa"
"FATU119_ARGENTINA","Gera Nota Fiscal de Saída Consignação - ARGENTINA","Programa"
"EPRO15_161_1","Estruturação do Produto PATCH 161_1","Programa"
"ESTO39","Relatório Solicitação de Necessidades","Relatório"
"CFAB132","Resumo Produção Recurso (Data, Recurso e Faixa Horária) - Com Grade","Relatório"
"MPSP47","Restrições Planejamento","Programa"
"CFAB17","Cartão Componente TERMOTEXTIL","Programa"
"CFAB18_TERMOTEXTIL","Emissão Cartão Componente","Relatório"
"CACE32"," Manutenção de Ocorrências (Movimentos)","Programa"
"FATU16","6. Gera/Emissão Rótulo - VEDDER","Programa"
"FATU171","FATU171 VEDDER","Relatório"
"CFAB7","Emissão Ordem de Fabricação - Martin","Programa"
"COMP71","Relatório Plano de Necessidades de Compras por Plano de Produção - MCM","Relatório"
"CFAB137","Emissão Ordem de Fabricação","Relatório"
"CEXC1100","Emissão talão","Relatório"
"PEDI4","Liberação Pedidos Faturamento - LIBERAÇÃO  - Estab. 71841","Programa"
"FATU15_BRISA","Relatório Notas Fiscais Matricial","Relatório"
"PEDI117","Relatório de Pendencias de Clientes","Relatório"
"PEDI1","Lote Produção Estoque - Simão","Programa"
"PEDI113","Lote Produção Estoque","Relatório"
"ESTO119","Rastreabilidade Pedido\OF\Lote","Programa"
"CFAB1","Apontamento de Lote PEGADA","Programa"
"COMP57","Controle Simplificado de Importações","Relatório"
"ADMI251","Configuração de Tabela sem Restrição","Programa"
"CEXC1126","Consulta Documentos - Minuano","Programa"
"MPSP50","Relatório de Planejamento - Pedidos à Faturar","Relatório"
"CEXC1126","Consulta Documentos - Minuano","Programa"
"MPSP46","Ordem de Fabricação - Geração e Abast (Caleiro, Curtimento, Recurtimento - Wellour)","Programa"
"CFAB11_SEM_QUEB","Emissão Ordem de Fabricação","Relatório"
"ESTO109","Emissão Relatório","Relatório"
"ESTO80","Emissão Etiqueta","Relatório"
"CBAN60","Controle de Adiantamentos","Programa"
"ESTO111","Relatório Emissão de Lote","Relatório"
"CREC25_CREDISIS","Boleto Gráfico - CREDISIS","Relatório"
"CFAB19_CURTUME","CFAB19_CURTUME - Emissão de OF","Relatório"
"CEXC111","Relatório Pedido Serviço","Relatório"
"LFIS112","Relatório Geração SPED - EFD Fiscal (ICMS/IPI)","Relatório"
"PEDI129","Acompanhamento de Pedidos","Relatório"
"PEDI4","Liberación Pedidos Facturación - TOTAL","Programa"
"LFIS115","Regimen de Información de Compras y Ventas","Programa"
"MPSP53","Mapa de Entregas","Relatório"
"ESTO112","Plano Abastecimento Materiais e Controle de OF Ped Benef utiliz MP Propria (Marcio)","Programa"
"CFAB19_CURTUME_PADRAO","CFAB19_CURTUME - Emissão de OF","Relatório"
"MPSP52","Relatório Mapa de Entregas","Programa"
"PEDI4_PERU","02-Genera Factura 001","Programa"
"CFAB90","Apontamento MultiTarefa - Curtume - EXPEDIÇÃO Padrão Amcm","Programa"
"FATU61","Monitor de Notas Fiscais- MDE","Programa"
"CREC22","Emissão de Bloquetos - CREDISIS CNAB400","Programa"
"CREC25","Bloqueto Gráfico","Relatório"
"CREC48","Bloqueto Matricial (CREDISIS)","Relatório"
"PEDI5","Pedido de Venda","Relatório"
"PEDI5_UM_SECUNDARIA","Pedido de Venda Qtd Secundária.","Relatório"
"PEDI132","Relatório PróForma","Relatório"
"PEDI1","Pedidos de Venda Exportação- M2","Programa"
"PEDI1","Pedidos de Venda Exportação- P2","Programa"
"PEDI5","Pedido de Venda","Relatório"
"PEDI5_UM_SECUNDARIA","Pedido de Venda Qtd Secundária.","Relatório"
"PEDI132","Relatório PróForma","Relatório"
"CEXC107","Pedido Serviço","Programa"
"FATU9","Retorno de Remessa Industrialização","Programa"
"CFAB90.","Apontamento MultiTarefa - Curtume - EXPEDIÇÃO","Programa"
"PEDI1","DH - Pedidos de Venda","Programa"
"PEDI5","Pedido de Venda","Relatório"
"PEDI132","Pro-Forma","Relatório"
"ADMI141","Configuração PPR","Programa"
"FATU145","Gera Rótulo de Etiquetas","Relatório"
"ESTO25","Plano Abastecimento Materiais - Remessa Industrialização - Roberto","Programa"
"ESTO26","Relatório Plano Abastecimento Materiais - Remessa Industrialização","Relatório"
"ADMI263","Configuração Filtro iVendre","Programa"
"CFAB101","Analise de Rendimento Frigorifico","Programa"
"CFAB102","Analise de Compras Matéria-Prima Couro / Fornecedor","Relatório"
"CFAB111","Relatório de Rendimento Detalhado Frigorifico","Programa"
"CFAB112","Relatório de Rendimento Detalhado","Relatório"
"PEDI14","Importação Pedidos de Venda - EDI PIAGUI (old - solido)","Programa"
"CPAG35","Log Importação Pedidos de Venda - EDI","Relatório"
"ESTO25","Plano Abastecimento Materiais - Requisição BRISA","Programa"
"CREC69","Relatorio de Compensações","Programa"
"CREC70","Relatório de Compensações","Relatório"
"EPRO57","Estruturação de Produtos - Contábil Fiscal","Programa"
"ESTO25","Plano Abastecimento Materiais - Requisição","Programa"
"ESTO26","Relatório Plano Abastecimento Materiais - Necessidades","Relatório"
"ESTO26","Relatório Plano Abastecimento Materiais - Necessidades","Relatório"
"MPSP58","Relatório de Programação de Entregas por Setor / Produção por Máquina - Analítico","Programa"
"ESTO78","Plano Abastecimento Materiais - Requisição","Relatório"
"RECE5","Relatório Impostos - Equador","Programa"
"CFAB119","Produção/Faturamento de Pedidos","Relatório"
"RECE6","Relatório de Impostos","Relatório"
"RECE13","Relatório de Impostos","Relatório"
"CFAB90","Apontamento MultiTarefa - Curtume - 745-CLASSIFICAR WB","Programa"
"PREC7_JMB","Processos - Calcula Meta sobre Eficiência -JMB","Programa"
"FATU16","Gera/Emissão Rótulo - Malu - Com Imagem","Programa"
"FATU17_MALU_IMAGEM","Rótulos com Imagem","Relatório"
"CFAB24","Posição do Plano de Produção","Programa"
"CFAB25","Posição do Plano de Produção (Plano/Produto/O.F.)","Relatório"
"CFAB75","Posição do Plano de Produção (Plano/Construção)","Relatório"
"CFAB76","Posição do Plano de Produção(Plano/Construção/Modelo)","Relatório"
"CFAB77_SEM_PLANO","Posição do Plano de Produção (Construção/Modelo/Produto)","Relatório"
"CFAB75_SEM_PLANO","Posição do Plano de Produção (Construção)","Relatório"
"CFAB77","Posição do Plano de Produção (Plano/Construção/Modelo/Produto)","Relatório"
"CFAB76_SEM_PLANO","Posição do Plano de Produção(Construção/Modelo)","Relatório"
"PEDI1","Pedidos de Venda Simplificado / PEGADA calcula comissão","Programa"
"PEDI5","Pedido de Venda","Relatório"
"PEDI1","Pedidos de Venda - LOCALIZACAO","Programa"
"PEDI5","Pedido de Venda","Relatório"
"PEDI132","Pro-Forma","Relatório"
"FATU74","PGD Gera NF pelo Rótulo MTZ 115 Loc.5108 OPER 1011","Programa"
"FATU147","Emissão de Etiqueta - Controle de Lote - ADOC","Programa"
"FATU148","Emissão de Etiqueta Simples","Relatório"
"LFIS126","Relatórios Fiscais - Primevo","Programa"
"LFIS127","Resumo por Código Fiscal","Relatório"
"LFIS128","ICMS por Produto","Relatório"
"FATU15_BRISA","Relatório Notas Fiscais Matricial","Relatório"
"PEDI117","Relatório de Pendencias de Clientes","Relatório"
"CFAB90","Apontamento MultiTarefa - Curtume Nimo - só com Apontamento Final","Programa"
"CFAB90","Apontamento MultiTarefa - Curtume Nimo - Com Apontamento Inicial e Final","Programa"
"ESTO67","Lançamento Produto Inventariado - CRI - Não exige lote (quando há controle lote)","Programa"
"FATU154","Desmontagem de Rótulos","Programa"
"FATU155","Emissão de Etiqueta","Relatório"
"ESTO25","Plano Abastecimento Materiais - Remessa Industrialização - GÃ","Programa"
"ESTO26","Relatório Plano Abastecimento Materiais - Remessa Industrialização","Relatório"
"PEDI44_JEAN","Liberação Pedidos Faturamento - PEDI44 - MFH","Programa"
"CPAG35","Log de Importação do Controle de Acesso","Relatório"
"CREC86","Remessa Cobrança TeiaCard","Programa"
"CPAG35","LOG Remessa Cobrança Escritural","Relatório"
"PEDI8_GNT","Emissão de Etiqueta","Relatório"
"FATU2_JEAN","Notas Fiscais de Saída MFH","Programa"
"FATU37_PIAGUI","Relatório Notas Fiscais Matricial","Relatório"
"FATU14","Rel NF","Relatório"
"CEXC1001","Movimentações da Interface - MALU","Programa"
"CREC54","Remessa Cobrança Judicial(GLOBAL)","Programa"
"CREC64","Geração Automática de Nota de Débito","Programa"
"ADMI241","Manutenção Dicionario - Cliente","Programa"
"FATU2_EQUADOR","Nota Fiscal de Saída - FATURA - EQUADOR - CRÉDITO","Programa"
"CREC22","Emissão de Bloquetos - Banco do Brasil","Programa"
"PEDI46","1=Importação de Pedidos Arezzo","Programa"
"PEDI127","3=Importação de Rótulos Arezzo","Programa"
"PEDI48","Resumo Pedidos Importados Arezzo","Programa"
"PEDI47","Relatório Pedidos Arezzo","Relatório"
"CREC25_BB","Bloqueto Gráfico","Relatório"
"CREC48","Bloqueto Matricial (Banco do Brasil)","Relatório"
"PEDI4","Liberação Pedidos Faturamento - Sem Produção Estab. 71672","Programa"
"FATU15_BRISA","Relatório Notas Fiscais Matricial","Relatório"
"CFAB133","Resumo Produção Recurso (Data, Recurso e Produto) - Com Grade","Relatório"
"CFAB133","Resumo Produção Recurso (Data, Recurso e Modelo) - Com Grade","Relatório"
"CFAB133","Resumo Produção Recurso (Data, Recurso e Construção) - Com Grade","Relatório"
"FATU104","Devoluções de Venda LCTO- fatu104 - com estab","Programa"
"PEDI117","Relatório de Pendencias de Clientes","Relatório"
"PEDI4_ARGENTINA","3 - Liberação Pedidos Faturamento - Argentina Estab 33 Local 9878 BRANCO","Programa"
"CPAG61","Relatório Documentos Resumido","Programa"
"CFAB7","Emissão Ordem de Fabricação (+PROCESSO) 2/F HKUNTZLER - PLANO","Programa"
"CFAB139","Emissão Ordem de Fabricação","Relatório"
"PEDI1","Pedidos de Venda - Normal - Estoque","Programa"
"PEDI5","Pedido de Venda","Relatório"
"PEDI132","Pro-Forma","Relatório"
"FATU45_CADEIN","Relatório Pré-Venda","Relatório"
"CEXC1118","Geração de Manifesto Eletrônico de Doc. - MDF-e  (Nota)","Programa"
"CEXC1083","Nota Fiscal de Entrada - Exportacao","Relatório"
"PEDI1","1.2.3.4 Lote Produção Estoque - Amostras/Desenvolvimento - (AW)","Programa"
"PEDI113","Lote Produção Estoque","Relatório"
"CPAG62","Relatório Documentos Resumido","Relatório"
"ADMI34","Pessoas Físicas/Jurídicas","Programa"
"PEDI44","Liberação Pedidos Faturamento - PEDI44  - Estab3 - LOC 11","Programa"
"CFAB22","Apontamento de Rótulos Est.3 -  PRO 79","Programa"
"CFAB23","Exclusão Apontamento de Rótulos -  PRO 79","Programa"
"CFAB65","Apontamento de Rótulos - Estab. 11 / Loc. 22","Programa"
"CEXC101","Baixa de estoque NFS Emitida sem estoque","Programa"
"PEDI4","Liberação Pedidos Faturamento","Programa"
"FATU15_BRISA","Relatório Notas Fiscais Matricial","Relatório"
"PEDI117","Relatório de Pendencias de Clientes","Relatório"
"CFAB7","Emissão Ordem de Fabricação (+PROCESSO) VEDDER","Programa"
"CFAB145","Emissão Ordem de Fabricação Vedder","Relatório"
"PEDI1","Pedidos de Venda - GS","Programa"
"CFAB61","Emissão Lote - Vedder","Programa"
"CFAB146","Emissão Lote - Vedder","Relatório"
"PEDI5_KBK","Pedido de Venda","Relatório"
"PEDI132","Pro-Forma","Relatório"
"ESTO67","Lançamento Produto Inventariado - CRI - Com Controle de Lote","Programa"
"CFAB147","CFAB147 PEDIDO 35539","Relatório"
"FATU55","Emissão Etiqueta com Documento Fiscal Terra e Água","Programa"
"EPRO49","03 - Grupo Segmento","Programa"
"ADMI215","Ajusta Financeiro","Programa"
"PEDI41","Emissão de Etiqueta por Unidade de Produto LAYOUT_ETIQUETA=CARMIM_PDV","Programa"
"EPRO49","04 - Segmento","Programa"
"PEDI41","Emissão de Etiqueta por Unidade de Produto LAYOUT_ETIQUETA=CARMIM_CX_IND","Programa"
"PEDI41","Emissão de Etiqueta por Unidade de Produto LAYOUT_ETIQUETA=CARMIM_PRECO_FINAL","Programa"
"FATU22","Emissão Rótulo Unidade Armazenamento - OKSEBRA","Programa"
"FATU17_OKSEBRA","Rótulo Unidade Armazenamento","Relatório"
"CREC70","Relatório de Compensações","Relatório"
"PEDI64","Emissão de Etiqueta VIVO","Relatório"
"CREC69","Relatorio de Compensações","Programa"
"FATU93_EQUADOR","Nota Fiscal de Saída - FATURA - EQUADOR - TIENDAS - ESTAB 22 - LOCAL 333","Programa"
"FATU95","Relatório Notas Fiscais Matricial","Relatório"
"PEDI1","Pedidos de Venda JB","Programa"
"PEDI5","Pedido de Venda","Relatório"
"CEXC1120","Consulta e cancelamento do MDF-e  (Novo)","Programa"
"EPRO34","Relatório Ficha Técnica - Cadein","Programa"
"FATU16","Geração/Emissão Rótulo - Ingles","Programa"
"ADMI245","Log - Recria Triggers","Programa"
"EPRO56_CADEIN","Ficha Técnica","Relatório"
"FATU9","Gera Nota de Devoluções de Empréstimo Obtido- Estab 115","Programa"
"PEDI44","PGD Lib. Pedidos Faturamento MTZ 115 Loc.5108 [Processo Novo]","Programa"
"FATU15_BRISA","Relatório Notas Fiscais Matricial","Relatório"
"FATU91","PGD - Faturamento Comissão","Programa"
"FATU15_BRISA","Relatório Notas Fiscais Matricial","Relatório"
"FATU16","Gera/Emissão Rótulos - Pedidos de Venda (Mould)","Programa"
"FATU17_PADRAO","RELATÓRIO PADRÃO","Relatório"
"PEDI117","Relatório de Pendencias de Clientes","Relatório"
"FATU2","Notas Fiscais de Saída - Gerador Nfe (NOTA) NAO MEXER","Programa"
"FATU30","Relatório Notas Fiscais","Relatório"
"CEXC1117","Relatório Notas Fiscais Matricial","Relatório"
"FATU58","Relatório de Carta de Correção","Relatório"
"FATU117","Relatório de Ocorrências de Faturamento","Relatório"
"FATU107","Rótulos com Processo- PEGADA","Programa"
"FATU17_PEGADA","Rótulos","Relatório"
"MPSP46","Ordem de Fabricação - Geração e Abastastecimento (sem parametros)","Programa"
"MPSP27","Relatório Plano Mestre de Produção por Modelo (Centrope)","Programa"
"CFAB11_SEM_QUEBRA","Emissão Ordem de Fabricação","Relatório"
"ESTO81","Emissão Relatório","Relatório"
"RECE44","Controle para retorno Atelier","Relatório"
"FATU17_VIVO","Relatório Rótulos","Relatório"
"MPSP46","Ordem de Fabricação - Geração e Abast (Matização Recurtimento ""Dentro""-Não usar)","Programa"
"CFAB11_MINUANO","Emissão Ordem de Fabricação","Relatório"
"ESTO81","Emissão Relatório","Relatório"
"ESTO80","Emissão Etiqueta","Relatório"
"CEXT95","Relatório Comissão Exportação","Programa"
"CONT83","Balancete Comprovação - PERU","Relatório"
"ESTO80","Emissão Etiqueta","Relatório"
"MPSP28_CENTROPE","Plano Mestre de Produção por Modelo","Relatório"
"PEDI117","Relatório de Pendencias de Clientes","Relatório"
"MPSP29_CENTROPE","Plano Mestre de Produção por Modelo","Relatório"
"ESTO115","Reclassificação de Produtos - SEM PARÂMETRO DE OPERAÇÃO","Programa"
"PEDI4_MEXICO","Liberação Pedidos Faturamento - FOM - PIAGUI","Programa"
"FATU73","Notas Fiscais de Saída","Relatório"
"PEDI1","Pedidos de Venda - SCHORR","Programa"
"FATU15_PIAGUI","Relatório Notas Fiscais Matricial","Relatório"
"PEDI5","Pedido de Venda","Relatório"
"PEDI132","Pro-Forma","Relatório"
"RHUM7","Cargos","Programa"
"CFAB7","Emissão Ordem de Fabricação (+PROCESSO) ERICSSON","Programa"
"CFAB11_HKUNTZLER_NOVO","Emissão Ordem de Fabricação","Relatório"
"TERC7_CDI","Posição Remessa/Retorno CADEIN","Relatório"
"TERC6_CADEIN","Posição Remessa/Retorno Imagem CADEIN","Relatório"
"MIND24","Ordens de Serviço - Operadores","Programa"
"MIND25","Ordens de Serviço - Severidades","Programa"
"CEXC1119","Configuração MDF-e (Novo)","Programa"
"VEND39","Desbloqueio Faturamento","Programa"
"ESTO94","Relatório Consumos por Estrutural","Relatório"
"FATU13","Reemissão Notas Fiscais Saída - Tecnocalza","Programa"
"FATU15_TECNOCALZA","Relatório Notas Fiscais Matricial","Relatório"
"FATU26","Emissão Minuta Pegada II","Programa"
"PEDI46","Importação de Pedidos de Venda","Programa"
"FATU27_PEGADA","Emissão Minuta","Relatório"
"RHUM4","Responsável pela Monitoração Biológica","Programa"
"RHUM5","Responsável pelo Registro Ambiental","Programa"
"LFIS130","Serviços Prestados","Programa"
"CFAB101","Analise de Abate Frigorifico - 33443 - Emis","Programa"
"CFAB144","Analise de Compras Matéria-Prima Couro / Fornecedor","Relatório"
"ADMI80","Resumo Cadastro de Clientes - 64B","Programa"
"ADMI81","Relatório Resumo Cadastro de Clientes","Relatório"
"MPSP27","Relatório Plano Mestre de Produção por Modelo - KBK","Programa"
"FATU173","Relatório de Encaixotamento","Relatório"
"MPSP28_KBK","Plano Mestre de Produção por Modelo","Relatório"
"MPSP29_KBK","Plano Mestre de Produção por Modelo","Relatório"
"FATU74","Gera NF pelo Talão - Estab 3 - Localização 11","Programa"
"MPSP78","Cadastro de Siglas para Semana","Programa"
"CFAB7","Emissão Ordem de Fabricação HENRICH","Programa"
"CFAB11_HENRICH","Emissão Ordem de Fabricação","Relatório"
"FATU74","Gera NF pelo Rótulo - BASE_PREPARACAO_NOTA","Programa"
"CUST13","Apropriação do Custeio Integrado","Programa"
"CUST14","Apropriação do Custeio Integrado","Relatório"
"CUST12","Apropriação do Custeio Integrado - Resumo","Relatório"
"FPAG191","Gestão de Folha de Pagamento","Programa"
"CACE27","Rel. Espelho Ponto Normal","Relatório"
"CACE18","Rel. Espelho Ponto Cfe. Portaria 1502","Relatório"
"CFAB101","Analise de Abate Frigorifico - 33443 - Lcto","Programa"
"CFAB170","Analise de Compras Matéria-Prima Couro / Fornecedor","Relatório"
"PEDI44","Liberação Pedidos Faturamento - PEDI44 Estab 71841","Programa"
"FATU74","Gera NF pelo Talão - Estab 1 - Localização 1","Programa"
"VEND91","Perfil do Cliente","Relatório"
"CEXC1109","Perfil do Cliente - VIVO","Relatório"
"CONT60","Importação de Lançamentos - Kunden","Programa"
"CEXC1069","Relatório Drawback (Importação X Exportação)","Programa"
"CEXC1070","Relatório Drawback (Importação X Exportação)","Relatório"
"MIND23","Relatório Ordem de Serviço","Relatório"
"LFIS81","Registro de Saídas - Operação","Programa"
"LFIS80","Registro de Entradas - Operação","Relatório"
"LFIS82","Registro de Saída - Operação","Relatório"
"FPAG120","Importação do PIS","Programa"
"CFAB57","Apontamento de Rótulos Curtume PALETES, Processo 166","Programa"
"ADMI237","Manutenção do Dicionário - B2B","Programa"
"FATU73_PERU","Relatório de Guia de Remissão","Relatório"
"ESTO25","Plano Abastecimento Materiais - Requisição Depósito Disponível","Programa"
"CFAB1","Apontamento de Ordem de Fabricação CADEIN","Programa"
"ESTO26","Relatório Plano Abastecimento Materiais - Necessidades","Relatório"
"FATU128","Romaneio Pieles Del Sur - Com Imagem","Programa"
"ESTO78","Relatório Plano Abastecimento Materiais - Necessidades","Relatório"
"CFAB79","Relatório de Produção da Classificação - Análise da Classificação","Programa"
"FATU135","Relatório de Romaneio","Relatório"
"FATU6_PERU","Devoluçao de Vendas - Peru - NF CRÉDITO","Programa"
"VEND69","Análise de Vendas CV","Programa"
"PEDI5","Pedido de Venda","Relatório"
"PEDI1","Pedidos de Venda Exportação","Programa"
"PEDI5_UM_SECUNDARIA","Pedido de Venda Qtd Secundária.","Relatório"
"PEDI132","Relatório PróForma","Relatório"
"CFAB44","Plano de Corte HKZ","Programa"
"CFAB45_HKZ","Plano de Corte HKZ","Relatório"
"CFAB45_HKZ","Plano de Corte HKZ","Relatório"
"ESTO112","Plano Abastecimento Materiais e Controle de Ordem de Fabricação - NAO FAZ APONTAMENTO","Programa"
"CFAB19_CURTUME_PADRAO","CFAB19_CURTUME - Emissão de OF","Relatório"
"ADMI998_CHN","Termos em Chinês","Programa"
"FATU143","Gera Rótulo Avulso","Programa"
"CFAB109","Estorno Ordem de Fabricação por Requisição","Programa"
"MPSP63","Posição Produção por Processo","Programa"
"MPSP64","Posição Produção por Processo","Relatório"
"CEXT84","0 - Processo Exportação Completo (AMCM)","Programa"
"CEXT83","Certificado de Origem","Relatório"
"CEXT81_AMC","Invoice","Relatório"
"CEXT76","Relatório RE","Relatório"
"CEXT100","Relatório Payment Instructions","Relatório"
"CFAB110","Apontamento Ordem de Fabricação por Requisição","Programa"
"CEXT82_AMC_2","Packing List","Relatório"
"CEXT101","Comissão em Conta Gráfica","Relatório"
"FATU124","13 - Fab - Importação de Notas Fiscais de Entrada por XML","Programa"
"CFAB1","Apontamento de Lote - BFX","Programa"
"VEND2","Lista de Preço (Produto)","Programa"
"FPAG82","Rel. Folha de Pagamento (Resumido)","Relatório"
"FVEN5","Cálculo Preço de Venda - Rel.Excel ADOC/Malu","Programa"
"CEXC1099","Emissão de Ordem de Fabricação (+ PROCESSOS)","Programa"
"CEXC1100","Relatório de emissão de OF","Relatório"
"ESTO25","Plano Abastecimento Materiais - Tranferência entre filiais - Terra e Água","Programa"
"EPRO49","01 - Marca","Programa"
"PROJ2","Configuração de Recursos","Programa"
"LFIS87","Importação Arquivo SPED - ECF","Programa"
"FPAG119","Importar Dados do Ponto de Outro Fornecedor","Programa"
"LFIS88","Gera arquivo ISSQN - Saida","Programa"
"LFIS89","Gera Mapa de Produtos Quimicos","Programa"
"FATU43_TECNOCALZA","Etiqueta Térmica TECNOCALZA","Programa"
"CPRO17","Relatório de Devoluções de Venda","Programa"
"CLAB9","10 - Cadastro de Amostras","Programa"
"CFAB84","Relatório Produto por Grupo Cliente/Plano/Pedido","Relatório"
"ESTO4","Requisição Informada - Exige Confirmação/Exclusão","Programa"
"COMP56","Controle Simplificado de Importação","Programa"
"CFAB91","Relatório de Apontamentos","Programa"
"CFAB92","Relatório de Apontamentos","Relatório"
"PEDI122","Alteração Categoria Entrega de Rótulos","Programa"
"CONT88","Formato 3.2: Livro de Inventários e Saldos - Conta 10 Caixa/Bancos","Relatório"
"FATU16","Gera/Emissão Rótulo Unidade Armazenamento - NKS","Programa"
"FATU2","PGD Notas Fiscais Saída Serie1 - EMISS NOTA","Programa"
"FATU30","Recibo de Locação","Relatório"
"FATU14","Relatório Notas Fiscais","Relatório"
"FATU44","Relatório Romaneio NF PGD","Programa"
"FATU45_HKUNTZLER","Relatório Romaneio Notas Fiscais","Relatório"
"FATU45_PEGADA","Romaneio Pegada","Relatório"
"FATU2_ARGENTINA","Nota Fiscal de Saída - EXPORTAÇÃO","Programa"
"FATU116","1- Relatório Notas Fiscais Argentina - Exportación","Relatório"
"FATU101","5 - Relatório Notas Fiscais Argentina - Normal","Relatório"
"SERV25_KND","Pesquisa","Programa"
"PEDI3_MARTIN","Cancelamento de Entrega Pedido - MARTIN","Programa"
"PEDI114","Cancelamento de Entrega Pedido","Relatório"
"RECE7","Retornos de Remessa Beneficiamento Categoria Pedido 15-Beneficiamento (c/ controle de Mat em Terceiros)","Programa"
"RECE8","Relatório Retornos de Remessa Industrialização","Relatório"
"CFAB94","Relatório de Apontamentos Consultoria","Programa"
"CFAB95","Relatório de Apontamentos Consultoria","Relatório"
"COMP5_PERU","Recebimento de Pedidos de Compra - Guía Remisión","Programa"
"COMP32","Relatório de Inspeção","Relatório"
"COMP5_PERU","Recebimento de Pedidos de Compra - Nota Fiscal Entrada","Programa"
"FATU3_PERU","Guía Remisión","Programa"
"COMP32","Relatório de Inspeção","Relatório"
"FATU14","Relatório Guia Remission","Relatório"
"LFIS113","Integração Fiscal - Layout SPED Contribuições","Programa"
"ADMI259","Enquadramentos do IPI","Programa"
"MPSP5","Plano de Produção F1 - Loc. 5110","Programa"
"CONT87","Formato 3.2: Livro de Inventários e Saldos - Conta 10 Caixa/Bancos","Programa"
"FATU138","Relatório Rótulos","Relatório"
"CACE26","Relatório Banco de Horas","Programa"
"CBAN8_ARGENTINA","Recebimientos - Argentina","Programa"
"PEDI4_PERU","Liberação Pedidos Faturamento - PERU NOTA ESTAB 3 LOCAL 11","Programa"
"CLAB7","08 - Tipos de Análises","Programa"
"CEXC1094","Gera Requisições - NF Fatura Exportação","Programa"
"COMP52","Relatório de Log","Relatório"
"PEDI1","Lote Produção Estoque FUTURO","Programa"
"PEDI113","Lote Produção Estoque","Relatório"
"CREC83","Geração Arquivo SPC","Programa"
"PEDI14","Importação Pedidos de Venda - EDI (Malu Aniger)","Programa"
"CPAG35","Log Importação Pedidos de Venda - EDI","Relatório"
"VEND111","Relatório Planejamento Materiais Diário (NOVO) - Agrupa por Data","Relatório"
"CFAB115","Relatório Produção Diário","Relatório"
"ESTO30_OKS","Relatório Análise Consumo Previsto x Realizado - OKS","Programa"
"ESTO31_OKS","Relatório Análise Consumo Previsto x Realizado","Relatório"
"CNTR2","Propostas/Contratos","Programa"
"ESTO112","Plano Abast Materiais e Controle de OF S/APONT (Roberto)","Programa"
"CFAB19_CURTUME_PADRAO","CFAB19_CURTUME - Emissão de OF","Relatório"
"PEDI52","Pedido de Venda- Moveleiro","Programa"
"CFAB11_TERMOTEXTIL","Emissão Cartão Componente - Matricial","Relatório"
"PEDI56","Relatório Pedido de Venda","Relatório"
"CFAB90","Apontamento MultiTarefa - Curtume Soubach","Programa"
"ESTO112","Plano Abast Materiais e Controle de OF SOUBACH C/APONT","Programa"
"CFAB19_CURTUME_PADRAO","CFAB19_CURTUME - Emissão de OF","Relatório"
"RHUM2","Agente Nocivo","Programa"
"RHUM6","Atividades","Programa"
"FPAG16","Convênio Médico","Programa"
"FPAG8","Exames de Saúde","Programa"
"ADMI132","Grau de Parentesco","Programa"
"RHUM8","Jornada de Trabalho","Programa"
"RHUM4","Responsável pela Monitoração Biológica","Programa"
"RHUM5","Responsável pelo Registro Ambiental","Programa"
"FPAG18","Sindicatos","Programa"
"FPAG14","Situação do Funcionário","Programa"
"FPAG9","Tabela de Indicadores","Programa"
"FPAG7","Tipo Exame de Saúde","Programa"
"FPAG15","Tipo de Admissão","Programa"
"FPAG5","Tipo de Agente Nocivo","Programa"
"FPAG12","Vínculo Empregatício","Programa"
"RHUM12","Eventos","Programa"
"RHUM18","Eventos - Identificação","Programa"
"RHUM15","Registro do Estabelecimento","Programa"
"RHUM9","Funcionários","Programa"
"FPAG139","Advertência","Relatório"
"FPAG140","Suspensão","Relatório"
"FPAG19","Históricos e Movimentações","Programa"
"FPAG20","Emissão da C.A.T.","Relatório"
"FPAG28","Acidente de Trajeto","Relatório"
"RHUM3","C.A.E.P.I. Certificado de Aprovação do Equipamento de Proteção Individual","Programa"
"FPAG23","Cálculo","Programa"
"FPAG41","1-Termo de Rescisão do Contrato de Trabalho","Relatório"
"FPAG42","2-Termo de Quitação de Rescisão de Contrato de Trabalho","Relatório"
"FPAG43","3-Termo de Homologação de Rescisão de Contrato de Trabalho","Relatório"
"FPAG44","4-Recibo de Pagamento de Férias","Relatório"
"FPAG37_BF","7-Recibo Folha Mensal","Relatório"
"FPAG186","Gerenciador Arquivos E-Social","Programa"
"PEDI4_PERU","Liberação PERU REMISSION_CLI_GRADE 20 ITENS ESTAB 3 LOCAL 11","Programa"
"ESTO23","Transferência entre Localização - Estab 115 DISPONIVEL","Programa"
"EPRO70","Estrutura Produto EPRO70","Relatório"
"COMP13","Plano de Necessidades de Compras - Estab. 115 - Comp. 3","Programa"
"COMP52","Relatório de Log","Relatório"
"CLAB16","1 - Relatório Recebimento de Produto Químico","Relatório"
"PEDI4_PERU","Liberação  PERU REMISSION 15 ITENS ESTAB 3 LOCAL 11","Programa"
"FATU151","Controle de Medições com Integração com a Medidora - Pacote","Relatório"
"CFAB1","Apontamento de Talão","Programa"
"ADMI248_KND","Controlador de Fechamento de Patch","Programa"
"RECE26","Relatório Carta de Correção","Relatório"
"FATU64","Relatório Recibo","Relatório"
"PEDI8_HKUNTZLER","Emissão de Etiqueta Caixinha Individual","Relatório"
"FATU2","NF SAIDA","Programa"
"FATU2_NP","z. Notas Fiscais de Saída - MONITOR * NP","Programa"
"FATU58","Relatório de Carta de Correção","Relatório"
"FATU117","Relatório de Ocorrências de Faturamento","Relatório"
"FATU14","Notas Fiscais de Saída","Relatório"
"FVEN12","Coleção FPV","Programa"
"CREC22","Emissão de Boleto Banco do Brasil","Programa"
"CREC25_CRESOL","Emissão de boleto Banco do Barsil","Relatório"
"CREC48","Bloqueto Matricial (Banco do Brasil)","Relatório"
"CFAB1","Apontamento de Talão - Gera Rótulo Talão - Loc 57 (semi-acab Depuracion)","Programa"
"FATU155","Emissão de Etiqueta","Relatório"
"PEDI1","Lote Produção Estoque - Abate Particular - Simplificado","Programa"
"PEDI113","Lote Produção Estoque","Relatório"
"FATU16","Gera/Emissão Rótulo Unidade Armazenamento - BOLSAS","Programa"
"FATU17_HKUNTZLER_AGRUP","Relatório Rótulos","Relatório"
"PEDI1","Lote Produção Estoque - Simplificado (gerando Plano de Produção)","Programa"
"ESTO112","Plano Abast Materiais e Controle de OF S/APONT - ABAST_CFE_CLIENTE","Programa"
"CFAB19_CURTUME_PADRAO","CFAB19_CURTUME - Emissão de OF","Relatório"
"FATU55","Emissão Etiqueta com Documento Fiscal (AREZZO)","Programa"
"FATU165","Emissão Etiqueta com Documento Fiscal (AREZZO)","Relatório"
"MPSP5","Plano de Produção -  Agrupa Planos","Programa"
"SERV38","Rateio de Horas Apontadas sem Pedido","Programa"
"FATU3","NF ENTRADA","Programa"
"CONT78","Manutenção da Contabilidade","Programa"
"MPSP79","Relatório Plano Mestre de Produção (AKS)","Programa"
"MPSP80","Relatório Plano Mestre de Produção (AKS)","Relatório"
"CFAB23","Exclusão Apontamento de Rótulos (Processo 1298)","Programa"
"FATU44","Relatório Romaneio Notas Fiscais Arezzo","Programa"
"FATU45_HKUNTZLER","Relatório Romaneio Notas Fiscais","Relatório"
"FATU45_PEGADA","Romaneio Pegada","Relatório"
"CFAB1","Apontamento de OF - Gera etiqueta","Programa"
"CFAB1","9.2.3.4.5 Apontamento de Ordem de Fabricação (AW)","Programa"
"CFAB7","Emissão Ordem de Fabricação (+PROCESSO) 2 OF MCM","Programa"
"CFAB139","Emissão Ordem de Fabricação","Relatório"
"PEDI8_GNT","Emissão de Etiqueta","Relatório"
"FATU159","Emissão de LPN","Relatório"
"FATU155","Emissão de Talão","Relatório"
"CFAB10","9.2.3.4.5.6 Estorno Apontamento de Ordem de Fabricação (AW)","Programa"
"CFAB22","6.2 Apontamento de Rótulos - (AW)","Programa"
"CFAB23","6.2.3.4 Exclusão Apontamento de Rótulos - (AW)","Programa"
"FATU61","MONITOR","Programa"
"PEDI44","LIBERACAO PEDIDO VENDA (PEDI44)","Programa"
"CBAN22","Emissão de Cheques - Padrão","Programa"
"CBAN21","1 - Emissão de Cheques","Relatório"
"FATU24","Emissão Rótulos com Documento Fiscal","Programa"
"FATU17_NKS","Rótulos","Relatório"
"ESTO103_BRI","Relatório Posição de Estoque por SKU/Lote - BRISA","Relatório"
"PEDI113","Lote Produção Estoque","Relatório"
"FATU107","EMISSÃO ROTULOS POR NF","Programa"
"CFAB30","Emissão de talão ATTA","Programa"
"CFAB177","Emissão Talão","Relatório"
"FPAG176","Relatório Qualificação Cadastral","Programa"
"FPAG177","Relatório Qualificação Cadastral","Relatório"
"ESTO112","Plano Abastecimento Materiais e Controle de Ordem de Fabricação (Marcio)","Programa"
"CFAB19_AMC","CFAB19_AMC","Relatório"
"CLAB12","01 - Recebimento de Amostras","Programa"
"CLAB15","02 - Apontamento de Amostras","Programa"
"CLAB13","01 - Consulta e Relatório das Amostras","Programa"
"CACE31","Relatório Autorização Horas Extras","Relatório"
"CFAB90","Apontamento MultiTarefa - Curtume - Validação Laboratório","Programa"
"COMP3","Pedidos de Compra","Programa"
"COMP9","Pedidos de Compra","Relatório"
"COMP9","Pedido de Compra - Exportação","Relatório"
"COMP42","Gera Nota Fiscal Remessa Beneficiamento","Programa"
"PEDI44","Liberação Pedidos Faturamento - PEDI44 - GÃ - ESTAB 2","Programa"
"PEDI44","Liberação Pedidos Faturamento (PEGADA) - Estab.116 Localização.5109","Programa"
"FATU15_BRISA","Relatório Notas Fiscais Matricial","Relatório"
"PEDI117","Relatório de Pendencias de Clientes","Relatório"
"FATU104","Devoluções de Venda LCTO FATU104 - MTZ 116","Programa"
"MPSP5","Plano de Produção - DH","Programa"
"CFAB7","Emissão Ordem de Fabricação (+PROCESSO) - MCM","Programa"
"CFAB137","Emissão Ordem de Fabricação","Relatório"
"ESTO89","6.2.3 Manutenção de Rótulos - (AW)","Programa"
"PEDI4","Liberação Pedidos Faturamento - VEDDER  - Estab. 3","Programa"
"FATU15_BRISA","Relatório Notas Fiscais Matricial","Relatório"
"CLAB17","2 - Laudo Produtos Químicos","Relatório"
"FATU6","Devoluções de Venda - EMISSÃO","Programa"
"PEDI128","Acompanhamento de Pedidos - Curtume","Programa"
"PEDI1","Pedidos de Venda - BFX","Programa"
"PEDI117","Relatório de Pendencias de Clientes","Relatório"
"EPRO34","Relatório Ficha Técnica - 64 bits","Programa"
"EPRO35","Ficha Técnica","Relatório"
"CFAB65","Apontamento de Rótulos - Processo 1298 Expedição - Loc 16","Programa"
"EPRO56","Ficha","Relatório"
"EPRO70","Ficha Maior","Relatório"
"COMP14","Cotações Código Produto - menos parâmetros","Programa"
"PEDI5","Pedido de Venda","Relatório"
"COMP58","Relatório Cotações","Programa"
"CREC22","Emissão de Bloquetos -  MENU-CLASSE = DUPLICATA","Programa"
"CREC25","Bloqueto Gráfico","Relatório"
"CREC48","Bloqueto Matricial (Banco do Brasil)","Relatório"
"PEDI4","Liberação Pedidos Faturamento - Sem Produção - (AW)","Programa"
"FATU15_BRISA","Relatório Notas Fiscais Matricial","Relatório"
"FATU138","FATU138 CRISTOFOLI","Relatório"
"FATU17_TEA","Emissão Rótulos ( TEA )","Relatório"
"FATU172","Emissão Etiqueta com Documento Fiscal Terra e Água","Relatório"
"MPSP33","Atualizar MRP = GERAR_SEMI_ACABADOS BLOCO K = S","Programa"
"FATU74","Gera NF pelo Rótulo - Estab3 - Loc 5108- Percentual Custo Standard","Programa"
"COMP59","Relatório Cotações","Relatório"
"FPAG124_OKS","09-Recibo com Ponto","Relatório"
"TERC11","Recibos de Venda p/ Tercerizados","Programa"
"CFAB44","Plano de Corte","Programa"
"CFAB44HE","Plano de Corte Henrich","Programa"
"CFAB45HE","Plano de Corte - HENRICH","Relatório"
"CLAB3","02 - Tipos de Variável de Entrada","Programa"
"FATU111","Encerramento Notas Fiscais Empréstimo/Remessa (REMESSA)","Programa"
"CEXC1117","Relatório de Inspeção Final","Programa"
"COMP10","Solicitação de Pedidos","Relatório"
"CFAB104","Plano de Corte Interface","Programa"
"COMP5","02. Recebimento de Pedidos de Compra","Programa"
"COMP32","Relatório de Inspeção","Relatório"
"CFAB45_HKZ","Plano de Corte","Relatório"
"FATU2","Notas Fiscais de Saída - Monitor (Cubagem)","Programa"
"FATU30","Relatório Notas Fiscais","Relatório"
"FATU30","Relatório Recibo de Locação","Relatório"
"FATU58","Relatório de Carta de Correção","Relatório"
"FATU117","Relatório de Ocorrências de Faturamento","Relatório"
"FATU14","Notas Fiscais de Saída","Relatório"
"FATU15_HKUNTZLER","Notas Fiscais de Saída","Relatório"
"ORCA1","Contas Orçamentárias","Programa"
"CONT52","Estruturação de Relatórios por Conta Orçamentária","Programa"
"TERC1","Remessa (estab 115)","Programa"
"PEDI1","01 - Fab - Pedidos de Venda (Emp.: 2290 /Uni.: 1 / Estab.:71672)","Programa"
"PEDI5","Pedido de Venda","Relatório"
"PEDI132","Pro-Forma","Relatório"
"MPSP5","02 - Fab - Plano de Produção","Programa"
"TERC1","03 - Fab - Remessa (estab 71672)","Programa"
"TERC10","04 - Fab - Gera Nota Fiscal Remessa Industrialização","Programa"
"FATU2","05 - Fab - Notas Fiscais de Saída","Programa"
"FATU58","Relatório de Carta de Correção","Relatório"
"FATU117","Relatório de Ocorrências de Faturamento","Relatório"
"FATU14","Notas Fiscais de Saída","Relatório"
"FATU15_HKUNTZLER","Notas Fiscais de Saída","Relatório"
"FATU2","10 - Ate - Notas Fiscais de Saída","Programa"
"FATU58","Relatório de Carta de Correção","Relatório"
"FATU117","Relatório de Ocorrências de Faturamento","Relatório"
"FATU14","Notas Fiscais de Saída","Relatório"
"FATU124","07 - Ate - Importação de Notas Fiscais de Entrada por XML","Programa"
"FATU3","08 - Ate - Notas Fiscais de Entrada - Monitor","Programa"
"FATU14","Relatório Notas Fiscais","Relatório"
"FATU15_ANTONIELLE","Relatório Notas Fiscais Matricial","Relatório"
"RECE26","Relatório Carta de Correção","Relatório"
"FATU64","Relatório Recibo","Relatório"
"ESTO111","Relatório Emissão de Lote","Relatório"
"EPRO15","Estruturação do Produto - Demonstração","Programa"
"EPRO56_CADEIN","Relatório Ficha Técnica - CADEIN","Relatório"
"MPSP5_C","Plano de Produção - Demonstração","Programa"
"FVEN5","Cálculo Preço de Venda - Calçado c/Preço Estratégico","Programa"
"FVEN7","Cálculo Preço de Venda","Relatório"
"CFAB90","Apontamento MultiTarefa - Curtume - CLASSIFICAÇÃO FINAL","Programa"
"ADMI142","Configuração Caracteres Especiais","Programa"
"SERV36","Controle de Bonificações","Programa"
"PEDI4_SERVICO","Liberação Pedidos Faturamento - Serviços Contrato","Programa"
"FATU15_BRISA","Relatório Notas Fiscais Matricial","Relatório"
"PEDI117","Relatório de Pendencias de Clientes","Relatório"
"CFAB90","Apontamento MultiTarefa - Curtume - SEPARAR WB Padrão PDS","Programa"
"FATU15_HKUNTZLER","Notas Fiscais de Saída","Relatório"
"FATU61","11 - Ate - Monitor Notas Fiscais Eletrônicas Romaneio","Programa"
"CBAN70","Relatório Livro Caixa (Saldo por Linha e Moeda Estrangeira)","Relatório"
"CEXC1073","Relatório Matricial de Retenção","Relatório"
"MIND30","Relatório Custo Total por Equipamento","Programa"
"PEDI31","Relatório Pedidos por Grade","Programa"
"PEDI32","Relatório Pedidos por Grade (Pedido)","Relatório"
"PEDI33","Relatório Pedidos por Grade (Produto)","Relatório"
"CFAB7","Emissão Ordem de Fabricação Curtume (TAPETE COM PELO)","Programa"
"ESTO102_BRI","Relatório Posição de Estoque por Unidade de Armazenamento/Lote (SKU) - BRISA","Programa"
"CLAB4","03 - Configuração de Funções","Programa"
"CFAB85","Relatório de Rendimento com Custo","Programa"
"CFAB86","Relatório de Rendimento c/ Custo","Relatório"
"FATU114","Fonte de dados","Programa"
"MPSP8","Relatório Plano Mestre de Produção","Programa"
"MPSP9","Plano Mestre de Produção","Relatório"
"MPSP24","Plano Mestre de Produção","Relatório"
"FATU2","Notas Fiscais de Saída - FOM - PIAGUI","Programa"
"FATU30","Relatório Notas Fiscais","Relatório"
"FATU30","Relatório Recibo de Locação","Relatório"
"FATU58","Relatório de Carta de Correção","Relatório"
"FATU117","Relatório de Ocorrências de Faturamento","Relatório"
"FATU14","Notas Fiscais de Saída","Relatório"
"FATU15_HKUNTZLER","Notas Fiscais de Saída","Relatório"
"FATU58","1 - Relatório de carta de correção (PDF).","Relatório"
"FATU30","2 - Recibo de Locação","Relatório"
"FATU58","3 - Relatório de Carta de Correção","Relatório"
"RECE26","4 - Relatório Carta de Correção Entrada","Relatório"
"RECE32","12 - Cadastro Config. Especial (Operação)","Programa"
"FATU2_ARGENTINA","Nota Fiscal de Saída - CREDITO","Programa"
"FATU75","1- Relatório Notas Fiscais Argentina - Normal","Relatório"
"FATU99","2 - Relatório Notas Fiscais Argentina - Simples","Relatório"
"FATU100","3 - Relatório Notas Fiscais Débito Argentina","Relatório"
"FATU101","5 - Relatório Notas Fiscais Argentina - Remito","Relatório"
"FATU9","Devolução de Compra","Programa"
"PEDI4","Liberação Pedidos Faturamento Emp 1 Estab 31 Loc 31 - FILTRAR_ESTAB_FATURAMENTO = 'S'","Programa"
"PEDI4","Liberação Pedidos Faturamento Emp 1 Estab 10 Loc 29 - FILTRAR_ESTAB_FATURAMENTO = 'S'","Programa"
"PEDI4","Liberação Pedidos Faturamento Emp 1 Estab 9 Loc 39 - FILTRAR_ESTAB_FATURAMENTO = 'S'","Programa"
"PEDI4","Liberação Pedidos Faturamento Emp 1 Estab 1 Loc 1 - FILTRAR_ESTAB_FATURAMENTO = 'S'","Programa"
"COMP14","Cotação - Terceirizado","Programa"
"VEND98","2 - Ajuste de Preços","Programa"
"VEND94","2 - Concessão de Comissões","Programa"
"VEND38","3 - Regras de Precificação","Programa"
"VEND2","4 - Lista de Preço (Produto)","Programa"
"MPSP72","Situação para Consumo","Programa"
"LFIS114","Tabela Código Ajuste - 5.3","Programa"
"LFIS114","Tabela Código Ajuste - Todos","Programa"
"CEXT82_PEGADA","Packing List","Relatório"
"LFIS124","Tabela de Informações Adicionais da Apuração - E115","Programa"
"VEND2","4 - Lista de Preço (Estrutural)","Programa"
"PEDI4","Liberação Pedidos Faturamento - PLANET","Programa"
"FATU15_BRISA","Relatório Notas Fiscais Matricial","Relatório"
"PEDI117","Relatório de Pendencias de Clientes","Relatório"
"CFAB11_MINUANO","Emissão Ordem de Fabricação","Relatório"
"ESTO81_MPE","Emissão Relatório","Relatório"
"ESTO80","Emissão Etiqueta","Relatório"
"PEDI1","Pedidos de Venda - Marcio","Programa"
"PEDI5","Pedido de Venda","Relatório"
"PEDI132","Pro-Forma","Relatório"
"EPRO109","Alteração de Estruturação de Produto - Manufatura","Programa"
"COMP46","Relatório Carga de Formas - Proceso 361","Programa"
"CPAG35","Log de Exportação","Relatório"
"CEXC1115","Atualiza Conjunto Cliente","Programa"
"FATU30","2 - Recibo de Locação","Relatório"
"ESTO106","Ajuste Transito","Programa"
"FATU111","Encerramento Notas Fiscais Empréstimo Obtido","Programa"
"CFAB1","Apontamento OF EXPEDIÇÃO - Sugere Medição","Programa"
"CFAB7","Emissão Ordem de Fabricação KABEK","Programa"
"CONT76","Livro Diário - Peru","Relatório"
"CFAB93","Manutenção de Apontamentos MultiTarefa - Curtume","Programa"
"ESTO112","Plano Abastecimento Materiais e Controle de Ordem de Fabricação","Programa"
"ADMI257","Verificador de certificado","Programa"
"ADMI258_KND","Relação Recurso x Funcionario","Programa"
"CFAB59","Cópia de Ordem de Fabricação - Curtume","Programa"
"MPSP2","Planejamento Demonstração","Programa"
"CFAB19_KRM","Relatório Ordem de Fabricação - Curtume","Relatório"
"CFAB90","Apontamento MultiTarefa - Curtume.","Programa"
"PEDI44","PGD Lib. Pedidos Faturamento MTZ 115 Loc.5115 [Processo Novo]","Programa"
"FATU15_BRISA","Relatório Notas Fiscais Matricial","Relatório"
"PEDI117","Relatório de Pendencias de Clientes","Relatório"
"FATU110","Retorno de Industrialização Depósito Disponível - Diversas Remessas - LIBERAR_PED_SEM_PRODUCAO = S","Programa"
"COMP5","recebimento de pedidos teste pedido 65190","Programa"
"PEDI81","Liberação Pedidos Faturamento - Agil - Loc 11 Estab 3","Programa"
"RECE3","Relatório de Recebimentos","Programa"
"RECE47","Relatório de Recebimentos","Relatório"
"FATU104","Devoluções de Venda EMIS- fatu104 - com estab","Programa"
"CFAB11_KABEK","Emissão Ordem de Fabricação","Relatório"
"CFAB22","Apontamento de Rótulos - GÃ EXPEDICAO","Programa"
"CFAB23","Exclusão Apontamento de Rótulos - GÃ EXPEDICAO","Programa"
"COMP3","Pedidos de Compra - Companhia Exportação","Programa"
"CEXC1117","Relatório de Inspeção Final - English Version","Programa"
"CEXC1130","Relatório de Inspeção Final - English Version","Relatório"
"COMP66","Pedidos de Compra - Companhia Exportação","Relatório"
"ADMI264","Configuração de Conta de Email","Programa"
"CFAB7","Emissão Ordem de Fabricação (+PROCESSO) KILDARE","Programa"
"CFAB11_KILDARE","Emissão Ordem de Fabricação Kildare","Relatório"
"PATR2","Bens - Permite Alteração Lançamento","Programa"
"ESTO129","Plano Abastecimento Materiais - Requisição - Controle de Lote","Programa"
"ESTO26_MLA","Relatório Plano Abastecimento Materiais - Necessidades","Relatório"
"ESTO78","Plano Abastecimento Materiais - Requisição","Relatório"
"CFAB123","Manutenção de Lote","Programa"
"PEDI44","PGD Lib. Pedidos Faturamento PARA O RAFAEL","Programa"
"FATU15_BRISA","Relatório Notas Fiscais Matricial","Relatório"
"PEDI117","Relatório de Pendencias de Clientes","Relatório"
"ESTO131","Apontamento de Requisição - Lote - Estab 33, Loc 75","Programa"
"ADMI145","Operações Coletor WEB","Programa"
"PEDI117","Relatório de Pendencias de Clientes","Relatório"
"CEXC1131","Emissão Ordem de Fabricação 1 Processo","Relatório"
"FATU155","Emissão de Etiqueta","Relatório"
"FATU155","Emissão de Etiqueta","Relatório"
"EPRO71","Relatório Produto - Estoque e Consumo - Excel","Programa"
"PEDI4_SERVICO","Liberação Pedidos Faturamento - Serviços - Relatório","Programa"
"PEDI117","Relatório de Pendencias de Clientes","Relatório"
"FATU15_BRISA","Relatório Notas Fiscais Matricial","Relatório"
"CPAG35","Log de Importação","Relatório"
"CEXC118","Plano Mestre de Produção O.F. Modelo 2","Programa"
"CEXC119","Plano Mestre de Produção","Relatório"
"CEXC120","Plano Mestre de Produção","Relatório"
"CEXC1066","Geração Planilha Excel Inicial Clientes","Programa"
"CEXC1067","Geração Arquivo de Clientes","Programa"
"CEXC1068","Geração Arquivo Pedidos Venda","Programa"
"ADMI132","Grau de Parentesco","Programa"
"PEDI41","Emissão de Etiqueta por Unidade de Produto","Programa"
"PEDI8_HENRICH_PDV","Emissão Etiqueta","Relatório"
"CFAB1","Apontamento de Ordem de Fabricação","Programa"
"FATU15_BRISA","Relatório Notas Fiscais Matricial","Relatório"
"PEDI117","Relatório de Pendencias de Clientes","Relatório"
"PEDI4_OF","Liberação Pedidos Faturamento OF - LIBERAR_PED_SEM_PRODUCAO = 'S'","Programa"
"FATU119_PERU","Gera Nota Fiscal de Saída Consignação - PERU","Programa"
"COMP10","Solicitação de Pedidos","Relatório"
"FATU111","Encerramento Notas Fiscais Remessa","Programa"
"FATU111","Encerramento Notas Fiscais Empréstimo/Remessa (EMPRESTIMO)","Programa"
"EPRO61","Estruturação do Produto - Venda","Programa"
"ESTO104","Ajuste Estoque Fisico","Programa"
"FATU111","Encerramento Notas Fiscais Empréstimo","Programa"
"CEXT40","Posição Pedido de Compra (PO)","Programa"
"CEXT41","Posição Pedido de Compra (PO)","Relatório"
"CBAN45_PERU","Pagamentos - Peru","Programa"
"PEDI4_PERU","Liberação  PERU REMISSION 15 ITENS","Programa"
"CBAN36_ESP","Recibo de Pagamento - Detalhado","Relatório"
"FATU6","Devoluções de Consignação - Lançamento","Programa"
"CBAN21","BB","Relatório"
"FPAG51","Admissionais/Demissionais","Programa"
"CACE10","Configuração de Horas Extras","Programa"
"PEDI1","Lote Produção Estoque - Produzir","Programa"
"PEDI113","Lote Produção Estoque","Relatório"
"CBAN4","Configuração de Recebimentos","Programa"
"CEXC68","Cancelamento de Reserva de Caixa","Programa"
"FPAG150","Empresas Seguros (BF)","Programa"
"FPAG151","Liquidação de Depósito Semestral de CTS","Programa"
"MPSP46","Ordem de Fabricação - Geração e Abast (Acabamento, Relat OF Tinta Agrupado)","Programa"
"FPAG152","Liquidação de Depósito Semestral de CTS","Relatório"
"CFAB11_SEM_QUEBRA","Emissão Ordem de Fabricação","Relatório"
"ESTO81_MPE","Emissão Relatório","Relatório"
"ESTO80","Emissão Etiqueta","Relatório"
"CFAB1","Apontamento de Ordem de Fabricação - MÚLTIPLOS PRODUTOS (sugere Produto)","Programa"
"CREC29","Solicitud de Pago","Programa"
"CREC30","Solicitud de Pago","Relatório"
"CFAB7","Emissão Ordem de Fabricação Curtume (TAPETE)","Programa"
"CFAB19_MINUANO_TAPETES","Emissão Ordem de Fabricação","Relatório"
"CFAB1_180716","Apontamento Ordem de Fabricação (NÃO USAR).","Programa"
"CFAB23","Exclusão Apontamento de Rótulos PGD","Programa"
"CFAB71","Relatório Produto por Plano/Construção/Modelo/Produto","Programa"
"FATU24","Emissão Rótulo pela NF - PEGADA","Programa"
"FATU17_HKUNTZLER","Rótulos","Relatório"
"FATU17_PEGADA_GRD_MARCAR","Rótulos - PEGADA","Relatório"
"CFAB7","Emissão Ordem de Fabricação (+PROCESSO)","Programa"
"CFAB137","Emissão Ordem de Fabricação","Relatório"
"CFAB72","Relatório Produto por Plano/Construção","Relatório"
"CFAB73","Relatório Produto por Plano/Construção/Modelo","Relatório"
"CFAB141","Relatório Produto por Plano/Construção/Modelo/Produto","Relatório"
"RECE36","Recebimento de Retornos de Empresas do Mesmo Grupo","Programa"
"RECE8","Relatório Retornos de Remessa Industrialização","Relatório"
"ESTO25","Plano Abastecimento Materiais - Requisição Localização 11, Estab 3, Empresa 2, Unid Neg 4","Programa"
"ESTO26","Relatório Plano Abastecimento Materiais - Necessidades","Relatório"
"ESTO78","Relatório Plano Abastecimento Materiais - Necessidades","Relatório"
"CONT14","Balancetes - PERU","Programa"
"CONT74","Balancete Movimento Mensal","Relatório"
"CONT19","Balancete Saldo Mensal","Relatório"
"CONT20","Balancete Simplificado","Relatório"
"FATU2_ARGENTINA","Nota Fiscal de Saída - REMITO","Programa"
"FATU75","5 - Relatório Notas Fiscais Argentina - Normal","Relatório"
"FATU99","1 - Relatório Notas Fiscais Argentina - Simples","Relatório"
"FATU100","3 - Relatório Notas Fiscais Débito Argentina","Relatório"
"FATU101","2 - Relatório Notas Fiscais Argentina - Remito","Relatório"
"TERC14","Pagamento de Terceiros","Programa"
"ORCA11","Consulta Orçamento Venda","Programa"
"FPAG181","Arquivo de Consulta de Qualificação Cadastral em Lote","Programa"
"PEDI44","PGD Lib. Pedidos Faturamento MTZ 115 Loc.5108 POR TAM","Programa"
"CFAB22","Apontamento de Rótulos (ORG MARCOS, Processo 154, Localização 30)","Programa"
"MPSP5","Plano de Produção -  Normal","Programa"
"CFAB1","Emissão Ordem de Fabricação HKUNTZLER 2 por pág","Programa"
"CFAB11_HKUNTZLER_2_OFS_PAGINA","Emissão Ordem de Fabricação 2 por página","Relatório"
"TERC11","Recibos de Venda p/ Tercerizados Padrão","Programa"
"TERC13","Relatório de Recibos","Relatório"
"CFAB1","Apontamento de Talão - MARTIN","Programa"
"MPSP46","Ordem de Fabricação - Geração e Abast (Caleiro, Curtimento, Recurtimento) - ESTO81 Padrão","Programa"
"CFAB11_MINUANO","Emissão Ordem de Fabricação","Relatório"
"FPAG26","Grupos e Subgrupos de Rescisão","Programa"
"PEDI30","Propostas Aguardando Confirmação","Relatório"
"LFIS74","Geração Arquivo PER/DCOMP Reintegra","Programa"
"CACE3","Cadastro de Ocorrências","Programa"
"CACE9","Cadastro de Motivos","Programa"
"ADMI139","Relatório de Centros de Custo/Trabalho","Programa"
"CBAN21_BB_LASER","06 - Layout Cheque Banco Brasil Laser","Relatório"
"PEDI8_HENRICH","Emissão de Etiqueta henrich bolsas","Relatório"
"CEXC1114","Cadastro Veiculos","Programa"
"MPSP46","Ordem de Fabricação - Geração e Abastecimento (Categ Couro Pronto)","Programa"
"CFAB11_MINUANO","Emissão Ordem de Fabricação","Relatório"
"ESTO81","Emissão Relatório","Relatório"
"ESTO80","Emissão Etiqueta","Relatório"
"PEDI8_HENRICH","Emissão de Etiqueta henrich","Relatório"
"ESTO90","Relatório de Saldos por Rotulo","Programa"
"ESTO91","Relatório Saldos por Linha e Modelo","Relatório"
"ESTO92","Relatório Saldos por Linha, Modelo e Rótulo","Relatório"
"FPAG149","11-Lista Adiantamento Quinzenal - Tecnocalza","Relatório"
"VEND96","Bonificações","Programa"
"CREC67","Nota de Débito","Programa"
"CLAB10","05 - Cadastro de Normas Técnicas","Programa"
"FATU2","Notas Fiscais de Saída - MONITOR","Programa"
"FATU71","Liberação Faturamento Romaneio - Factura","Programa"
"FATU58","Relatório de Carta de Correção","Relatório"
"FATU104","Devoluções de Venda EMIS- fatu104 - MTZ 115","Programa"
"CPAG54","Comprovante de Pagamento","Programa"
"CREC73_ESP","Comprobante de Egreso","Relatório"
"PEDI1","Lote Produção Estoque - Produzir (Categoria 87, empresa 104)","Programa"
"PEDI113","Lote Produção Estoque","Relatório"
"PEDI1","Pedidos de Venda NÃO calcula comissão  - HENRICH","Programa"
"PEDI5","Pedido de Venda","Relatório"
"FATU14","Relatório Notas Fiscais","Relatório"
"CEXT96","Relatório Comissão Exportação","Relatório"
"FATU122","Gerenciador de ZI - Notas Fiscais de Saída","Programa"
"FATU3_PERU","Facturas de Entrada","Programa"
"LFIS25_BB","Apuração IPI-Antigo","Programa"
"ESTO118","Relatório de Log - Manutenção de Rótulos","Relatório"
"MPSP55","Relatório Pedidos Venda e LEs c/ dados de Abastecimento, Produção e Faturamento","Relatório"
"CONT89","Formato 3.3: Livro de Inventários e Saldos - Conta 12 Clientes","Programa"
"CONT90","Formato 3.4: Livro de Inventários e Saldos - Conta 14 Contas a Receber Acionistas","Relatório"
"CONT89","Formato 3.4: Livro de Inventários e Saldos - Conta 14 Contas a Receber Acionistas","Programa"
"CONT90","Formato 3.5: Livro de Inventários e Saldos - Conta 16 Contas a Receber Diversos","Relatório"
"CONT89","Formato 3.5: Livro de Inventários e Saldos - Conta 1 Contas a Receber Diversos","Programa"
"COMP5_PERU","Recebimento de Pedidos de Compra - Nota Fiscal Entrada sem guia","Programa"
"CONT90","Formato 3.3: Livro de Inventários e Saldos - Conta 12 Clientes","Relatório"
"COMP32","Relatório de Inspeção","Relatório"
"FATU123","Nota Fiscal de Consumidor Eletrônica (NFC-e) Estab. 71671","Programa"
"FATU30","Relatório Notas Fiscais","Relatório"
"CEXC1117","Relatório Notas Fiscais Matricial","Relatório"
"FATU58","Relatório de Carta de Correção","Relatório"
"FATU117","Relatório de Ocorrências de Faturamento","Relatório"
"LFIS26_BB","Apuração IPI","Relatório"
"FATU15_BRISA","Relatório Notas Fiscais Matricial","Relatório"
"PEDI117","Relatório de Pendencias de Clientes","Relatório"
"ORCA10","Projetar Orçamento Venda","Programa"
"RECE45","Retornos de Remessa Industrialização - Distribuição Automática dos Materias de Retorno [EMIS]","Programa"
"ADMI261","Movimentações da Interface - PIAGUI","Programa"
"CFAB87","Relatório Produção Diário","Programa"
"MPSP5","Plano de Produção - UTILIZA_DATAS_PLANEJAMENTO = N - Loc. 16 - Adoc","Programa"
"CFAB89","Relatório Produção Diário","Relatório"
"FPAG183","Arquivo de Dados da Folha","Programa"
"CBAN32","Fluxo de Caixa - Versão Openfield","Programa"
"CBAN68","Extrato de Conciliação Bancária","Programa"
"CBAN33","Relatório Fluxo de Caixa (Conta Orçamentária)","Relatório"
"CBAN39","Relatório Fluxo de Caixa","Relatório"
"CBAN59","Relatório Fluxo de Caixa Simplificado - Openfield","Relatório"
"FPAG41","1-Termo de Rescisão do Contrato de Trabalho","Relatório"
"FPAG42","2-Termo de Quitação de Rescisão de Contrato de Trabalho","Relatório"
"FPAG43","3-Termo de Homologação de Rescisão de Contrato de Trabalho","Relatório"
"FPAG44","4-Recibo de Pagamento de Férias","Relatório"
"FPAG37_BF","7-Recibo Folha Mensal","Relatório"
"FATU2_EQUADOR","Nota Fiscal de Saída - [MENU_CLASSE=FACTURA]","Programa"
"PEDI54","Previsões de Entrega - Cliente","Relatório"
"PEDI55","Previsões de Entrega - Representante","Relatório"
"PEDI44","Liberação Pedidos Faturamento CRST","Programa"
"PEDI52","5 - Pedido de Venda - Calçadista (Openfield)","Programa"
"PEDI52","5 - Pedido de Venda - Moveleiro (Openfield)","Programa"
"EPRO15","Estruturação do Produto (OBRIGA_VEZES_PROCESSO = S, Mostra apenas Ativos)","Programa"
"FATU2_EQUADOR","Nota Fiscal de Saída - [MENU_CLASSE=NOTA_CREDITO]","Programa"
"FATU2_EQUADOR","Nota Fiscal de Saída - [MENU_CLASSE=NOTA_DEBITO]","Programa"
"FATU2_EQUADOR","Nota Fiscal de Saída - [MENU_CLASSE=GUIA_REMISION]","Programa"
"FATU2_EQUADOR","Nota Fiscal de Saída - [MENU_CLASSE=COMPROBANTE_RETENCION]","Programa"
"PEDI44","Liberação Pedidos Faturamento - PEDI44 - GUILHERME","Programa"
"FVEN5","Cálculo Preço de Venda - Brisa","Programa"
"FVEN7_GNT","Cálculo Preço de Venda","Relatório"
"MPSP5","Plano de Produção MTZ (Não agrupa nada) - Loc 5108","Programa"
"FATU16","Gera/Emissão Rótulo Unidade Armazenamento Padrão - LE","Programa"
"ADMI148","Importação para Integração de Etiqueta HKuntzler x Braspress","Programa"
"FATU154","Desmontagem de Rótulos KLD","Programa"
"FATU137","Exportação de Vendas com Base no Faturamento - Origem Pedidos de Venda","Programa"
"FATU155","Emissão de Etiqueta","Relatório"
"ADMI149","Emissão Etiquetas Cartão Ponto Funcionário","Programa"
"ADMI152","Emissão Etiquetas Cartão Ponto Funcionário","Relatório"
"MPSP2","Planejamento Curtume - MPSP2","Programa"
"PEDI1","Pedidos de Venda - AGRUPA_PRODUTOS_ROTULO","Programa"
"PEDI5","Pedido de Venda","Relatório"
"PEDI132","Pro-Forma","Relatório"
"FATU74","PGD Gera NF pelo Rótulo ESTAB 1 Loc 2","Programa"
"ESTO23","Transferência entre Localização - Estab 21 RESERVA","Programa"
"ESTO27","Emissão de Requisições - Adoc","Programa"
"ESTO138","Emissão de Requisições - Gráfico","Relatório"
"ESTO28","Emissão de Requisições - Matricial","Relatório"
"CBAN50","Relatório Retenções de Ganancias","Relatório"
"TERC1","Remessa CERTO - produto 37068.1","Programa"
"FATU15_BRISA","Relatório Notas Fiscais Matricial","Relatório"
"PEDI117","Relatório de Pendencias de Clientes","Relatório"
"FATU74","PGD Gera NF pelo Rótulo F1 116 Loc.5109","Programa"
"FATU74","PGD Gera NF pelo Rótulo F2 117 Loc.5110","Programa"
"ADMI253_KND","Controle de Patch","Programa"
"FATU74","PGD Gera NF pelo Rótulo MTZ 115 Loc.5108","Programa"
"FATU2","PGD Notas Fiscais Saída Serie1","Programa"
"FATU30","Recibo de Locação","Relatório"
"FATU2","PGD Notas Fiscais Saída Serie2","Programa"
"FATU30","Recibo de Locação","Relatório"
"FATU14","Relatório Notas Fiscais","Relatório"
"CREC72","Comprovante de Recebimento","Programa"
"FPAG96","Relação de Aniversariantes","Programa"
"FPAG97","Rel. Relação de Aniversariantes","Relatório"
"FPAG98","Recibo Vale Transporte","Programa"
"FPAG100","Posição de Férias","Programa"
"FPAG99","1 - Recibo Vale Transporte","Relatório"
"FPAG101","Posição de Férias","Relatório"
"CFAB87","Relatório de Produção Diário","Programa"
"CFAB88","Relatório de Produção Diário c/ Usuário, Data e Hora","Relatório"
"RECE7","Retornos de Remessa Beneficiamento","Programa"
"TERC8","Emissão Extrato 64X","Programa"
"TERC9_UNIDADE_CONTROLE","Emissão Extrato","Relatório"
"ESTO115","Reclassificação de Produtos","Programa"
"RECE8","Relatório Retornos de Remessa Industrialização","Relatório"
"PEDI4","Liberação Pedidos Faturamento Emp 210 Estab 115 Local 5118","Programa"
"MPSP57","Relatório de Planejamento - Agrupamento Responsável","Relatório"
"FATU34","Relatório Faturamento c/ Insumo","Programa"
"FATU35_COM_INSUMO","Relatório Faturamento","Relatório"
"FATU36","Relatório Faturamento/Código Estrutural","Relatório"
"CPRO4","Lançamentos - Produção","Programa"
"CBAN37","Realizado Financeiro p/Conta Orçamentária","Programa"
"CBAN38","Realizado Financeiro por Conta Orçamentária","Relatório"
"FATU103","Retornos de Remessa Industrialização de Empresas do Mesmo Grupo","Programa"
"RECE8","Relatório Retornos de Remessa Industrialização","Relatório"
"FATU108","2 - Cadastro de Percurso","Programa"
"CBAN49","Relatório Retenções de Ganancias e Impostos","Programa"
"FATU51","Manifesto de Transporte de Resíduos - MTR","Programa"
"FATU52_HENRICH","Relatório Manifesto de Transporte de Resíduos - MTR","Relatório"
"CFAB1","Apontamento de Ordem de Fabricação FÁBRICA 05 ( RBP 543 )","Programa"
"CFAB65","Apontamento de Rótulos Novo - Loc. 5108 / Proc 191","Programa"
"COMP61","Resumo Plano de Necessidades de Compras - OPENFIELD","Programa"
"COMP62","Resumo Plano de Necessidades de Compras","Relatório"
"ESTO26","Relatório Plano Abastecimento Materiais - Transferência Produção","Relatório"
"ESTO25","Plano Abastecimento Materiais - Transferência - Manut/Operação sem Atualizar Estoque","Programa"
"FATU141","Importação de Notas Fiscais de Saída por XML","Programa"
"ESTO64","Relatório Produto à Inventariar (Fonte Maior - Gradeado) - CRI","Programa"
"ESTO124","Relatório Produtos a Serem Inventariados","Relatório"
"FATU9","Devolução de Compra - CADEIN","Programa"
"CFAB17","Emissão Cartão Componente - KDR - Sem limite de tamanho","Programa"
"CFAB121","Emissão Cartão Componente","Relatório"
"ESTO27","Emissão de Requisições - HKuntzler","Programa"
"ESTO135","Emissão de Requisições - Matricial","Relatório"
"ESTO29_HKUNTZLER","Emissão de Requisições - Gráfico","Relatório"
"EPRO15","Estruturação do Produto (Soubach)","Programa"
"MPSP5","Plano de Produção Lote Misturado","Programa"
"ESTO26","Relatório Plano Abastecimento Materiais - Transferência Produção","Relatório"
"ESTO93","Solicitação de Necessidades de Materiais Wet Blue - Soubach","Programa"
"ESTO39","Relatório Solicitação de Necessidades","Relatório"
"ESTO25","Plano Abastecimento Materiais - Transferência Loc","Programa"
"CBAN42_ARGENTINA","Recibo","Relatório"
"PEDI118","Posição de Pedidos (Novo)","Programa"
"ESTO80","Relatório Custo Médio","Programa"
"ESTO27","Emissão de Requisições - Código de Barras","Programa"
"CFAB1","Apontamento de Lote - Processo 77 - Padrão Pegada","Programa"
"CFAB10","Estorno Apontamento de Lote - Processo 191","Programa"
"ESTO29_CODIGO_BARRAS","Emissão de Requisições - Gráfico","Relatório"
"FATU93_EQUADOR","Nota Fiscal de Saída - FATURA - EQUADOR - TIENDAS - S/LISTA PRECO","Programa"
"CFAB12_MALU","Emissão de Talão","Relatório"
"CFAB65","Apontamento de Rótulos - Estab. 1 / Loc. 11 PROCESSO 79","Programa"
"PEDI44","PGD Lib. Pedidos Faturamento F1 117 Loc.5110","Programa"
"FPAG173","Relatório Ficha Financeira","Programa"
"MPSP2","Planejamento Cadein","Programa"
"ADMI254","Configuração de Autenticação de Email","Programa"
"FPAG174","Relatório Ficha Financeira","Relatório"
"FATU15","Recibo de Locação","Relatório"
"CONT59","Gera Rateio e Tarifas","Programa"
"FATU119_PERU","Controle de Consignação - BFX","Programa"
"FATU14_PERU_REMISSION","Relatório de Guia de Remissão","Relatório"
"FATU115","Relatório de Guia de Remissão","Relatório"
"CEXC111","Relatório Pedido Serviço","Relatório"
"CFAB98","Relatório de Produção, Estoque Intermediário e Faturamento","Programa"
"CFAB99","Relatório de Produção, Estoque Intermediário e Faturamento","Relatório"
"PEDI14_LTZ","Importação Pedidos de Venda - EDI (LTZ)","Programa"
"PEDI131","Log Importação Pedidos de Venda - EDI (LTZ)","Relatório"
"FATU14_TECNOCALZA","Notas Fiscais Saida","Relatório"
"FATU30","Relatório Notas Fiscais","Relatório"
"FPAG179","14-Recibo com Ponto e Atividades Diárias","Relatório"
"CEXC1117","Relatório Notas Fiscais Matricial","Relatório"
"FATU58","Relatório de Carta de Correção","Relatório"
"FATU117","Relatório de Ocorrências de Faturamento","Relatório"
"CFAB1","Apontamento de Ordem de Fabricação - MÚLTIPLOS PRODUTOS - CORREÇÃO","Programa"
"FPAG23","Cálculo","Programa"
"PEDI44","Liberação Pedidos Faturamento - PEDI44 - ##  Estab3 - 11 - LIBER.S EM PROD.","Programa"
"FPAG41","1-Termo de Rescisão do Contrato de Trabalho","Relatório"
"FPAG42","2-Termo de Quitação de Rescisão de Contrato de Trabalho","Relatório"
"CEXC111","Relatório Pedido Serviço","Relatório"
"FPAG43","3-Termo de Homologação de Rescisão de Contrato de Trabalho","Relatório"
"FPAG44","4-Recibo de Pagamento de Férias","Relatório"
"FPAG37","7-Recibo Folha Mensal","Relatório"
"CFAB90","Apontamento MultiTarefa - Curtume.","Programa"
"PEDI1","Pedidos de Venda (Simplificado)- Exportação - P2","Programa"
"PEDI5","Pedido de Venda","Relatório"
"PEDI5_UM_SECUNDARIA","Pedido de Venda Qtd Secundária Sem Valor","Relatório"
"ESTO128","Rel Analise Consumo Previsto x Realizado - OKS","Relatório"
"MPSP46","Ordem de Fabricação - Geração e Abast (Caleiro, Curtimento, Recurtimento - Nimo","Programa"
"CFAB11_SEM_QUEBRA","Emissão Ordem de Fabricação","Relatório"
"ESTO81","Emissão Relatório","Relatório"
"ESTO80","Emissão Etiqueta","Relatório"
"FATU15_BRISA","Relatório Notas Fiscais Matricial","Relatório"
"MIND22","3 -Controle - Ordens de Serviço","Programa"
"MIND31","Relatório Custo Total por Equipamento","Relatório"
"CFAB7","Emissão Ordem de Fabricação (+PROCESSO) - Termotranferência","Programa"
"EPRO15","Estruturação do Produto - ORGMARCOS","Programa"
"ESTO80","Emissão Etiqueta","Relatório"
"MPSP5","Plano de Produção MTZ - Loc 5108","Programa"
"LFIS98","Relatório Consolidação PIS/COFINS ENTRADAS E SAÍDAS","Relatório"
"PEDI8","Emissão Etiqueta","Relatório"
"FPAG147","Etiquetas para CTPS","Programa"
"FPAG148","Etiquetas para CTPS","Relatório"
"CFAB23","Exclusão Apontamento de Rótulos (Processo 159)","Programa"
"FATU127","10. Retorno de Quarteirização.","Programa"
"FATU2_ARGENTINA","Nota Fiscal de Saída - DEBITO","Programa"
"FATU75","1- Relatório Notas Fiscais Argentina - Normal","Relatório"
"FATU99","2 - Relatório Notas Fiscais Argentina - Simples","Relatório"
"FATU100","3 - Relatório Notas Fiscais Débito Argentina","Relatório"
"FATU101","5 - Relatório Notas Fiscais Argentina - Remito","Relatório"
"CEXC1039","Livro de Compras","Programa"
"CACE22","Emissão de Crachás - HENRICH","Programa"
"CACE23_HEN","Relatório de Crachás - Henrich","Relatório"
"FATU2","PGD Notas Fiscais Saída Serie1 consulta lcto","Programa"
"CBAN54","Arquivo de Retenções","Programa"
"FPAG165","13-Relatório Analítico de Rescisão","Relatório"
"FATU30","Recibo de Locação","Relatório"
"ESTO81","Emissão Relatório","Relatório"
"MPSP46","Ordem de Fabricação - Geração e Abast (Caleiro, Curtimento, Recurtimento) - ESTO81_MPE","Programa"
"FATU14","Relatório Notas Fiscais","Relatório"
"FATU117","Log de estoque","Relatório"
"CFAB11_MINUANO","Emissão Ordem de Fabricação","Relatório"
"ESTO81_MPE","Emissão Relatório","Relatório"
"ESTO80","Emissão Etiqueta","Relatório"
"MPSP46","Ordem de Fabricação - Geração e Abast (Recurtimento) - c/Drawback","Programa"
"TERC1","Remessa WILL","Programa"
"CFAB11_MINUANO","Emissão Ordem de Fabricação","Relatório"
"ESTO81_AMC","Emissão Relatório","Relatório"
"ESTO80","Emissão Etiqueta","Relatório"
"MPSP46","Ordem de Fabricação - Geração e Abast (Recurtimento) - s/Drawback","Programa"
"CFAB11_MINUANO","Emissão Ordem de Fabricação","Relatório"
"ESTO81_AMC","Emissão Relatório","Relatório"
"ESTO80","Emissão Etiqueta","Relatório"
"MPSP5","Plano de Produção VALIDAÇÃO RÓTULOS","Programa"
"FATU104","Devoluções de Venda -FATU104- Lançamento -  Controle Rótulo","Programa"
"FATU3","Notas Fiscais de Entrada","Programa"
"FATU14","Relatório Notas Fiscais","Relatório"
"FATU15_ANTONIELLE","Relatório Notas Fiscais Matricial","Relatório"
"RECE26","Relatório Carta de Correção","Relatório"
"FATU64","Relatório Recibo","Relatório"
"ESTO111","Relatório Emissão de Lote","Relatório"
"PEDI117","Relatório de Pendencias de Clientes","Relatório"
"PEDI113","Lote Produção Estoque","Relatório"
"CEXC1128","Facturas Entrada - PADRAO Nueva","Programa"
"PEDI58","Pedido de Venda","Relatório"
"CFAB61","Emissão Lote - Zapatos","Programa"
"CFAB124","Emissão Lote","Relatório"
"CFAB7","Emissão Ordem de Fabricação - NIMO","Programa"
"CFAB19_NM","Emissão Ordem de Fabricação","Relatório"
"CONT55","Ajuste de conta contábil","Programa"
"PEDI1","Lote Produção Estoque - Simplificado (Frigorifico)","Programa"
"MPSP73","Planejamento Necessidade Materiais - Frigorifico","Programa"
"FATU163","Relatório Liberação Pedidos Faturamento por Rota (Detalhado)","Relatório"
"CEXC1088","Inventario Materias Primas/Produtos Prontos","Programa"
"PEDI7","Emissão de Etiqueta por Unidade de Produto por Plano de Produção - TEA","Programa"
"ADMI222","Importação Cadastros Folha Pagamento","Programa"
"CPAG35","Log Importação Cadastros Folha Pagamento","Relatório"
"PEDI115","Relatório Pedidos Prontos para Faturar (Centro de Trabalho)","Programa"
"PEDI116","Relatório Pedidos Prontos para Faturar","Relatório"
"FATU15_BRISA","Relatório Notas Fiscais Matricial","Relatório"
"CREC60","Relatório Curva ABC Clientes","Programa"
"PEDI117","Relatório de Pendencias de Clientes","Relatório"
"CPRO8","Relatório Análise ABC de Eventos 64Bits","Programa"
"CPRO9","Relatório Análise ABC de Eventos","Relatório"
"FATU3_PERU","Notas Fiscais de Entrada - PERU - PADRAO - Factura Entrada Manual S/.","Programa"
"FATU15_KHTA","Relatório Nota Remission","Relatório"
"FATU113","Relatório Notas Fiscais","Programa"
"FATU112","Relatório Notas Fiscais","Relatório"
"FATU16","Rótulo por Pedido KUNTZLER","Programa"
"FATU17_KUNTZLER","Rótulo Unidade Armazemamento KUNTZLER","Relatório"
"ESTO110","Emissão de Lote","Programa"
"ESTO111","Emissão de Lote","Relatório"
"CEXT93","Condição de Pagamento - Saque","Programa"
"ADMI250_KND","Conexões","Programa"
"FATU12","Transferências - Shoe Trade - MATRIZ","Programa"
"CREC22","Emissão de Bloquetos - SICREDI CNAB240","Programa"
"FATU12","Transferências - Shoe Trade - TIENDA AREQUIPA","Programa"
"FATU15_BRISA","Relatório Notas Fiscais Matricial","Relatório"
"PEDI117","Relatório de Pendencias de Clientes","Relatório"
"CONT6","Plano de Contas - Flexfields","Programa"
"MPSP46","Ordem de Fabricação - Geração e Abast (Caleiro, Curtimento, Recurtimento- emp 207)","Programa"
"CFAB11_MINUANO","Emissão Ordem de Fabricação","Relatório"
"ESTO81","Emissão Relatório","Relatório"
"ESTO80","Emissão Etiqueta","Relatório"
"FATU157","Importação Chave de Acesso Nota Fiscal de Saída","Programa"
"CFAB90","Apontamento MultiTarefa - Curtume - SEPARAR WB","Programa"
"ADMI262","Configuração de Datas de Vencimento","Programa"
"ESTO28","Emissão de Requisições - Matricial","Relatório"
"ESTO104","Ajuste Estoque Produto","Programa"
"ESTO112","Plano Abast Materiais e Controle de OF S/APONT - FRIG","Programa"
"ADMI265","Configuração de Email","Programa"
"CFAB19_CURTUME_PADRAO","CFAB19_CURTUME - Emissão de OF","Relatório"
"PEDI44","Liberação Pedidos Faturamento - ESTAB 31","Programa"
"ESTO140","Relatório de Acompanhamento de Estoque","Programa"
"ESTO141","Relatório de Acompanhamento de Estoque","Relatório"
"COMP5","Recebimento de Pedidos de Compra - Frigorifico","Programa"
"COMP32","Relatório de Inspeção","Relatório"
"ADMI255","Painel Abate (Acesso Web do Painel)","Programa"
"ADMI255","Painel Embalagens Frigo (Acesso Web do Painel)","Programa"
"RECE19","Relatório Controle de Depósito - Consumo","Programa"
"RECE20","Relatório Controle de Depósito - Consumo","Relatório"
"FPAG72","18-Pedido de demissão trabalhado","Relatório"
"FPAG73","19-Pedido de demissão NÂO trabalhado","Relatório"
"FPAG74","20-Aviso prévio trabalhado","Relatório"
"FPAG75","21-Aviso prévio indenizado","Relatório"
"FPAG76","22-Comunicado de rescisão por término de contrato","Relatório"
"FPAG77","23-P.P.P.-Perfil Profissiográfico Previdenciário","Relatório"
"CEXC1098","Relatório","Relatório"
"CEXC1097","Emissão de Ordem de Fabricação por Processo","Programa"
"VEND87","Cotas de Venda","Programa"
"VEND88","Relatório de cotas de venda","Relatório"
"LFIS6","Registro de Entrada CFOP","Programa"
"CBAN44","Lançamento Provisão de Avulsos C.R.","Programa"
"LFIS7_MINUANO_CFOP","Registro de Entrada CFOP","Relatório"
"FPAG121","Relação Depósitos Bancários","Programa"
"FPAG122","Relação Depósitos Bancários","Relatório"
"MPSP46","Ordem de Fabricação -  Geração e Abast (Caleiro, Curtimento, Recurtimento)","Programa"
"CFAB11_MINUANO","Emissão Ordem de Fabricação","Relatório"
"ESTO81_MPE","Emissão Relatório","Relatório"
"ESTO107","Requisição Informada - Múltiplo","Programa"
"FATU6","Devoluções de Venda - Emissão- Não Controla Rótulo","Programa"
"PEDI7","Emissão de Etiqueta por Unidade de Produto por Plano de Produção - HENRICH PDV","Programa"
"PEDI8_HENRICH_PDV","Emissão de Etiqueta por Unidade de Produto por Plano de Produção - HK ARGOX","Programa"
"PEDI8_HENRICH_PDV","Emissão Etiqueta Henrich PDV","Relatório"
"CLAB11","06 - Cadastro de Métodos","Programa"
"MPSP46","Ordem de Fabricação - Geração e Abast (Caleiro, Curtimento, Recurtimento) - AMCM","Programa"
"CFAB11_MINUANO","Emissão Ordem de Fabricação","Relatório"
"ESTO81_AMC","Emissão Relatório","Relatório"
"ESTO80","Emissão Etiqueta","Relatório"
"ESTO37","Requisição Informada - Multi Produtos","Programa"
"EPRO15","Estruturação do Produto - TST PIELES","Programa"
"PEDI44","Liberação Pedidos Faturamento ROTULO - ITEM UNICO","Programa"
"FATU15_BRISA","Relatório Notas Fiscais Matricial","Relatório"
"PEDI117","Relatório de Pendencias de Clientes","Relatório"
"PEDI113","Lote Produção Estoque","Relatório"
"FATU6","Devoluções de Venda - LCTO","Programa"
"PEDI1","Lote Producción Inventario - Birth Certificate","Programa"
"ESTO67","2- Lançamento Produtos Inventário - CRI - c/Botão Confirmar","Programa"
"ESTO73","5- Ajuste Divergências Estoque X Inventário CRI","Programa"
"ESTO57","Relatório Controle Estoque Físico x Inventário","Relatório"
"ESTO58","3- Relatório Revisão Inventário - CRI","Programa"
"ESTO65","Relatório Produtos Inventário - CRI","Relatório"
"ESTO64","1- Relatório Produtos Inventário - CRI","Programa"
"ESTO59","Relatório Revisão Inventário - CRI","Relatório"
"ESTO66","Relatório Controle Estoque Físico x Inventário","Relatório"
"ESTO56","4 - Relatório Divergências Estoque Físico X Inventário","Programa"
"ESTO72","Relatório Controle Estoque Físico x Inventário","Relatório"
"FATU24","Emissão Rótulo pela NF - BRASPRESS - Etiqueta","Programa"
"FATU17_HKUNTZLER","Rótulos","Relatório"
"FATU17_PEGADA_GRD_MARCAR","Rótulos - PEGADA","Relatório"
"FATU82","Etiqueta - BRASPRESS","Relatório"
"FPAG23_TECNO","Cálculo - Tecnocalza","Programa"
"ADMI266","Importação NCM","Programa"
"CACE8_RODRIGO","3 - Manutenção de Movimentos rodrigo","Programa"
"ESTO142","Requisição Informada com Seleçao de Lotes","Programa"
"EPRO75","Etiquetas Frigorífico","Programa"
"CFAB129","Posição do Plano de Produção (Construção) Com Grade","Relatório"
"CFAB130","Posição do Plano de Produção(Construção/Modelo) Com Grade","Relatório"
"CFAB131","Posição do Plano de Produção (Construção/Modelo/Produto) Com Grade","Relatório"
"PEDI112","Cancelamento Saldo Embarque (Somente Entregas sem Faturamento)","Programa"
"PREC14","Ficha de Operações","Programa"
"PREC15","Ficha de Operações Completa","Relatório"
"PREC25","Ficha de Operações Somente Equipamentos","Relatório"
"PREC26","Ficha de Operações Somente Resumo Equipamentos","Relatório"
"CPAG3","Ocorrências","Programa"
"IVENDRE1","Proposta de Venda","Programa"
"FATU73_TECNOCALZA","Guia de Remissão - Tecnocalza","Relatório"
"MPSP27_CADEIN","Relatório Plano Mestre de Produção - CADEIN HK","Programa"
"MPSP29_HKUNTZLER","Plano Mestre de Produção por Modelo","Relatório"
"CFAB65","REVISAO PP - PGD MTZ - 115  Loc. 5108","Programa"
"PEDI4","Liberação Pedidos Faturamento (Reserva) Openfield #DONTTOUCH","Programa"
"CFAB7","Emissão Ordem de Fabricação - KRUMENAUER","Programa"
"FATU15_BRISA","Relatório Notas Fiscais Matricial","Relatório"
"FATU17_PEGADA_GRD_MARCAR","Rótulos","Relatório"
"CFAB19_KRM","Emissão Ordem de Fabricação","Relatório"
"PEDI117","Relatório de Pendencias de Clientes","Relatório"
"VEND103","Relatório Resumo Vendas e Estoque","Programa"
"VEND104","Relatório Resumo Vendas e Estoque","Relatório"
"ESTO25","Plano Abastecimento Materiais - Requisição Org Brisa","Programa"
"CREC54","Remessa Cobrança Judicial(SERASA)","Programa"
"ESTO26","Relatório Plano Abastecimento Materiais - Necessidades","Relatório"
"ESTO78","Relatório Plano Abastecimento Materiais - Necessidades","Relatório"
"CBAN45_PERU","Pagamentos","Programa"
"CBAN54","Arquivo de Retenções","Programa"
"CBAN16","Conferência de Cheques","Programa"
"CBAN8","Recebimentos","Programa"
"CBAN42_ESP","Recibo","Relatório"
"CBAN3","Lançamentos","Programa"
"CBAN20","Conferência de Cheques","Relatório"
"CBAN25","Emissão Cópia de Cheques","Programa"
"CBAN5","Pagamentos","Programa"
"CBAN26","Emissão Cópia de Cheques","Relatório"
"CBAN22","Emissão de Cheques","Programa"
"CBAN60","Controle de Adiantamentos","Programa"
"CBAN61","Recibo de Controle do Adiantamento","Relatório"
"CBAN21_SICOOB","1 - Emissão de Cheques","Relatório"
"CBAN21_PIAGUI","2 - Layout Cheque Bancomer México","Relatório"
"CBAN21_BANBAJIO","3 - Layout Cheque BanBajio  México.","Relatório"
"CBAN21_BBRASIL","4 - Layout Banco do Brasil","Relatório"
"CBAN21_HSBC_ESPANHOL","5 - Layout Cheque HSBC Espanhol","Relatório"
"CBAN21_BB_LASER","6 - Layout Cheque Banco Brasil Laser","Relatório"
"CBAN21_SANTANDER_ESPANHOL","7  - Layout Cheque Santander Espanhol","Relatório"
"CBAN21_SANTANDER_ESPANHOL","8 - Layout Cheque SANTANDER Espanhol","Relatório"
"CBAN21_BRADESCO","9 - Layout Cheque Bradesco","Relatório"
"CBAN21_PICHINCHA","10 - Layout Cheque Pichincha","Relatório"
"CBAN21_BOLIVARIANO","11 - Layout Cheque Bolivariano","Relatório"
"CBAN22","Emissão de Cheques - SEQ1","Programa"
"CBAN21","1 - Emissão de Cheques","Relatório"
"CBAN13","Livro Caixa","Programa"
"CBAN27","Relatório Livro Caixa","Relatório"
"CBAN28","Relatório Livro Caixa (Saldo por Linha)","Relatório"
"CBAN55","Livro Caixa Contábil","Relatório"
"CBAN18","Relatório Controle Cheque de Terceiros","Programa"
"CBAN29","Relatório Extrato Caixa/Bancos","Programa"
"CBAN30","Relatório Extrato Caixa/Bancos","Relatório"
"CFAB65","Apontamento de Rótulos - PGD MTZ - 115  Loc. 5118 CFAB65","Programa"
"CBAN6","Relatório Lançamentos","Programa"
"CBAN11","Relatório Lançamentos Data","Relatório"
"CBAN12","Relatório Lançamentos Operação","Relatório"
"CBAN34","Relatório Lançamentos por Centro de Custo","Programa"
"CBAN35","Relatório Lançamentos por Centro de Custo","Relatório"
"CBAN49","Relatório Retenções de Ganancias e Impostos","Programa"
"CBAN50","Relatório Retenções de Ganancias","Relatório"
"CBAN53","Relatório Retenções de Ganancias e Impostos","Relatório"
"CPAG2","Modalidades","Programa"
"CPAG1","Posição","Programa"
"CPAG3","Ocorrências","Programa"
"CPAG4","Operações","Programa"
"CPAG6","Espécie","Programa"
"CPAG5","Lançamentos Contas a Pagar","Programa"
"CPAG22","Baixa Simplificada de Documentos","Programa"
"CPAG37","Cálculo Variação Cambial","Programa"
"CPAG7","Relatório Documentos","Programa"
"CPAG46","Relatório Documentos","Relatório"
"CPAG38","Relatório Documentos/Moeda","Relatório"
"CPAG48","Relatório de Documentos (com observações da NFE)","Relatório"
"CPAG11","Análise ABC de Documentos/Fornecedores","Programa"
"CPAG12","Análise ABC de Documentos","Relatório"
"CPAG43","Análise ABC de Fornecedores","Relatório"
"CPAG9","Relatório Lançamentos","Programa"
"CPAG10","Relatório Lançamentos","Relatório"
"CPAG13","Relatório Saldos Agrupados por Intervalo de Dias","Programa"
"CPAG14","Relatório Saldos Agrupados por Intervalo de Dias","Relatório"
"CPAG15","Relatório Documentos por Grupo","Programa"
"CPAG16","Relatório Documentos por Grupo","Relatório"
"CPAG17","Livro Diário Auxiliar Fornecedores","Programa"
"CPAG18","Livro Diário Auxíliar de Fornecedores","Relatório"
"CPAG19","Estatística Financeira","Programa"
"CPAG20","Livro Razão","Programa"
"CPAG21","Livro Razão","Relatório"
"CPAG34","Livro Razão (Resumido)","Relatório"
"CPAG51","Livro Razão (Lista saldo documento)","Relatório"
"CEXT50","Relatório Contrato de Câmbio","Programa"
"CEXT51","Relatório Contrato de Câmbio","Relatório"
"CPAG50","Relatório Curva ABC Fornecedores","Programa"
"CPAG55","Relatório Curva ABC Fornecedores","Relatório"
"CREC69","Relatorio de Compensações","Programa"
"CREC70","Relatório de Compensações","Relatório"
"FATU55","Emissão Etiqueta com Documento Fiscal (VIVO)","Programa"
"FATU12","Transferências p/ F2","Programa"
"FATU2","Notas Fiscais de Saída - Gerador Nfe Monitor - Estab. 151","Programa"
"FATU30","Relatório Notas Fiscais","Relatório"
"CEXC1117","Relatório Notas Fiscais Matricial","Relatório"
"FATU58","Relatório de Carta de Correção","Relatório"
"ESTO108","Relatório Conciliação Estoque x Contábil","Programa"
"CFAB23","Exclusão Apontamento de Rótulos Processo 330","Programa"
"PEDI44","Liberação Pedidos Faturamento Detalhado - Estab.3 Localização 16 = LIBERAR_PED_SEM_PRODUCAO = N","Programa"
"CPAG54","Comprovante de Pagamento - ESP","Programa"
"CREC73_ESP","Comprobante de Egreso","Relatório"
"CPAG25","Consulta de Lançamentos","Programa"
"CPAG40","Consulta/Alteração de Documentos","Programa"
"CPAG49","Consulta de Documentos","Programa"
"CEXC1126","Consulta Documentos - Minuano","Programa"
"CPAG26","Configuração Pagamento Escritural","Programa"
"CPAG27","Remessa Pagamento Escritural","Programa"
"CPAG35","LOG Remessa Pago Escritural","Relatório"
"CPAG30","Retorno Pagamento Escritural","Programa"
"CPAG35","LOG Retorno Pagamento Escritural","Relatório"
"CPAG28","Relatório Remessa Pagamento Escritural","Programa"
"CPAG32","Remessa Pagamento Escritural","Relatório"
"CPAG29","Relatório Retorno Pagamento Escritural","Programa"
"CPAG33","Retorno Pagamento Escritural","Relatório"
"CPAG41","Aceite para Pagamento ( via DDA )","Programa"
"CPAG42","Relatório Arquivo DDA","Relatório"
"CPAG24","Aceite para Pagamento (COM Código de Barras)","Programa"
"CPAG23","Aceite para Pagamento (SEM Código de Barras)","Programa"
"CPAG44","Manutenção Modalidade/Aceite DDA/Retorno Escritural","Programa"
"CPAG39","Exclusão de Transformação","Programa"
"CPAG36","Compensação (Adto X Pgto)","Programa"
"CPAG45","Compensação (Devo X Pgto)","Programa"
"CPAG56","Compensação de Duplicatas (Recebimentos x Faturamentos)","Programa"
"CPAG31","Transformação de Documentos","Programa"
"FATU15_BRISA","Relatório Notas Fiscais Matricial","Relatório"
"PEDI117","Relatório de Pendencias de Clientes","Relatório"
"PEDI132","Relatório PróForma","Relatório"
"CBAN65","Realizado por Conta Orçamentária - Acumulado","Relatório"
"CBAN64","Realizado por Conta Orçamentária - Por Período","Relatório"
"PEDI7","Emissão de Etiqueta por Unidade de Produto- Aleanza","Programa"
"ESTO71","Gera Nota Fiscal Abastecimento Materiais - Remessa Industrialização (Estab 71671, Serie7)","Programa"
"LFIS8","Registro de Saida CFOP","Programa"
"LFIS9_PEGADA","Registro de Saída CFOP","Relatório"
"CREC66","Relatório de Cálculo de Juros/Despesas por Documento","Relatório"
"CFAB10","Estorno Apontamento de Talão - MÚLTIPLOS PRODUTOS","Programa"
"CREC77","Relatório Nota de Débito - Oficial","Relatório"
"ESTO101","Lançamento de Saída de Rótulo para Local de Armazenagem.","Programa"
"CREC78_ARGENTINA","Recibo","Relatório"
"ADMI244","Gerenciamento de Lock's / Trace / Objetos Inválidos","Programa"
"FATU93_EL_SALVADOR","Nota Fiscal de Saída Venda Direta Empregado","Programa"
"FATU109","Relatório Notas Fiscais Matricial","Relatório"
"CFAB1","Apontamento de Ordem de Fabricação - MÚLTIPLOS PRODUTOS - CAPITAL","Programa"
"CLAB8","09 - Inspeções e Ensaios","Programa"
"ESTO14_POR_EMPRESA","Relatório Posição Estoque por Empresa","Relatório"
"ESTO120","Transferência entre Localizações de Estab. Diferentes","Programa"
"ESTO25","Plano Abastecimento Materiais - Requisição Abast Ocultos","Programa"
"ESTO26","Relatório Plano Abastecimento Materiais - Necessidades","Relatório"
"FATU3","02= Notas Fiscais de Entrada - Monitor (JS-Quarteirização)","Programa"
"FATU14","Relatório Notas Fiscais","Relatório"
"FATU15_ANTONIELLE","Relatório Notas Fiscais Matricial","Relatório"
"RECE26","Relatório Carta de Correção","Relatório"
"FATU64","Relatório Recibo","Relatório"
"ESTO111","Relatório Emissão de Lote","Relatório"
"FATU128","Romaneio Pieles del Sur - Sem Imagem","Programa"
"FATU135","Relatório de Romaneio","Relatório"
"VEND105","Relatório Metas - Previsto X Realizado (Calçadista)","Programa"
"CFAB45_HKZ","Plano de Corte ORIGINAL","Relatório"
"CFAB90","Apontamento MultiTarefa - Curtume - EXPEDIÇÃO (Apont Padrão = 'N')","Programa"
"PEDI133","Manutenção de Pedidos","Programa"
"CFAB90","Apontamento MultiTarefa - Curtume - REBAIXAR","Programa"
"CFAB90","Apontamento MultiTarefa - Curtume - Proc 164-PISTOLAR COBERTURA","Programa"
"CFAB90","Apontamento MultiTarefa - Curtume - RECURTIR - FULÃO 02  RECURTIMENTO WELL","Programa"
"CFAB90","Apontamento MultiTarefa - Curtume - RECURTIR - FULÃO 03  RECURTIMENTO WELL","Programa"
"FATU125","AJUSTE SALDO","Programa"
"FATU57","Consulta Notas Fiscais de Entrada","Programa"
"VEND106","Relatório Metas - Previsto X Realizado (Calçadista)","Relatório"
"CFAB111","Relatório de Rendimento Detalhado","Programa"
"MPSP65","Relatório Resumo de Planos de Produção por Quinzena","Programa"
"CFAB11_MINUANO","Emissão Ordem de Fabricação","Relatório"
"ESTO109","Emissão Relatório","Relatório"
"ESTO80","Emissão Etiqueta","Relatório"
"MPSP66","Relatório Resumo de Planos de Produção por Quinzena","Relatório"
"CFAB112","Relatório de Rendimento Detalhado","Relatório"
"MPSP69","Relatório Plano Mestre de Produção por Modelo - Recurso (NOVO)","Programa"
"MPSP70","Plano Mestre de Produção por Modelo - Recurso (NOVO)","Relatório"
"CFAB90","Apontamento MultiTarefa -S/Funcionario, Apont Final","Programa"
"CFAB117","Consulta Interface Medidoras","Programa"
"CEXC1071","Livro de Vendas Resumido","Programa"
"CEXC1076","Relatório Produto Pronto","Programa"
"VEND83","Relatório Demonstrativo Financeiro de Comissões","Programa"
"VEND84","Relatório Demonstrativo Financeiro de Comissões","Relatório"
"CREC81","Recebimento de Cheques","Programa"
"CFAB60","Procedências","Programa"
"CEXC1121","Emissão Ordem de Fabricação 1 Processo - NAPO","Programa"
"CEXC1122","Emissão Ordem de Fabricação 1 Processo - NAPO","Relatório"
"FATU99","2 - Relatório Notas Fiscais Argentina - Simples","Relatório"
"PEDI7","Emissão de Etiqueta por Unidade de Produto por Plano de Produção - NIMO","Programa"
"PEDI8_NIMO","Etiqueta NIMO","Relatório"
"CFAB7","Emissão Ordem de Fabricação TERMOTEXTIL","Programa"
"CFAB11_TERMOTEXTIL","Emissão Ordem de Fabricação - TERMOTEXTIL","Relatório"
"FATU117","Log de estoque","Relatório"
"CONT79","Configuração Bloco K","Programa"
"CEXC1125","Demonstrativo de Comissões- Minuano","Programa"
"CEXC1127","Relatório Demonstrativo de Comissões - Minuano","Relatório"
"PEDI7","Emissão de Etiqueta por Unidade de Produto por Plano de Produção - KILDARE","Programa"
"CREC82","Recibo","Relatório"
"LFIS114","Tabela Código Ajuste - 5.1.1","Programa"
"FATU123","Nota Fiscal de Consumidor Eletrônica (NFC-e) Estab. 115","Programa"
"FATU30","Relatório Notas Fiscais","Relatório"
"CEXC1117","Relatório Notas Fiscais Matricial","Relatório"
"FATU58","Relatório de Carta de Correção","Relatório"
"FATU117","Relatório de Ocorrências de Faturamento","Relatório"
"TERC1","Remessa Conserto","Programa"
"PEDI1","Lote Produção Estoque - Correção de Couro (Beneficiamento)","Programa"
"RECE46","11= Recebimento de Remessa Quarteirização - Estab.grupo **JS_QUARTEIRIZAÇÃO-BA","Programa"
"ESTO112","Plano Abastecimento Materiais e Controle de Ordem de Fabricação (Marcio/Correção)","Programa"
"CFAB19_KRM","CFAB19_CURTUME - Emissão de OF","Relatório"
"PEDI113","Lote Produção Estoque","Relatório"
"PEDI57","Relatório Pedido de Venda - Resumido","Relatório"
"PEDI7_EXCEL","Emissão Etiqueta Excel","Programa"
"PEDI56","Relatório Pedido de Venda - Moveleiro (Openfield)","Relatório"
"PEDI5","Relatório Pedido de Venda - Calçadista (Openfield)","Relatório"
"PEDI136","Etiqueta KILDARE","Relatório"
"CFAB120","Conferência Etiqueta X Rótulo","Programa"
"PEDI52","Pedido de Venda- Moveleiro - Relatório Resumido","Programa"
"FATU3_EQUADOR","Notas Fiscais de Entrada - [MENU_CLASSE=FACTURA]","Programa"
"CFAB1","Apontamento de Ordem de Fabricação - MÚLTIPLOS PRODUTOS (sugere Produto) Frigorifico","Programa"
"FATU74","PGD Gera NF pelo Rótulo MTZ 3 Loc.11 - WILL","Programa"
"FATU14_TECNOCALZA_RETENCAO","Relatório Fatura","Relatório"
"FATU3_EQUADOR","Notas Fiscais de Entrada - [MENU_CLASSE=NOTA_CREDITO]","Programa"
"FATU14_TECNOCALZA_RETENCAO","Relatório Fatura","Relatório"
"FATU3_EQUADOR","Notas Fiscais de Entrada - [MENU_CLASSE=NOTA_DEBITO]","Programa"
"FATU14_TECNOCALZA_RETENCAO","Relatório Fatura","Relatório"
"FATU3_EQUADOR","Notas Fiscais de Entrada - [MENU_CLASSE=GUIA_REMISION]","Programa"
"FATU14_TECNOCALZA_RETENCAO","Relatório Fatura","Relatório"
"FATU3_EQUADOR","Notas Fiscais de Entrada - [MENU_CLASSE=COMPROBANTE_RETENCION]","Programa"
"FATU14_TECNOCALZA_RETENCAO","Relatório Fatura","Relatório"
"CFAB10","Estorno Apontamento de Ordem de Fabricação - MÚLTIPLOS PRODUTOS","Programa"
"FPAG79","Relatório Provisões","Programa"
"FPAG80","Rel. de Provisões Férias","Relatório"
"FATU91","Libera Faturamento de Comissões - Estab. 31","Programa"
"LFIS90","Geração de DARF","Programa"
"EPRO56","Ficha Técnica","Relatório"
"PEDI41","Emissão de Etiqueta por Unidade de Produto LAYOUT_ETIQUETA=CARMIM_STANDARD","Programa"
"CFAB23","Exclusão Apontamento de Rótulos (Processo 133)","Programa"
"EPRO34","Relatório Ficha Técnica Stefmary","Programa"
"CACE22","Emissão Crachás/Código de Barras - Kuntzler","Programa"
"CACE23","Emissão de Crachás - Kuntzler","Relatório"
"CACE24","Emissão de Código de Barras","Relatório"
"VEND92","Recibo de Pagamento de Comissões - Indenização","Relatório"
"EPRO35_STEFMARY","Ficha Técnica","Relatório"
"FATU3_EQUADOR","Notas Fiscais de Entrada - CREDITO - EQUADOR","Programa"
"ADMI228","Transportadora Preferencial","Programa"
"FATU14_TECNOCALZA_RETENCAO","Relatório Fatura","Relatório"
"FATU65","Importa Numero FCI","Programa"
"FATU16","Gera/Emissão Rótulo - Malu","Programa"
"FATU17_MALU","Rótulos","Relatório"
"FATU63","Gera Arquivo FCI","Programa"
"CONT71","Balanço Geral","Relatório"
"FATU67","Relatório Controle de FCI","Relatório"
"FATU66","Relatório Controle de FCI","Programa"
"FATU67","Relatório Controle de FCI","Relatório"
"PEDI31","Relatório Pedidos por Grade - Planilha Henrich","Programa"
"PEDI32","Relatório Pedidos por Grade (Pedido)","Relatório"
"PEDI33","Relatório Pedidos por Grade (Produto)","Relatório"
"PEDI39","Relatório Pedidos por Grade (Cliente)","Relatório"
"CONT81","Configuração da Conciliação Contábil","Programa"
"FATU996","Vinculação NFS Remessas Empréstimos Concedidos","Programa"
"ESTO117","Implantação de Saldos de Industrialização e Depósitos por Terceiros","Programa"
"ESTO116","Implantação de Saldo Semi-Acabado Bloco K","Programa"
"FATU2_PERU","Guía de Remisión - Shoe Trade Matriz","Programa"
"FATU73_PERU","Relatório de Guia de Remissão","Relatório"
"FATU73_PERU_REMISSION","Relatório de Guia de Remissão","Relatório"
"CLAB22","5 - Laudo Fiat","Relatório"
"CFAB101","Analise de Compras Matéria-Prima Couro / Fornecedor","Programa"
"CFAB1","Apontamento de Ordem de Fabricação - Will Expedição","Programa"
"FPAG93","Reajuste Salarial","Programa"
"FPAG112","Reajuste Salarial","Relatório"
"FATU2_EQUADOR","Notas Fiscais de Saída - GUZCALZA EQUADOR","Programa"
"FATU73_GUZCALZA","Relatório Notas Fiscais Matricial","Relatório"
"CUST21","Previsão de Resultado","Programa"
"FPAG65","11-Termo de responsabilidades interno","Relatório"
"FPAG66","12-Termo de Responsabilidade Salário Família","Relatório"
"FPAG67","13-Termo de Alteração Contratual","Relatório"
"FPAG68","14-Ficha de salário família","Relatório"
"FPAG69","15-Verso Ficha Salário Família","Relatório"
"FPAG70","16-Declaração de dependentes I.R.R.F.","Relatório"
"FPAG71","17-Recibo de entrega de C.T.P.S.","Relatório"
"FPAG72","18-Pedido de demissão trabalhado","Relatório"
"FPAG73","19-Pedido de demissão NÂO trabalhado","Relatório"
"FPAG74","20-Aviso prévio trabalhado","Relatório"
"FPAG75","21-Aviso prévio indenizado","Relatório"
"FPAG76","22-Comunicado de rescisão por término de contrato","Relatório"
"FPAG77","23-P.P.P.-Perfil Profissiográfico Previdenciário","Relatório"
"FPAG78","24-Prorrogação de Contrato","Relatório"
"FPAG166","25-Acordo Para Prorrogação de Horas Extras","Relatório"
"FPAG58","Relatório Recolhimento INSS c/ Estab Padrão","Programa"
"FPAG59","1-GUIA do INSS","Relatório"
"FPAG60","2-Resumo do INSS","Relatório"
"FPAG79","Relatório Provisões c/ Estab Padrão","Programa"
"FPAG80","Rel. de Provisões Férias","Relatório"
"FPAG81","Rel. Provisões de Décimo Terceiro","Relatório"
"FPAG39","Rel. Provisões 14º Salario","Relatório"
"FPAG79_HE","Relatório Provisões Negativas - Henrich c/ Estab Padrão","Programa"
"FPAG80","Rel. de Provisões Férias","Relatório"
"FPAG84","Relatório de Vencimentos e Descontos c/ Estab Padrão","Programa"
"FPAG85","Rel. Vencimentos e Descontos","Relatório"
"FPAG88","Acompanhamento de Salários c/ Estab Padrão","Programa"
"FPAG89","Rel. Acompanhamento de Salários","Relatório"
"COMP45","Cancelamento Saldo Solicitações de Pedidos","Programa"
"RECE18","Importação Chave de Acesso NF-e","Programa"
"CEXC1030","Reemissão Notas Fiscais de Transporte","Programa"
"ADMI138","Natureza Jurídica","Programa"
"CEXC1018","Rel. Reemissão Nota Fiscal Saída de Transporte","Relatório"
"CEXC1118","Geração de Manifesto Eletrônico de Documentos - MDF-e  (Novo)","Programa"
"CFAB59","Cópia de Ordem de Fabricação","Programa"
"FATU69","Romaneio - Edição","Programa"
"ADMI226","Código Receita","Programa"
"ESTO25","Plano Abastecimento Materiais - Remessa Industrialização - Marcio","Programa"
"ESTO26","Relatório Plano Abastecimento Materiais - Remessa Industrialização","Relatório"
"PEDI4","Liberação Pedidos Faturamento - LIBERAÇÃO  - Estab. 3","Programa"
"FATU15_BRISA","Relatório Notas Fiscais Matricial","Relatório"
"PEDI117","Relatório de Pendencias de Clientes","Relatório"
"PEDI4","Liberação Pedidos Faturamento - FATURAMENTO  - Estab. 3","Programa"
"FATU15_BRISA","Relatório Notas Fiscais Matricial","Relatório"
"PEDI117","Relatório de Pendencias de Clientes","Relatório"
"VEND5","Relatório Lista de Preço - 64 bits - Roberto","Programa"
"VEND6","Relatório Lista de Preço","Relatório"
"ADMI6_DT","Programas - DT","Programa"
"PEDI4","Liberação Pedidos Faturamento PEDI4 Emp 2 Estab 3 Loc 11 - LIBERAR_PED_SEM_PRODUCAO = S","Programa"
"CFAB23","Exclusão Apontamento de Rótulos (Processo 1026)","Programa"
"RECE46","03= Recebimento de Remessa Quarteirização - Estab.grupo **JS_QUARTEIRIZAÇÃO-LC","Programa"
"FATU137","Exportação de Vendas com Base no Faturamento","Programa"
"FATU139","Relatório Previsão Faturamento","Programa"
"CONT80","Conciliação Estoque x Contábil","Programa"
"CFAB65","Apontamento de Rótulos - outra empresa","Programa"
"FATU140","Relatório Previsão Faturamento","Relatório"
"CFAB7","c","Programa"
"CFAB11_MALU","Emissão Ordem de Fabricação - Amostras MALU","Relatório"
"PEDI44","Liberação Pedidos Faturamento - PEDI44 - Transportadora Preferencial","Programa"
"CFAB7","Emissão Ordem de Fabricação - Report CFAB19","Programa"
"CFAB19","Emissão Ordem de Fabricação","Relatório"
"ESTO125","Relatório Posição de Estoque Detalhado (Relatório Novo)","Programa"
"ESTO126","Relatório Posição de Estoque Detalhado (Relatório Novo)","Relatório"
"VEND107","Relatório Planejamento de Materiais Diário (NOVO)","Programa"
"VEND112","Relatório Planejamento Materiais Diário (NOVO)","Relatório"
"PEDI14","Importação Pedidos de Venda - EDI Gol","Programa"
"CPAG35","Log Importação Pedidos de Venda - EDI","Relatório"
"ADMI999","Monta Sql - Cliente","Programa"
"MPSP67","Relatório Plano Mestre de Produção com Posição Abastecimento","Programa"
"ESTO112","Plano Abastecimento Materiais e Controle de OF MP c/ Drawback (Marcio)","Programa"
"ESTO112","Plano Abastecimento Materiais e Controle de OF MP s/ Drawback (Marcio)","Programa"
"CFAB19_CURTUME_PADRAO","CFAB19_CURTUME - Emissão de OF","Relatório"
"MPSP68","Relatório Plano Mestre de Produção com Posição Abastecimento","Relatório"
"CFAB19_CURTUME_PADRAO","CFAB19_CURTUME - Emissão de OF","Relatório"
"FATU9","Devolução de Industrialização - Lançamento","Programa"
"RECE28","Gera Contra Nota Fiscal de Entrada","Programa"
"VEND39","Liberação Comercial - VEND39","Programa"
"CEXC1079","Relatório Controle Geral de Rendimentos","Programa"
"CACE4","Cadastro de Feriados","Programa"
"CACE6","2 - Importar Batidas do REP/Gerar Movimentos","Programa"
"CACE5","1 - Manutenção de Calendário","Programa"
"CACE7","Manutenção Escala de Jornada","Programa"
"FATU61","Monitor Notas Fiscais Eletrônicas","Programa"
"ADMI224","Dicionário","Programa"
"ADMI56","Categoria Pessoa","Programa"
"ESTO80","Emissão Etiqueta","Relatório"
"PEDI117","Relatório de Pendencias de Clientes","Relatório"
"ESTO80","Emissão Etiqueta","Relatório"
"CFAB7","Emissão Ordem de Fabricação HKUNTZLER","Programa"
"CFAB11_HKUNTZLER","Emissão Ordem de Fabricação","Relatório"
"FPAG98","Recibo Vale Transporte c/ Estab Padrão","Programa"
"CFAB22","Apontamento de Rótulos - Apontamento somente do Estoque","Programa"
"FATU14","Relatório Notas Fiscais","Relatório"
"CFAB23","Exclusão Apontamento de Rótulos (Processo 149)","Programa"
"ESTO43_POR_EMPRESA","Relatório Posição Estoque por Empresa com Custo","Relatório"
"FATU16","Geração/Emissão Rótulo - Ingles - 2 p\ Página","Programa"
"CFAB96","Extrato Máquina","Programa"
"CFAB97","Extrato Máquina","Relatório"
"PEDI132","Pro-Forma","Relatório"
"FATU3","12. Notas Fiscais de Entrada - Quarteirização","Programa"
"FATU15_ANTONIELLE","Relatório Notas Fiscais Matricial","Relatório"
"RECE26","Relatório Carta de Correção","Relatório"
"FATU64","Relatório Recibo","Relatório"
"ESTO111","Relatório Emissão de Lote","Relatório"
"FATU127","09= Retorno de Quarteirização.  **JS-Quarteirização","Programa"
"PEDI7","Emissão de Etiqueta por Produto - VIA MIA LTZ - ARGOX","Programa"
"PEDI8_VIA_MIA_LTZ","Emissão Etiqueta","Relatório"
"FATU134","Gera Notas Fiscais de Saída XML Romaneio [Estab. 115]","Programa"
"CFAB1","Apontamento de OF Leitor","Programa"
"CBAN69","Conciliação Bancária","Programa"
"CFAB90","Apontamento MultiTarefa - Frigorifico","Programa"
"PEDI4","Liberação Pedido Faturamento","Programa"
"CFAB52","Emissão Cartão Componente por Pedido Compra - KDR","Programa"
"FATU159","Emissão de LPN","Relatório"
"FATU155","Emissão de Talão","Relatório"
"CFAB116","Emissão Cartão Componente por Pedido Compra","Relatório"
"FATU15_HKUNTZLER","Relatório Notas Fiscais Matricial","Relatório"
"FATU14","Relatório Notas Fiscais","Relatório"
"CFAB1","Apontamento de ordem de fabricação","Programa"
"CFAB10","Estorno Apontamento de Ordem de Fabricação","Programa"
"EPRO15","Estruturação do Produto","Programa"
"ESTO136","Apontamento de Produção por Cortador","Programa"
"ESTO136","Exclusão de Apontamento de Produção por Cortador","Programa"
"CFAB65_PEGADA","Apontamento de Rótulos PEGADA - 191","Programa"
"SERV37","Avisos do CRM","Programa"
"PEDI7","Emissão de Etiqueta por Unidade de Produto por Plano de Produção - LEAL CALÇADOS","Programa"
"PEDI59","Emissão Etiqueta Leal Calçados","Relatório"
"FPAG90","Relação de Admitidos e Demitidos c/ Estab Padrão","Programa"
"FPAG91","Rel. Relação de Admitidos e Demitidos","Relatório"
"FPAG99","1 - Recibo Vale Transporte","Relatório"
"FPAG109","2 - Lista Vale Transporte","Relatório"
"FPAG110","3 - Resumo Vale Transporte","Relatório"
"FPAG111","4 - Lista Vale Transporte C/ Valor Desconto","Relatório"
"FPAG164","Arquivo Seguro Desemprego","Programa"
"CEXC1062","Informe Operaciones con Sujetos Relacionados","Programa"
"FATU6","Devoluções de Venda - Lcto- Não Controla Rótulo","Programa"
"ESTO26","Relatório Plano Abastecimento Materiais - Remessa Industrialização","Relatório"
"RECE7","Retorno de Remesa Maquilas","Programa"
"FATU107","EMISSÃO ROTULOS POR NF - PGD","Programa"
"FATU17_PEGADA_GRD_MARCAR","Emissão Rótulos com Documento Fiscal","Relatório"
"FATU17_PEGADA_GRD_MARCAR","Emissão Rótulos com Documento Fiscal - PEGADA","Relatório"
"PEDI134","Permissões para Manutenção de Pedidos","Programa"
"ESTO39","Relatório Solicitação de Necessidades","Relatório"
"PEDI8_MYRABEL","Emissão etiquetas","Relatório"
"ESTO36","Solicitação de Necessidades de Materiais - Não Obriga Plano Prod - Gera Compra","Programa"
"CFAB7","Emissão Ordem de Fabricação - WELLOUR","Programa"
"CFAB19_WEL","Emissão Ordem de Fabricação","Relatório"
"VEND80","Relatório Posição de Pedidos (Resumido)","Relatório"
"VEND78","Relatório Posição de Pedidos - Produto","Programa"
"VEND114","Relatório Posição de Pedidos (Detalhado)","Relatório"
"VEND110","Relatório Posição de Pedidos (Simplificado)","Relatório"
"MPSP5","Plano de Produção - Agrupa pedidos - WILL","Programa"
"FATU74","PGD Gera NF pelo Rótulo - GÃ LOC. 9895","Programa"
"FATU24","Emissão Rótulo pela NF - BRASPRESS - Relatório","Programa"
"FATU17_HKUNTZLER","Rótulos","Relatório"
"FATU17_PEGADA_GRD_MARCAR","Rótulos - PEGADA","Relatório"
"ADMI151","Geração do Arquivo Satra .in","Programa"
"PEDI8_TECNOCALZA_PDV","Emissão Etiqueta","Relatório"
"CFAB17","Emissão Cartão Componente - PEGADA_PROCESSOS","Programa"
"CFAB18_PEGADA_PROCESSOS","Emissão Cartão Componente","Relatório"
"CFAB18_PEGADA","Emissão Cartão Componente (Matricial)","Relatório"
"RHUM9","Funcionários c/ Estab","Programa"
"FPAG139","Advertência","Relatório"
"FPAG140","Suspensão","Relatório"
"FATU58","Relatório de Carta de Correção","Relatório"
"FATU117","Relatório de Ocorrências de Faturamento","Relatório"
"FATU14","Notas Fiscais de Saída","Relatório"
"PEDI44","Liberação Pedidos Faturamento - ESTAB 72099 PEDI44","Programa"
"PEDI41","Emissão de Etiqueta por Unidade de Produto TECNOCALZA PDV","Programa"
"CFAB65","Apontamento de Rótulos localização 11 - Apontamento Somente Dará Entrada No Estoque.","Programa"
"CFAB22","Apontamento de Rótulos - Apontamento somente do Estoque - Processo 261","Programa"
"ESTO13","Relatório Posição Estoque - 64 Bits","Programa"
"ESTO14","Relatório Posição Estoque","Relatório"
"LFIS129","Informativo de Composição de Custos ECF","Programa"
"ESTO43","Relatório Posição Estoque por Identificação","Relatório"
"ESTO44","Relatório Posição Estoque sem Reserva","Relatório"
"ESTO14_POR_EMPRESA","Relatório Posição Estoque por Empresa","Relatório"
"ESTO43_POR_EMPRESA","Relatório Posição Estoque por Empresa com Custo","Relatório"
"RECE51","Relatório de Impostos","Relatório"
"ESTO112","Plano Abastecimento Materiais e Controle de Ordem de Fabricação (Martin)","Programa"
"ADMI155","Consulta Constraints","Programa"
"MPSP74","Relatório Plano Mestre de Produção por Plano e Produto","Programa"
"CEXC1085","Importa Arquivo CRI","Programa"
"CFAB7","Emissão Ordem de Fabricação HENRICH AMOSTRAS","Programa"
"CACE22","Emissão de Crachás - WELLOUR","Programa"
"CACE23_WELL","Emissão de Crachás - Wellour","Relatório"
"CFAB11_HENRICH_AMOSTRAS","Emissão Ordem de Fabricação","Relatório"
"CLAB14","Laudos","Programa"
"EPRO34","Relatório Ficha Técnica - CURTUME","Programa"
"EPRO35_CURTUME","Ficha Técnica - CURTUME","Relatório"
"FATU6_PERU","Devolução de Vendas - Peru - NF CRÉDITO","Programa"
"RECE38","Livro de Retenciones","Programa"
"RECE40","Livro Retenção","Relatório"
"RECE38","Livros Retenciones- Detalhe Recibo","Programa"
"RECE41","Livros Retenciones- Detalhe Recibo","Relatório"
"LFIS100","Formato 6.1: Registro de Compras","Programa"
"LFIS101","Registro de Compras","Relatório"
"CBAN56","Relatório Demonstrativo de Retenções","Programa"
"CFAB7","Emissão Ordem de Fabricação - TINTAS","Programa"
"CBAN57","Relatório Demonstrativo de Retenções","Relatório"
"CFAB11_SEM_QUEBRA","Emissão Ordem de Fabricação","Relatório"
"SERV26_KND","Acompanhamento de visitas","Programa"
"SERV27_KND","Relatório Acompanhamento de visitas","Relatório"
"FATU2","PGD Notas Fiscais Saída Serie PZ","Programa"
"FATU30","Recibo de Locação","Relatório"
"FATU14","Relatório Notas Fiscais","Relatório"
"FATU117","Log de estoque","Relatório"
"CFAB65","Apontamento de Rótulos Novo -  Proc 330","Programa"
"PEDI44","Liberação Pedidos Faturamento Detalhado - Estab.11 Localização 22","Programa"
"FATU15_BRISA","Relatório Notas Fiscais Matricial","Relatório"
"PEDI117","Relatório de Pendencias de Clientes","Relatório"
"FATU13_ARGENTINA","Reemissão - Remito","Programa"
"FATU101","Relatório Remito Matricial","Relatório"
"PEDI4_OF","Liberação Pedidos Faturamento OF - LIBERAR_PED_SEM_PRODUCAO = 'S'(Deisy)","Programa"
"FATU15_BRISA","Relatório Notas Fiscais Matricial","Relatório"
"PEDI117","Relatório de Pendencias de Clientes","Relatório"
"COMP17","Plano de Necessidades de Compras","Relatório"
"CEXC126","Alfandegário","Programa"
"CPAG35","Log de Importação Produtos LINX","Relatório"
"CEXC1102","Importação Produtos LINX","Programa"
"FATU2_ARGENTINA","Nota Fiscal de Saída - FATURA","Programa"
"FATU75","1 - Relatório Notas Fiscais Argentina - Normal","Relatório"
"PEDI4_ARGENTINA","Liberação Pedidos Faturamento - Argentina Estab 33 Local 9878","Programa"
"FATU45_CADEIN","Relatório Pré-Venda","Relatório"
"ESTO25","1 - Plano Abastecimento Materiais - Remessa Industrialização","Programa"
"FATU16","Gera/Emissão Rótulo Unidade Armazenamento - FATU17_ESTOF_2PAG_ME_ING_EXP","Programa"
"FATU104","Devoluções de Venda LCTO - FATU104 - EST. 115 [Processo Novo]","Programa"
"ESTO26","Relatório Plano Abastecimento Materiais - Remessa Industrialização","Relatório"
"ESTO71","2 - Gera Nota Fiscal Abastecimento Materiais - Remessa Industrialização","Programa"
"FATU2","3 - Notas Fiscais de Saída - Monitor","Programa"
"FATU30","Relatório Notas Fiscais","Relatório"
"FATU108","Cadastro de Percurso","Programa"
"FATU30","Relatório Recibo de Locação","Relatório"
"EPRO49","12 - Classificação","Programa"
"FATU74","Gera Nota Fiscal Rótulo - Estab107 - Loc 5105","Programa"
"MPSP29_CADEIN","Plano Mestre de Produção por Modelo","Relatório"
"PEDI44","PGD Lib. Pedidos Faturamento MTZ 115 Loc.5108 LIVRE","Programa"
"FATU15_BRISA","Relatório Notas Fiscais Matricial","Relatório"
"PEDI117","Relatório de Pendencias de Clientes","Relatório"
"CACE27","Relatório Banco de Horas","Relatório"
"CLAB6","07 - Listas de Análise","Programa"
"FATU17_HKUNTZLER","Emissão Rótulos","Relatório"
"PEDI44","PGD Lib. Pedidos Faturamento MTZ 115 Loc.5108 NF AGRU.","Programa"
"FATU15_BRISA","Relatório Notas Fiscais Matricial","Relatório"
"PEDI117","Relatório de Pendencias de Clientes","Relatório"
"FATU73_PERU_REMISSION","Relatório de Guia de Remissão","Relatório"
"CEXC31_NMO","Relatório Kardex - Nimo","Programa"
"CEXC32_NMO","Relatório de Lançamentos Nimo","Relatório"
"FATU22","Emissão Rótulo UA TECNOCALZA Report","Programa"
"FATU17_TECNOCALZA","Rótulo Tecnocalza","Relatório"
"FATU58","Relatório de Carta de Correção","Relatório"
"FATU117","Relatório de Ocorrências de Faturamento","Relatório"
"FATU14","Notas Fiscais de Saída","Relatório"
"CFAB66_CRST","Apontamento de Ordem de Fabricação - Automático - CRST","Programa"
"FATU15_HKUNTZLER","Notas Fiscais de Saída","Relatório"
"FATU3","Notas Fiscais de Entrada - Monitor","Programa"
"TERC13","Relatório de Recibos","Relatório"
"FATU14","Relatório Notas Fiscais","Relatório"
"FATU15_ANTONIELLE","Relatório Notas Fiscais Matricial","Relatório"
"RECE26","Relatório Carta de Correção","Relatório"
"FATU64","Relatório Recibo","Relatório"
"ESTO111","Relatório Emissão de Lote","Relatório"
"ESTO112","Plano Abastecimento Materiais e Controle de Ordem de Fabricação (Marcio)..","Programa"
"CFAB19_CURTUME_PADRAO","CFAB19_CURTUME - Emissão de OF","Relatório"
"ESTO25","1 - Plano Abastecimento Materiais - Remessa Industrialização c/Nota","Programa"
"ESTO26","Relatório Plano Abastecimento Materiais - Remessa Industrialização","Relatório"
"EPRO54","Descritivos Técnicos","Programa"
"CPRO8_CRISTIANO","Relatório Análise ABC de Eventos (Crisitano)","Programa"
"CPRO19","Relatório Análise ABC de Eventos (Gráfico)","Relatório"
"PEDI7","Emissão de Etiqueta por Unidade de Produto por Plano de Produção - PEGADA","Programa"
"PEDI8_PEGADA","Etiqueta PEGADA","Relatório"
"FATU45_PEGADA","Romaneio Pegada","Relatório"
"CBAN36_ESP","Relatório Cheque","Relatório"
"PEDI4","Liberação Pedidos Faturamento - ESTAB 1","Programa"
"CBAN21_SICOOB","BB","Relatório"
"FATU12","Transferências p/ MTZ","Programa"
"FATU104","Devoluções de Venda EMIS- fatu104 - FL01 117","Programa"
"FPAG123","Cheque Banco do Brasil","Relatório"
"CBAN21_SICOOB","Cheque Sicoob","Relatório"
"CEXT91","Relatório de Despesas de Exportação","Programa"
"PEDI123","Relatório de Alteração de Categoria Entrega Rótulos","Programa"
"PEDI124","Relatório de Alteração de Categoria Entrega Rótulos","Relatório"
"PEDI115","Relatório Pedidos Prontos para Faturar (Localização)","Programa"
"PEDI126","Relatório Pedidos Prontos para Faturar (Localização)","Relatório"
"PEDI125","Relatório Pedidos Prontos para Faturar (resumido)","Relatório"
"CEXT92","Relatório de Despesas de Exportação","Relatório"
"CREC22","Emissão de Bloquetos - Banrisul CNAB400","Programa"
"FATU15_BRISA","Relatório Notas Fiscais Matricial","Relatório"
"CREC25_BANRISUL","Boleto Gráfico - Banrisul","Relatório"
"FATU17_PEGADA","Rótulos","Relatório"
"ESTO114","Relatório Plano Abastecimento Materiais","Relatório"
"FATU3_EQUADOR","Factura Entrada - Compras","Programa"
"FATU2_EQUADOR","Facturas Salida - Venta","Programa"
"FATU12","Transferencia","Programa"
"FPAG178","Emissão de Cheques","Programa"
"RECE2","1 - Operações Faturamento","Programa"
"PEDI4_ARGENTINA","3 - Liberação Pedidos Faturamento - Argentina Estab 3 Local 16 NEGRO","Programa"
"FATU45_CADEIN","Relatório Pré-Venda","Relatório"
"FATU6","4 - Devoluções de Consignação - Lançamento - Argentina","Programa"
"FATU119_ARGENTINA","5 - Gera Nota Fiscal de Saída Consignação - ARGENTINA","Programa"
"RECE2","2 - Operações Recebimento","Programa"
"ADMI238","Vínculo de localizações","Programa"
"PEDI4_ARGENTINA","Liberação Pedidos Faturamento - NEGRO - Estab 3 Local 16","Programa"
"FATU45_CADEIN","Relatório Pré-Venda","Relatório"
"PEDI4_ARGENTINA","Liberação Pedidos Faturamento - BRANCO - Estab 33 Local 9878","Programa"
"FATU45_CADEIN","Relatório Pré-Venda","Relatório"
"FATU2_ARGENTINA","Nota Fiscal de Saída","Programa"
"FATU75","1 - Relatório Notas Fiscais Argentina - Normal","Relatório"
"FATU99","2 - Relatório Notas Fiscais Argentina - Simples","Relatório"
"FATU100","3 - Relatório Notas Fiscais Débito Argentina","Relatório"
"FATU101","5 - Relatório Notas Fiscais Argentina - Remito","Relatório"
"PREC34","Cadastro de Tempos de Setup por Recurso","Programa"
"RECE45","4 - Retornos de Remessa Industrialização - Distribuição Automática dos Materias de Retorno [EMIS]","Programa"
"ESTO115","Reclassificação de Produtos -  PERMITE_ALTERACAO_QTD_SEC_LOTE - S","Programa"
"PEDI117","Relatório de Pendencias de Clientes","Relatório"
"CFAB90","Apontamento MultiTarefa - Curtume - Simplificado","Programa"
"SERV23","Relatório de Pedido","Relatório"
"MIND28","Solicitação de Manutenção","Relatório"
"SFP12330","ficha de avaliação","Programa"
"CEXC1077","Relátorio Produção Pronto","Relatório"
"FATU94","Cadastro de Config. Especial (Operações)","Programa"
"PEDI7","Emissão de Etiqueta por Unidade de Produto por Plano de Produção - TECNOCALZA","Programa"
"ESTO98","Relatório Rótulos Local de Armazenagem","Relatório"
"PEDI8_TECNOCALZA","Emissão Etiqueta Tecnocalza","Relatório"
"RECE32","Cadastro de Configuração Especial de Operações - Recebimentos","Programa"
"CFAB23","Exclusão Apontamento de Rótulos (Processo 173)","Programa"
"PREC29_ADOC","Ficha de Operações por Produto","Relatório"
"ADMI260","Cadastro de Usuários","Programa"
"FATU123_EQUADOR","Nota Fiscal de Consumidor Eletrônica (NFC-e) - Equador","Programa"
"FATU30","Relatório Notas Fiscais","Relatório"
"CEXC1117","Relatório Notas Fiscais Matricial","Relatório"
"FATU58","Relatório de Carta de Correção","Relatório"
"FATU117","Relatório de Ocorrências de Faturamento","Relatório"
"VEND110","Relatório Posição de Pedidos (Simplificado)","Relatório"
"FATU2","Notas Fiscais de Saída - CORRETO","Programa"
"FATU37_PIAGUI","Relatório Notas Fiscais Matricial","Relatório"
"PEDI5","Pedido de Venda","Relatório"
"PEDI5_UM_SECUNDARIA","Pedido de Venda Qtd Secundária.","Relatório"
"PEDI132","Relatório PróForma","Relatório"
"ESTO25","Plano Abastecimento Materiais - Requisição - 3 PARAMETROS","Programa"
"ESTO26","Relatório Plano Abastecimento Materiais - Necessidades","Relatório"
"COMP5","Recebimento de Pedidos de Compra - Pré-Recebimento - Gã","Programa"
"CFAB90","Apontamento MultiTarefa - Curtume - EXPEDIÇÃO, SUGERE_QUANTIDADE_PRIMARIA = O","Programa"
"COMP32","Relatório de Inspeção","Relatório"
"MIND27","Solicitação/Ordem de Serviços de Manutenção (Controle Atividade)","Programa"
"VEND109","Marcas","Programa"
"MIND37","Solicitação de Manutenção (Controle Atividade)","Relatório"
"MPSP2_OLD","Planejamento - OLD","Programa"
"ESTO31_OKS","Relatório Análise Consumo Previsto x Realizado","Relatório"
"ESTO128","Relatório Análise Consumo Previsto x Realizado (Produto/Solicitante)","Relatório"
"PEDI1","Lote Produção Estoque - Abate - Simplificado","Programa"
"PEDI113","Lote Produção Estoque","Relatório"
"PEDI1","Lote Produção Estoque - Embalagens","Programa"
"PEDI113","Lote Produção Estoque","Relatório"
"MPSP5","Plano de Produção FRIG","Programa"
"CFAB7","Emissão Ordem de Fabricação KILDARE 2XPAGINA","Programa"
"CFAB11_HKUNTZLER_2_OFS_PAGINA","Emissão Ordem de Fabricação Kildare","Relatório"
"RECE48","Relatório de Recebimentos - Cidade/Produto","Relatório"
"FATU152","Cadastro de Tipos de Leitura","Programa"
"COMP3","Pedidos de Compra Adoc","Programa"
"CEXC1074","Pedidos de Compra Adoc","Relatório"
"ADMI90","Rota de Transporte (Faturamento)","Programa"
"CEXC1075","Pedidos de Compra Adoc","Relatório"
"CBAN71","Gera Arquivo Integração C.R. (QUESTOR)","Programa"
"FATU160","Numeração de Notas Fiscais Equador","Programa"
"ESTO25","Plano Abastecimento Materiais - Transferencia c/Estoque KLD","Programa"
"ESTO26","Relatório Plano Abastecimento Materiais - Simples Remessa","Relatório"
"FATU104","Devoluções de Venda - KILDARE - EMISSÃO","Programa"
"CEXC1059","4 Lançamentos Contábeis - Resumido por Registro","Relatório"
"CEXC1024","Nota Fiscal de Entrada - Padrão","Programa"
"CFAB1","Apontamento de Ordem de Fabricação - MÚLTIPLOS PRODUTOS LEITOR","Programa"
"CACE13","Relatório de Funções","Relatório"
"PEDI7","Emissão de Etiqueta por Unidade de Produto por Plano de Produção - VIVO_CABIDE DATAMAX","Programa"
"ADMI235","Comissões","Programa"
"CPRO5","Relatório Análise de Eventos 64B","Programa"
"CFAB7","Emissão Ordem de Fabricação Pegada","Programa"
"CFAB11_HKUNTZLER_2_OFS_PAGINA","Emissão Ordem de Fabricação","Relatório"
"FPAG130","Tabela 17 - Descrição da Natureza da Lesão","Programa"
"FPAG131","Tabela 18 - Motivos de Afastamento","Programa"
"FPAG132","Tabela 19 - Motivos de Desligamento","Programa"
"ADMI234","Tipo de Desconto","Programa"
"CREC71","Livro Razão (Lista saldo documento)","Relatório"
"CEXC1129","Relatório de Inspeção Final","Relatório"
"CEXT80","Relatório Liquidação de Processos Resumido","Relatório"
"FPAG47","Arquivo SEFIP","Programa"
"FPAG52","01-Ficha de Registro","Relatório"
"FATU2","Notas Fiscais de Saída - Serviço","Programa"
"VEND85","Relatório Demonstrativo Cálculo de Comissões","Programa"
"VEND86","Relatório Demonstrativo Cálculo de Comissões","Relatório"
"MPSP2","Planejamento - Recurso base 204","Programa"
"CREC38_TEA","Emissão Carta de Anuência - Terra & Água","Relatório"
"CREC36","Emissão Carta de Anuência - Terra & Água","Programa"
"LFIS84","Relatório Consolidação PIS/COFINS por CST - ENTRADAS - por CFOP","Relatório"
"CEXC1111","Importa Resposta Notas Fiscais de Saída de Transporte CT-e","Programa"
"LFIS83","Relatório Consolidação PIS/COFINS por CST - SAÍDAS - por CFOP","Relatório"
"CPAG7_IREPORT","Relatório Documentos","Programa"
"CPAG8_IREPORT","Relatório Documentos","Relatório"
"FATU15_RECREO","Relatório Notas Fiscais Matricial","Relatório"
"FATU2_EQUADOR","Nota Fiscal de Saída - FATURA - EQUADOR","Programa"
"FATU74","Gera Nota Fiscal Rótulo - Estab3 - Loc 16","Programa"
"VEND98","Ajuste de Preços","Programa"
"FATU72_TECNOCALZA","Relatório Nota de Devolução - Matricial","Relatório"
"RECE7","Retornos de Remessa Industrialização - Pré-Nota","Programa"
"FATU3_EQUADOR","Notas Fiscais de Entrada - EQUADOR","Programa"
"FATU14_TECNOCALZA","Relatório Fatura","Relatório"
"FATU3_EQUADOR","Notas Fiscais de Entrada - DEVOLUÇÃO - EQUADOR","Programa"
"RECE8","Relatório Retornos de Remessa Industrialização","Relatório"
"MPSP46","Ordem de Fabricação - Geração e Abastecimento (Jean - Pedido 16560)","Programa"
"CFAB11_MINUANO","Emissão Ordem de Fabricação","Relatório"
"ESTO81","Emissão Relatório","Relatório"
"ESTO80","Emissão Etiqueta","Relatório"
"MPSP27","Relatório Plano Mestre de Produção por Modelo","Programa"
"MPSP28_ALEANZA","Plano Mestre de Produção por Modelo","Relatório"
"MPSP29_ALEANZA","Plano Mestre de Produção por Modelo","Relatório"
"CEXC57","Relatório Romaneio de Embarque","Programa"
"CEXC71","Relatório Romaneio de Embarque","Relatório"
"CEXC53","Plano Mestre de Produção com Complemento","Programa"
"CEXC60","Gera Arquivo NF","Programa"
"CEXC58","Relatório Romaneio de Embarque","Relatório"
"CBAN2","Operações","Programa"
"CBAN4","Configuração de Pagamentos","Programa"
"CONT86","Formato 5.2: Livro Diário Simplificado","Programa"
"CONT91","Formato 5.2: Livro Diário Simplificado","Relatório"
"CFAB170","Analise de Compras Matéria-Prima Couro / Fornecedor","Relatório"
"EPRO15","Estruturação do Produto","Programa"
"CEXC1053","Arquivos - Provedores Estrangeiros","Programa"
"CEXC1064","Relatório Comprovação DRAWBACK","Programa"
"CEXC1065","Relatório de Comprovação DRAWBACK","Relatório"
"FPAG24","Lançamentos Auxiliares","Programa"
"FATU16","Gera/Emissão Rótulo Unidade Armazenamento Padrão - Pedido","Programa"
"FPAG83","Pagamento Eletrônico","Programa"
"FATU17_PADRAO","Rótulo Unidade Armazemamento","Relatório"
"PEDI44","Liberação Pedidos Faturamento GERA_ITEM_POR_TAMANHO","Programa"
"CEXC1103","Importação Cotações LINX","Programa"
"CPAG35","Log de Importação Cotações LINX","Relatório"
"ESTO99999_ZERADOR","Zerador de encerramento","Programa"
"PEDI41","Emissão de Etiqueta por Unidade de Produto Bolsas LTZ","Programa"
"PEDI5","Pedido de Venda","Relatório"
"PEDI5_UM_SECUNDARIA","Pedido de Venda Qtd Secundária.","Relatório"
"ESTO113","Relatório Plano Abastecimento Materiais","Programa"
"PEDI1","Pedidos de Venda HEAVEN","Programa"
"FATU123","Nota Fiscal de Consumidor Eletrônica (NFC-e)","Programa"
"FATU30","Relatório Notas Fiscais","Relatório"
"CEXC1117","Relatório Notas Fiscais Matricial","Relatório"
"FATU58","Relatório de Carta de Correção","Relatório"
"FATU117","Relatório de Ocorrências de Faturamento","Relatório"
"CONT92","Códigos Pagamento REINF","Programa"
"MPSP5_DT","Plano de Produção -  Normal - DT","Programa"
"CBAN63","Relatório Previsto Financeiro Est. p/Cta. Orçamentária","Programa"
"CBAN64","À Realizar por Conta Orçamentária - Por Período","Relatório"
"TERC10","Gera Notas Fiscais Remessa Industrialização - GÃ","Programa"
"TERC1","Remessa (Estab 71671)","Programa"
"FATU124","Importação de Notas Fiscais de Entrada por XML","Programa"
"CNTR3","Relatório de Propostas\Contratos","Relatório"
"FATU129_PDS","Relatório Guia Remission","Relatório"
"CFAB22","Apontamento de Rótulos (Processo 157)","Programa"
"ESTO78","Plano Abastecimento Materiais - Requisição","Relatório"
"PEDI44","Liberação Pedidos Faturamento - PEDI44 - GÃ","Programa"
"FATU149","Controle de Medições com Integração com a Medidora","Programa"
"PEDI14_GNT","Importação Pedidos de Venda - EDI (GNT)","Programa"
"PEDI131","Log Importação Pedidos de Venda - EDI (LTZ)","Relatório"
"CFAB1","Apontamento de Ordem de Fabricação - Intervalo","Programa"
"PEDI8_GNT","Emissão de Etiqueta","Relatório"
"FATU159","Emissão de LPN","Relatório"
"FATU155","Emissão de Talão","Relatório"
"EPRO73","Vínculo Produto/Produto Satra","Programa"
"RECE50","Gera Contra Nota Fiscal de Entrada - Frigorífico","Programa"
"FPAG141","Requisição de Benefício por Incapacidade c/ Estab Padrão","Programa"
"FPAG142","Requisição de Benefício por Incapacidade","Relatório"
"FPAG147","Etiquetas para CTPS c/ Estab Padrão","Programa"
"FPAG182","Cheque Banco do Brasil - Impressão Gráfica","Relatório"
"CFAB7","Emissão Ordem de Fabricação - AMCM","Programa"
"ESTO26","Relatório Plano Abastecimento Materiais - Remessa Industrialização","Relatório"
"CFAB19_AMC","Emissão Ordem de Fabricação","Relatório"
"FATU77","1 - Cadastro de Motoristas","Programa"
"FATU78","3 - Cadastro de Veiculos","Programa"
"FATU80","4 - Configuração de Manifesto de Cargas","Programa"
"CEXC1020","Manifesto de Cargas","Relatório"
"FATU81","7 - Consulta e Cancelamento do MDF-e","Programa"
"PEDI1","Pedidos de Venda - Simplificado","Programa"
"MPSP5","Plano de Produção - Roberto","Programa"
"FATU79","5 - Geração de Manifesto Eletrônico de Documentos - MDF-e","Programa"
"PEDI5","Pedido de Venda","Relatório"
"COMP63","Posição de Entregas - Agrupamento Pedido","Relatório"
"PEDI53","Status de Entrega","Programa"
"ESTO25","Plano Abastecimento Materiais - Remessa Industrialização - NIMO","Programa"
"ESTO26","Relatório Plano Abastecimento Materiais - Remessa Industrialização","Relatório"
"ADMI255","Controle de Embarque - Open","Programa"
"FVEN11","1-Grupo de Tarifa","Programa"
"FVEN10","3-Tarifas","Programa"
"PEDI14_MLA","Importação Pedidos de Venda - EDI (MLA MR.CAT)","Programa"
"PEDI131","Log Importação Pedidos de Venda - EDI (LTZ)","Relatório"
"MPSP46","OF - Geração e Abast (Acabamento Soubach)","Programa"
"CFAB11_SEM_QUEBRA","Emissão Ordem de Fabricação","Relatório"
"ESTO109","Emissão Relatório","Relatório"
"ESTO80","Emissão Etiqueta","Relatório"
"ESTO112","Plano Abast Materiais e Controle de OF C/APONT - LOC 16","Programa"
"CFAB19_CURTUME_PADRAO","CFAB19_CURTUME - Emissão de OF","Relatório"
"FATU15_HKUNTZLER","Rel NF","Relatório"
"CEXC1128","Facturas Entrada - Complementar Nueva","Programa"
"CFAB1","Apontamento de Talão - Gera Rótulo Talão - Loc 56 (2ª)","Programa"
"FATU155","Emissão de Etiqueta","Relatório"
"ESTO89","Manutenção de Rótulos - LOTE","Programa"
"FATU17_PEGADA","FATU17_PEGADA","Relatório"
"ESTO118","Relatório de Log - Manutenção de Rótulos","Relatório"
"CFAB1","Apontamento de Talão - Gera Rótulo Talão - Loc 16 (1ª) - Multiplos Produtos","Programa"
"FATU155","Emissão de Etiqueta","Relatório"
"CPRO26","Relatório Análise de Eventos - Quantidade Secundária","Relatório"
"CFAB88","Relatório Produção Diário","Relatório"
"EPRO15","x_Adoc_Birth Certificate","Programa"
"FPAG148","Etiquetas para CTPS","Relatório"
"FPAG167","Ficha de Avaliação c/ Estab Padrão","Programa"
"FPAG168","Ficha de Avaliação","Relatório"
"FPAG169","Relatório Resumido Por Idade/Sexo c/ Estab Padrão","Programa"
"FPAG170","Relatório Resumido por Idade/Sexo","Relatório"
"FPAG173","Relatório Ficha Financeira c/ Estab Padrão","Programa"
"FPAG174","Relatório Ficha Financeira","Relatório"
"FPAG21","Lista Resumida Documentos Funcionário c/ Estab Padrão","Programa"
"FPAG22","Lista Resumida Documentos Funcionário","Relatório"
"FPAG29","Lista Resumida de Funcionário c/ Estab Padrão","Programa"
"FPAG30","Lista Resumida de Funcionário","Relatório"
"FPAG180","Lista Resumida de Funcionário Atividades","Relatório"
"FPAG34","Comunicado de Dispensa c/ Estab Padrão","Programa"
"FPAG35","Comunicado de Dispensa","Relatório"
"FPAG36","Recibos c/ Estab Padrão","Programa"
"FPAG37_AMCM","01-Mensal - Recibo de Pagamento","Relatório"
"FPAG41","02-Termo de Rescisão","Relatório"
"FPAG42","03-Termo de Rescisão - Quitação","Relatório"
"FPAG43","04-Termo de Rescisão - Homologação","Relatório"
"FPAG45","06-Férias - Aviso","Relatório"
"FPAG46_BRI","07-Férias - Solicitação de Abono","Relatório"
"FPAG44_HNR","05-Férias - Recibo","Relatório"
"FPAG115","08-Recibo Pagamento Matricial","Relatório"
"FPAG124_AMCM","09-Recibo com Ponto","Relatório"
"FPAG149","11-Lista Adiantamento Quinzenal - Tecnocalza","Relatório"
"FPAG153","12-Recibo Semanal","Relatório"
"FPAG165","13-Relatório Analítico de Rescisão","Relatório"
"FPAG179","14-Recibo com Ponto e Atividades Diárias","Relatório"
"FPAG38","Folha de Pagamento c/ Estab Padrão","Programa"
"CBAN45_ARGENTINA","Pagamentos - Argentina Cadein","Programa"
"CBAN47_ARGENTINA","Recibo de Pagamento - Detalhado","Relatório"
"CBAN21_BB_LASER","Cheque BB Laser","Relatório"
"FPAG123","BB","Relatório"
"FATU2_150","Notas Fiscais de Saída - Monitor - PATCH 152","Programa"
"VEND121","Liberação Comercial Detalhada (VEND121) - Openfield","Programa"
"ESTO25","Plano Abastecimento Materiais - Requisição (- PARÂMETROS)","Programa"
"ESTO26","Relatório Plano Abastecimento Materiais - Necessidades","Relatório"
"ESTO78","Relatório Plano Abastecimento Materiais - Necessidades","Relatório"
"ESTO4","Requisição com Ordem de Serviço","Programa"
"FPAG154","Relatório Ocorrências Fixas","Programa"
"CFAB7","Emissão Ordem de Fabricação - CADEIN","Programa"
"CFAB19_CADEIN","CFAB19_CADEIN","Relatório"
"FPAG157","Convênios Médicos","Relatório"
"CFAB75","Posição do Plano de Produção (Plano/Construção)","Relatório"
"CFAB76","Posição do Plano de Produção(Plano/Construção/Modelo)","Relatório"
"CFAB77_SEM_PLANO","Posição do Plano de Produção (Construção/Modelo/Produto)","Relatório"
"FATU111","Encerramento Notas Fiscais Remessa","Programa"
"PEDI45","Ocorrências na Importação AFV","Programa"
"CREC54","Remessa Cobrança Judicial(ANGEZA)","Programa"
"PEDI1","Pedidos de Venda PEGADA calcula comissão","Programa"
"PEDI58","Pedido de Venda","Relatório"
"FATU2_PERU","Guía de Remisión - BFX - Estab 611 / 9880","Programa"
"COMP5","Recebimento de Pedidos de Compra - PRÉ-NOTA","Programa"
"COMP32","Relatório de Inspeção","Relatório"
"PEDI1","Pedidos de Venda PERU","Programa"
"PEDI5","Pedido de Venda","Relatório"
"FATU3_150","Notas Fiscais de Entrada - Monitor - PATCH 152","Programa"
"FATU14","Relatório Notas Fiscais","Relatório"
"FATU15_ANTONIELLE","Relatório Notas Fiscais Matricial","Relatório"
"RECE26","Relatório Carta de Correção","Relatório"
"FATU30","Relatório Notas Fiscais","Relatório"
"CEXC1117","Relatório Notas Fiscais Matricial","Relatório"
"FATU58","Relatório de Carta de Correção","Relatório"
"FATU64","Relatório Recibo","Relatório"
"ESTO25","Plano Abastecimento Materiais - Rel. Padrão","Programa"
"PEDI61","Relatório Pedidos para Encaixotamento p/ O.F. - Gass","Relatório"
"FATU16","Geração/Emissão Rótulo - Avulsos","Programa"
"ESTO26","Relatório Plano Abastecimento Materiais - Necessidades","Relatório"
"ESTO78","Relatório Plano Abastecimento Materiais - Necessidades","Relatório"
"ESTO80","Etiquetas","Relatório"
"ESTO81","Relatório de Formulações","Relatório"
"FATU12","Transferências - Sem parâmetros","Programa"
"FATU17_HENRICH","Relatório Rótulos Henrich","Relatório"
"FATU17_PEGADA","FATU17_PEGADA","Relatório"
"PEDI62","Relatório Pedidos para Encaixotamento p/ O.F. - Gass","Programa"
"ADMI246","Cancelamento Importação Documento de Cobrança - DOCCOB","Programa"
"TERC15","Relatório de Pagamento à Ateliers Resumido","Relatório"
"EPRO64","Configuração de Campos - Estruturação de Produtos","Programa"
"FATU17_PADRAO","Rótulo Unidade Armazemamento","Relatório"
"FATU73_PDS_REMISSION","Relatório de Guia de Remissão","Relatório"
"PEDI4_PERU","Liberação Faturamento - BFX - Estab 611 / 9880","Programa"
"FPAG166","25-Acordo Para Prorrogação de Horas Extras","Relatório"
"FATU15_BRISA","Relatório Notas Fiscais Matricial","Relatório"
"FATU14_PERU_REMISSION","Relatório de Guia de Remissão","Relatório"
"PEDI117","Relatório de Pendencias de Clientes","Relatório"
"PEDI4","Liberação Pedidos Faturamento - Sem Produção ESTAB 3 LOCAL 11","Programa"
"FATU15_BRISA","Relatório Notas Fiscais Matricial","Relatório"
"COMP5","Recebimento de Pedidos de Compra - Sugere Quantidade Entrega Lote - Adoc","Programa"
"EPRO68","Configuração de Alteração da Lista de Materiais","Programa"
"COMP32","Relatório de Inspeção","Relatório"
"CFAB7","Emissão de Talão  TermoTextil","Programa"
"CFAB11_TERMOTEXTIL","Emissão de Talão","Relatório"
"FATU127","Retorno de Quarteirização.","Programa"
"CPAG5","Lançamentos Contas a Pagar - Moeda Dolar","Programa"
"FATU104","Devoluções de Venda EMIS- fatu104 - ESTAB_PADRAO_FATURAMENTO 115","Programa"
"CFAB106","Manutenção de Transferência OF","Programa"
"MIND27","Solicitação/Ordem de Serviços de Manutenção","Programa"
"MIND28","Solicitação de Manutenção","Relatório"
"TERC1","04-Remessa (Calçados) ** JS-Quarteirização","Programa"
"FATU144","6 - Importação de Resposta MDF-e","Programa"
"ESTO132","Relatório Saldos por Linha e Modelo - Imagem","Relatório"
"ESTO133","Relatório Saldos por Linha, Modelo e Rótulo - Imagem","Relatório"
"ESTO134","Relatório de Saldos por Pedido de Venda - Imagem","Relatório"
"PEDI58","Relatório pedido de venda","Relatório"
"PEDI1","Pedidos de Venda Primevo","Programa"
"PEDI4","Liberação Pedidos Faturamento Emp 1 Estab 31 (Operação 118 c/ 923) - Equador","Programa"
"PEDI132","Pro-Forma","Relatório"
"PEDI117","Relatório de Pendencias de Clientes","Relatório"
"VEND107","Relatório Planejamento de Materiais Diário (NOVO) - VEND108","Programa"
"VEND108","Relatório Planejamento Materiais Diário(NOVO) - VEND108","Relatório"
"FPAG107","Demonstrativo Resumido de Funcionários c/ Estab","Programa"
"CPRO24","Emissão de Laudos","Programa"
"FPAG108","Demostrativo Resumido de Funcionários","Relatório"
"FPAG113","Relatório Término de Contrato c/ Estab","Programa"
"FPAG114","Rel. Término de Contrato","Relatório"
"FPAG39","Rel. Folha de Pagamento (Normal)","Relatório"
"FPAG40","Rel. Folha de Pagamento (Tipo Evento Agrupado)","Relatório"
"FPAG82","Rel. Folha de Pagamento (Resumido)","Relatório"
"FPAG51","Admissionais/Demissionais c/ Estab Padrão","Programa"
"FPAG52","01-Ficha de Registro","Relatório"
"FPAG53","02-A.S.O.","Relatório"
"FPAG54","03-Contrato de Trabalho (experiência)","Relatório"
"FPAG55","04-Termo de Compensação de Horas","Relatório"
"FPAG56","05-Pedido de não inclusão ou cancelamento de Vale Transporte","Relatório"
"FPAG57","06-Declaração de deslocamento(Vale Transporte)","Relatório"
"FPAG61","07-Contrato de confiança","Relatório"
"FPAG62","08-A.S.O. Ficha Clínica","Relatório"
"FPAG63","09-Autorização de descontos","Relatório"
"CFAB7","Emissão Ordem de Fabricação Curtume (ESTOFAMENTO)","Programa"
"FPAG107","Demonstrativo Resumido de Funcionários","Programa"
"PATR31","Cálculo Apropriação PIS-COFINS","Programa"
"FATU16","Gera/Emissão Rótulo Unidade Armazenamento - Pedidos TECNOCALZA","Programa"
"FATU17_TECNOCALZA","Relatório Rótulos","Relatório"
"PROJ4","Cronograma de Projeto","Relatório"
"CFAB30","Emissão Talão (+PROCESSO)","Programa"
"CFAB31","Emissão Talão","Relatório"
"CFAB10","Estorno Apontamento de Ordem de Fabricação- 78","Programa"
"COMP3_MCM","Pedidos de Compra com Cotação MCM","Programa"
"COMP9","Pedidos de Compra","Relatório"
"FATU173","2","Relatório"
"CFAB30","Emissão de talão Pacific TST","Programa"
"FATU70","Romaneio","Relatório"
"FATU43_MOULD","Etiqueta Térmica MOULD","Programa"
"FATU16","Gera/Emissão Rótulo Unidade Armazenamento - oksebra","Programa"
"FATU17_OKSEBRA","Relatório Rótulos","Relatório"
"FATU22","Emissão Rótulo Unidade Armazenamento MOULD","Programa"
" FATU17_PEGADA","RÓTULO_PEGADO","Relatório"
"CONT60_PGD","Importação Lançamentos - Pegada","Programa"
"LFIS95","Gera arquivo ISSQN - Entrada","Programa"
"VEND95","Restrição de Produto por Classe de Representante","Programa"
"VEND97","Faturamento Antecipado","Programa"
"VEND93","Concessão de Descontos","Programa"
"VEND94","Concessão de Comissões","Programa"
"VEND96","Bonificações","Programa"
"CFAB10","Estorno Apontamento de Lote","Programa"
"CFAB22","Apontamento de Rótulos (Processo 79)","Programa"
"CREC74","Relatório Curva ABC Clientes","Relatório"
"PEDI5_UM_SECUNDARIA","Pedido de Venda Qtd Secundária.","Relatório"
"FPAG127","Tabela 13 - Partes dos Corpos Atingidos (CAT)","Programa"
"FATU2_PERU","Nota Fiscal de Saída - FATURA - KHTA","Programa"
"FATU15_KHTA","Relatório Nota Fiscal","Relatório"
"FPAG128","Tabela 14 - Agentes Causadores de Acidentes","Programa"
"FPAG139","Advertência","Relatório"
"FPAG140","Suspensão","Relatório"
"FPAG141","Requisição de Benefício por Incapacidade","Programa"
"FPAG142","Requisição de Benefício por Incapacidade","Relatório"
"ADMI233","Importa PIS/COFINS Patrimônio","Programa"
"VEND31","Posição Financeira de Clientes","Programa"
"CFAB57","Apontamento de Rótulos Curtume TAPETES, Processo 136","Programa"
"CREC26","Remessa Cobrança Escritural (Relatório Vendor)","Programa"
"CPAG35","LOG Remessa Cobrança Escritural","Relatório"
"CFAB30","Emissão de Talão Martin","Programa"
"ESTO147","Relatório Transferência entre Localizações - Múltiplos Produtos","Programa"
"CREC62","Relatório Notas de Débito","Programa"
"CREC61","Configuração de Nota de Débito","Programa"
"CREC63","Relatório Resumo Analítico de Notas de Débito","Relatório"
"ESTO146","Relatório Transferência entre Localizações - Múltiplos Produtos","Relatório"
"CFAB134","Apontamento de Rótulos Completo - Processo 191","Programa"
"CFAB1","Apontamento de Ordem de Fabricação - PADRAO","Programa"
"CFAB57","Apontamento de Rótulos Curtume PALETES, Processo 122","Programa"
"ESTO39","Relatório Solicitação de Necessidades","Relatório"
"CREC68","Relatório Documentos Prorrogados","Relatório"
"FATU12","Transferências - Martin","Programa"
"COMP3","Pedidos de Compra - Considera Data Saída Fornecedor","Programa"
"COMP9","Pedidos de Compra C Ficha Tecnica","Relatório"
"CEXC1116","Controle de Atividades","Programa"
"CREC25","Bloqueto Gráfico","Relatório"
"COMP20","Pedido de Compra - Exportação","Relatório"
"TERC10","Gera Notas Fiscais Remessa Industrialização - CAT 12","Programa"
"CFAB67_MINUANO","Etiqueta Minuano","Relatório"
"FATU95","Relatório Notas Fiscais Matricial","Relatório"
"CFAB67_MINUANO","Etiqueta Minuano","Relatório"
"PEDI4","Liberação Pedidos Faturamento (#####Versão padrão, apenas com parametros essenciais)","Programa"
"FATU15_BRISA","Relatório Notas Fiscais Matricial","Relatório"
"PEDI117","Relatório de Pendencias de Clientes","Relatório"
"VEND117","Fechamento de Comissões","Programa"
"COMP5","Recebimento de Pedidos de Compra - Martin","Programa"
"COMP32","Relatório de Inspeção","Relatório"
"PEDI44","Liberação Pedidos Faturamento - PEDI44 - FILTRA ESTAB FATURAMENTO","Programa"
"CFAB41","Relatório Resumo Produção Produto - 64 bits","Programa"
"CFAB42","Resumo Produção Produto","Relatório"
"CFAB135","Resumo Produção Produto com Grade","Relatório"
"CONT91","Consulta LOG de Lançamentos","Programa"
"PEDI44","Liberação Pedidos Faturamento - ESTAB 3 - MARTIN","Programa"
"PEDI4","Liberação Pedidos Faturamento Emp 1 Estab 31 Loc 9893","Programa"
"PEDI117","Relatório de Pendencias de Clientes","Relatório"
"ADMI158","Configuração de Tabelas para Expurgo de dados","Programa"
"ESTO147","Relatório Transferência entre Localizações - Múltiplos Produtos","Excel"
"ESTO67","2- Lançamento Produtos Inventário - CRI - Não Exige Lote - c/Botão Confirmar","Programa"
"ADMI267","Rastreamento de Termos em Trg/Prc/Pkg/Fnc","Programa"
"PEDI7","Emissão de Etiqueta por Unidade de Produto por Plano de Produção 10","Programa"
"PEDI136","10","Relatório"
"PEDI1","Pedidos de Venda NÃO calcula comissão  - HENRICH-SKU-Antigo","Programa"
"PEDI5","Pedido de Venda","Relatório"
"EPRO35_CURTUME","relat","Relatório"
"EPRO35_CURTUME","relat","Relatório"
"ESTO71","Gera Nota Fiscal Abastecimento Materiais - Transferência estab. (Pegada - Deise)","Programa"
"FATU74","PGD Gera NF pelo Rótulo Estab. Rui Barb. Local. DI (Pegada - Deise)","Programa"
"MPSP73","Planejamento Frigorifico - ESTRUTURA 03/2020","Programa"
"PEDI1","Lote Produção Estoque - PEGADA","Programa"
"PEDI14","Importação Pedidos de Venda - EDI Vale - Brisa","Programa"
"CPAG35","Log Importação Pedidos de Venda - EDI","Relatório"
"PEDI113","Lote Produção Estoque","Relatório"
"MPSP5","Plano de Produção - PEGADA","Programa"
"CFAB10","Estorno Apontamento de Ordem de Fabricação - Guilherme","Programa"
"FATU12","Transferências T&A","Programa"
"PEDI44","Liberação Pedidos Faturamento RR - Estab 5- Matriz (idem Pegada-Deise)","Programa"
"PEDI44","PGD Lib. Pedidos Faturamento MTZ 116 Loc.5109 CONSIGNACAO","Programa"
"FATU15_BRISA","Relatório Notas Fiscais Matricial","Relatório"
"PEDI117","Relatório de Pendencias de Clientes","Relatório"
"PEDI44","PGD Lib. Pedidos Faturamento CONSIGNACAO","Programa"
"FATU15_BRISA","Relatório Notas Fiscais Matricial","Relatório"
"PEDI117","Relatório de Pendencias de Clientes","Relatório"
"FATU3_DT","Notas Fiscais de Entrada - Monitor","Programa"
"FATU14","Relatório Notas Fiscais","Relatório"
"FATU15_ANTONIELLE","Relatório Notas Fiscais Matricial","Relatório"
"RECE26","Relatório Carta de Correção","Relatório"
"FATU64","Relatório Recibo","Relatório"
"ESTO111","Relatório Emissão de Lote","Relatório"
"FATU142","Etiqueta","Relatório"
"ESTO73_ADOC","5- Ajuste Divergências Estoque X Inventário CRI ADOC","Programa"
"CFAB1","Apontamento de Ordem de Fabricação - MARTIN","Programa"
"PEDI8_GNT","Emissão de Etiqueta","Relatório"
"FATU159","Emissão de LPN","Relatório"
"FATU155","Emissão de Talão","Relatório"
"ADMI157","Expurgo de dados","Programa"
"FATU6","Devoluções de Consignação - Lançamento PGD","Programa"
"PEDI1","Pedido de Venda PEGADA - Deise","Programa"
"CONT93","Relatório de LOG de Lançamentos","Relatório"
"PEDI58","Pedido de Venda","Relatório"
"PEDI1"," PEDIDO DE VENDA - WILLIAM","Programa"
"COMP3","Pedidos de Compra - PEGADA","Programa"
"COMP9","Pedidos de Compra","Relatório"
"COMP20","Pedido de Compra - Exportação","Relatório"
"CFAB65","Apontamento de Rótulos - Estab 31 Loc 31 Proc 1275","Programa"
"FATU104","Devoluções de Venda - Lançamento - PEGADA","Programa"
"CFAB65","Apontamento de Rótulos - PROC 79 / LOCAL 16 - #","Programa"
"PEDI1","Pedidos de Venda - Entrega Parcelada","Programa"
"PEDI5_KBK","Pedido de Venda","Relatório"
"PEDI132","Pro-Forma","Relatório"
"ESTO108","Relatório Conciliação Estoque x Contábil - 64 Bits","Programa"
"CUST13","Apropriação do Custeio Integrado - 64 Bits","Programa"
"PEDI1","Pedido de Venda - BRISA Pedidos 36737 e 36533","Programa"
"PEDI44","Liberação Pedidos Faturamento - PEDI44 - Estab 11","Programa"
"PEDI5","Pedido de Venda","Relatório"
"COMP5","Pré-Recebimento de Pedidos de Compra - Pegada","Programa"
"CFAB7","Emissão Ordem de Fabricação Pegada - Deise","Programa"
"CFAB158","Emissão Ordem de Fabricação","Relatório"
"PEDI26","Relatório Pedidos para Encaixotamento - H. Kuntzler","Programa"
"PEDI27","Relatório Pedidos para Encaixotamento P/ O.F.","Relatório"
"ESTO67_ADOC","Lançamento Produto Inventariado - CRI - Com Controle de Lote - ADOC","Programa"
"PEDI44","PGD Lib. Pedidos Faturamento MTZ 115 Loc.5108 CONSIGNACAO","Programa"
"FATU15_BRISA","Relatório Notas Fiscais Matricial","Relatório"
"PEDI117","Relatório de Pendencias de Clientes","Relatório"
"MPSP5","Plano de Produção - MARTIN","Programa"
"ESTO25","Plano Abastecimento Materiais - Transferência para Filial - Matriz (SOLADOS) PGD","Programa"
"ESTO26","Relatório Plano Abastecimento Materiais - Transferência Produção","Relatório"
"ESTO71","Gera Nota Fiscal Abastecimento Materiais - Transf. Prod. (Pegada - Deise)","Programa"
"FATU12","Transferências estab. neg. trab.","Programa"
"PEDI44","Liberação Pedidos Faturamento - ESTAB 1 - C","Programa"
"ESTO115","Reclassificação de Produtos - Pegada Deise","Programa"
"ESTO148","Relatório Transferência SKU","Programa"
"ESTO149","Relatório Transferência SKU","Relatório"
"FPAG193","Geração de Aquivo B.E.M (Benefício Extraordinário Mensal)","Programa"
"RHUM22","Configuração Especial Banco de Horas","Programa"
"PEDI121_KND_ADM","Entrada de Pedidos - Pré Liberação","Programa"
"VEND119","Carteira de Pedidos - T&A","Programa"
"VEND118","Carteira de Pedidos - T&A","Relatório"
"PEDI1","Pedidos de Venda","Programa"
"PEDI5","Pedido de Venda","Relatório"
"PEDI132","Pro-Forma","Relatório"
"MPSP5","Plano de Produção","Programa"
"CFAB65","Apontamento de Rótulos - Processo 79","Programa"
"CFAB23","Exclusão Apontamento de Rótulos - Processo 79","Programa"
"PEDI3","Cancelamento de Entrega Pedido","Programa"
"PEDI114","Cancelamento de Entrega Pedido","Relatório"
"ESTO2","Implantação de Saldo","Programa"
"PEDI44","Liberação Pedidos Faturamento - PEDI44 - FILTRA ESTAB FAT - estab 24","Programa"
"PEDI1","Pedido de Venda - Laminado - Alteração Liberada","Programa"
"PEDI5","Pedido de Venda","Relatório"
"FPAG90","Relação de Admitidos e Demitidos - E-Social","Programa"
"FPAG194","Rel. Relação de Admitidos e Demitidos - E-Social","Relatório"
"FATU156","Relatório Liberação Pedidos Faturamento por Rota (Resumido)","Relatório"
"PEDI1","Pedido de Venda - Alterações","Programa"
"FATU163","Relatório Liberação Pedidos Faturamento por Rota (Detalhado)","Relatório"
"PEDI139","Importação de Pedidos de Venda - CSV - JB","Programa"
"PEDI4","Liberação Pedidos Faturamento/Reserva","Programa"
"PEDI38","Relatório Notas Fiscais Matricial","Relatório"
"PEDI117","Relatório de Pendencias de Clientes","Relatório"
"CFAB1","Apontamento de Ordem de Fabricação - CALI - LEITOR","Programa"
"PEDI8_GNT","Emissão de Etiqueta","Relatório"
"FATU159","Emissão de LPN","Relatório"
"FATU155","Emissão de Talão","Relatório"
"MPSP73","Planejamento Necessidade Materiais - Frigo MATRIZES","Programa"
"EPRO15_JMB","Estruturação do Produto - JMB","Programa"
"CFAB152","Resumo Produção Recurso (Recurso, Modelo e Turno)","Relatório"
"ESTO25","Plano Abastecimento Materiais - Requisição - Henrich","Programa"
"ESTO26","Relatório Plano Abastecimento Materiais - Necessidades","Relatório"
"CREC91","Nota de Renegociação","Programa"
"CREC93","Relatório Nota de Renegociação - Oficial","Relatório"
"PEDI115","Relatório Pedidos Prontos para Faturar (TEA)","Programa"
"PEDI140","Relatório Pedidos Prontos para Faturar","Relatório"
"PEDI125","Relatório Pedidos Prontos para Faturar (resumido)","Relatório"
"CFAB65","Apontamento de Rótulos - MARTIN - PROCESSO 1158","Programa"
"VEND120","Marcas Cliente","Programa"
"PEDI142","Emissão de Etiqueta por Unidade de Produto - AK","Programa"
"PEDI144","Emissão de Etiqueta - AK","Relatório"
"PEDI142","Emissão de Etiqueta por Unidade de Produto - Sunset","Programa"
"PEDI143","Emissão de Etiqueta - Sunset","Relatório"
"FATU74","Gera NF pelo Rótulo - Estab3 - Loc 16 - Baenamora","Programa"
"PEDI7","Emissão de Etiquetas por Produto - ITALIANINHO","Programa"
"PEDI8_HENRICH","Emissão de Etiqueta","Relatório"
"CUST13","Apropriação do Custeio Integrado 41533","Programa"
"CUST23","Apropriação do Custeio Integrado","Relatório"
"FPAG192","Almoço","Programa"
"PEDI44","Liberação Pedidos Faturamento - EMPRESA 1 - MARTIN","Programa"
"PEDI44","Liberação Pedidos Faturamento - Agrupa XML","Programa"
"MPSP74","Relatório Plano Mestre de Produção por Plano e Produto (Baenamora, Processos até Corte)","Programa"
"MPSP75","Relatório Plano Mestre de Produção por Plano e Produto","Relatório"
"FPAG20","Emissão da C.A.T.","Relatório"
"MPSP74","Relatório Plano Mestre de Produção por Plano e Produto (Baenamora, Processos Guarnición a Montaje)","Programa"
"MPSP75","Relatório Plano Mestre de Produção por Plano e Produto","Relatório"
"FPAG28","Acidente de Trajeto","Relatório"
"CEXC111","Relatório Pedido Serviço","Relatório"
"CFAB36","Consulta Lotes","Programa"
"ADMI268","Cadastro de Termos Proibidos no Código","Programa"
"CFAB17","Emissão Cartão Componente - AKS - LOGOTIPO","Programa"
"CFAB150","Emissão Cartão Componente - LOGOTIPO","Relatório"
"FATU2_206","Notas Fiscais de Saída - BLOQUEIO - 206","Programa"
"FATU58","Relatório de Carta de Correção","Relatório"
"FATU117","Relatório de Ocorrências de Faturamento","Relatório"
"FATU14","Notas Fiscais de Saída","Relatório"
"FATU104","Devoluções de Venda - DINE - EMISSÃO","Programa"
"CREC89","Configuração de Nota de Renegociação","Programa"
"CREC90","Geração Nota de Renegociação","Programa"
"CACE34","Relatório Banco de Horas","Programa"
"CACE35","Relatório Banco de Horas","Relatório"
"PEDI1","Amostra de Confirmação (Sunset - 38043)","Programa"
"PEDI141","Pedido de Venda","Relatório"
"PEDI132","Pro-Forma","Relatório"
"PEDI1","Pedidos de Venda - não agrupa prod. rótulo","Programa"
"PEDI5","Pedido de Venda","Relatório"
"PEDI132","Pro-Forma","Relatório"
"CFAB65","Apontamento de Rótulos - LOC 74","Programa"
"EPRO79","Importa Código Barras - 43267","Programa"
"FPAG27_OKS","Farmácia Oksebra","Programa"
"CPAG35","Log de Importação","Relatório"
"FPAG145","Relatório de LOG's.","Relatório"
"PEDI1","Pedidos de Venda - Baena Mora","Programa"
"PEDI145","Pedido de Venda - Baena Mora","Relatório"
"PEDI132","Pro-Forma","Relatório"
"CUST12","Apropriação do Custeio Integrado - Resumo","Relatório"
"CUST23","Apropriação do Custeio Integrado","Relatório"
"CUST12","Apropriação do Custeio Integrado - Resumo","Relatório"
"TERC1","Remessa (Código de Barras) Processo 1375 - Serviço 84557.1","Programa"
"FPAG195","Guia Recolhimento INSS","Programa"
"FPAG59","1-GUIA do INSS","Relatório"
"PEDI14","Importação Pedidos de Venda - EDI Vale - Beira Rio","Programa"
"CPAG35","Log Importação Pedidos de Venda - EDI Vale - Beira Rio","Relatório"
"FPAG195","Guia Recolhimento INSS c/ Estab Padrão","Programa"
"FPAG59","1-GUIA do INSS","Relatório"
"CFAB65_PEGADA","Apontamento de Rótulos PEGADA - MARTIN","Programa"
"PEDI1","Pedido - Lote Estoque","Programa"
"CFAB29_HKUNTZLER","Relatório Controle de Talões","Relatório"
"FATU104","Devoluções de Venda - Emissão - PEGADA","Programa"
"PEDI88","Relatório Pedidos para Encaixotamento - PEGADA","Programa"
"PEDI27_PEGADA","Relatório Pedidos para Encaixotamento P/ O.F.","Relatório"
"FPAG41","1-Termo de Rescisão do Contrato de Trabalho","Relatório"
"FPAG42","2-Termo de Quitação de Rescisão de Contrato de Trabalho","Relatório"
"FPAG43","3-Termo de Homologação de Rescisão de Contrato de Trabalho","Relatório"
"FPAG44","4-Recibo de Pagamento de Férias","Relatório"
"FPAG37","7-Recibo Folha Mensal","Relatório"
"PEDI44","Liberação Pedidos Faturamento ROTULO - GERA ITEM POR TAMANHO","Programa"
"FATU15_BRISA","Relatório Notas Fiscais Matricial","Relatório"
"PEDI117","Relatório de Pendencias de Clientes","Relatório"
"FATU153","Liberação Pedidos Faturamento por Rota Estab 3 - Ñ OLHA PAINEL","Programa"
"RECE7","Retornos de Remessa Beneficiamento Categoria Pedido 29","Programa"
"FATU156","Relatório Liberação Pedidos Faturamento por Rota (Resumido)","Relatório"
"FATU163","Relatório Liberação Pedidos Faturamento por Rota (Detalhado)","Relatório"
"RECE8","Relatório Retornos de Remessa Industrialização","Relatório"
"CFAB17","Emissão Cartão Componente - AKS","Programa"
"CFAB121","Emissão Cartão Componente","Relatório"
"CFAB7","Emissão Ordem de Fabricação - BAENA MORA","Programa"
"CFAB149","CFAB149","Relatório"
"ESTO112","Plano Abastecimento Materiais e Controle de Ordem de Fabricação (Frigo DESOSSA)","Programa"
"CFAB19_AMC","CFAB19_AMC","Relatório"
"ADMI269","VINCULO CLIENTES X RECURSOS","Programa"
"FATU74","Gera NF pelo Rótulo","Programa"
"FATU2_202","Notas Fiscais de Saída - BLOQUEIO - 202","Programa"
"FATU58","Relatório de Carta de Correção","Relatório"
"PEDI44","Liberação Pedidos Faturamento ROTULO - ITEM UNICO (Estab 24)","Programa"
"FATU15_BRISA","Relatório Notas Fiscais Matricial","Relatório"
"PEDI117","Relatório de Pendencias de Clientes","Relatório"
"FATU117","Relatório de Ocorrências de Faturamento","Relatório"
"FATU14","Notas Fiscais de Saída","Relatório"
"CEXC1099","Emissão OF - T&A","Programa"
"CEXC1100","Emissão OF","Relatório"
"COMP3","Pedidos de Compra com Cotação - Alteração Liberada","Programa"
"COMP9","Pedidos de Compra","Relatório"
"CFAB151","Resumo Produção Recurso (Recurso, Construção e Turno) - Com Grade","Relatório"
"PEDI5","Pedido de Venda","Relatório"
"PEDI132","Pro-Forma","Relatório"
"FATU153","Liberação Pedidos Faturamento por Rota Estab 3 - Lançamento","Programa"
"FATU156","Relatório Liberação Pedidos Faturamento por Rota (Resumido)","Relatório"
"FATU163","Relatório Liberação Pedidos Faturamento por Rota (Detalhado)","Relatório"
"VEND58","Evolução de Vendas - 64Bits","Programa"
"ESTO23","Transferência entre Localização - RESERVA","Programa"
"CFAB90","Apontamento MultiTarefa - Curtume - GRAMPEAR","Programa"
"PEDI7","Emissão de Etiquetas por Produto (Italianinho) Produto Acabado","Programa"
"PEDI146","Emissão de Etiquetas por Produto (Italianinho)","Relatório"
"CFAB90","Apontamento MultiTarefa - Curtume - Proc 170-AMACIAR SECAGEM","Programa"
"CFAB90","Apontamento MultiTarefa - Curtume - Proc 109-LIXAR FLOR","Programa"
"CFAB90","Apontamento MultiTarefa - Curtume - Proc 165-PISTOLAR ACABAMENTO","Programa"
"CFAB90","Apontamento MultiTarefa - Curtume - Proc 172-AMACIAR ACABAMENTO","Programa"
"ESTO150","Plano Abastecimento Materiais - Lançamento de Requisição","Relatório"
"RECE8","Relatório Retornos de Remessa Industrialização","Relatório"
"CFAB134","Apontamento de Rótulos Completo - Processo 191 - ESTAB 115","Programa"
"CFAB134","Apontamento de Rótulos Completo - Processo 191 - ESTAB 116","Programa"
"EPRO56","Ficha","Relatório"
"EPRO70","Ficha Maior","Relatório"
"RHUM23","Manutenção de Funcionários","Programa"
"ESTO129_KND","Plano Abastecimento Materiais - Requisição - Controle de Lote - patch 208 (sem validação)","Programa"
"ESTO26_MLA","Relatório Plano Abastecimento Materiais - Necessidades","Relatório"
"ESTO78","Plano Abastecimento Materiais - Requisição","Relatório"
"CFAB1","Apontamento de Ordem de Fabricação (Processo 1405) SKU - Loc 2","Programa"
"CFAB23","Exclusão Apontamento de Rótulos (Processo 1158)","Programa"
"PEDI8_GNT","Emissão de Etiqueta","Relatório"
"FATU159","Emissão de LPN","Relatório"
"FATU155","Emissão de Talão","Relatório"
"CFAB23","Exclusão Apontamento de Rótulos (Processo 1405) SKU","Programa"
"PEDI4","Liberação Pedidos Faturamento - ESTAB 1 = LIBERAR_PED_SEM_PRODUCAO = N","Programa"
"FATU15_BRISA","Relatório Notas Fiscais Matricial","Relatório"
"PEDI117","Relatório de Pendencias de Clientes","Relatório"
"PEDI1","Pedidos de Venda - Normal - Não altera Condição de Pagamento","Programa"
"PEDI5","Pedido de Venda","Relatório"
"PEDI132","Pro-Forma","Relatório"
"VEND3","Demonstrativo Comissões - Total Geral","Relatório"
"ADMI258_KND","Planejamento Capacidade Recursos (CRP) - Relação funcionário x recurso","Programa"
"RHUM26","Relatório Banco de Horas TST","Programa"
"RHUM27","Rel. Banco de Horas","Relatório"
"FPAG197","Tabela 21 - Códigos de Incidência Tributária da Rubrica para o IRRF","Programa"
"FPAG198","Tabela 24 - Agentes Nocivos e Atividades - Aposentadoria Especial","Programa"
"FPAG199","Tabela 27 - Procedimentos Diagnósticos","Programa"
"FPAG200","Tabela 28 - Treinamentos, Capacitações, Exercícios Simulados e Outras Anotações","Programa"
"CFAB23","Estorno Apontamento de Rótulos TK","Programa"
"PEDI7","Emissão de Etiquetas por Unidade de Produto por Plano de Produção MALU","Programa"
"PEDI8_MALU","Emissão de Etiqueta henrich","Relatório"
"EPRO90","Laminados SubFamília 2","Programa"
"EPRO91","Laminados Espessura","Programa"
"EPRO92","Laminados Cor","Programa"
"EPRO93","Laminados Cor Base","Programa"
"FPAG201","26 - Término Antecipado Do Contrato De Experiência - Pelo Empregado","Relatório"
"FPAG202","27 - Término Antecipado Do Contrato De Experiência - Pelo Empregado","Relatório"
"VEND122_","Relatório Metas - Previsto X Realizado (Moveleiro)","Relatório"
"VEND105","Relatório Metas - Previsto X Realizado (Moveleiro)","Programa"
"VEND106","Relatório Metas - Previsto X Realizado (Calçadista)","Relatório"
"VEND106","Relatório Metas - Previsto X Realizado (Calçadista)","Excel"
"VEND122_","Relatório Metas - Previsto X Realizado (Moveleiro)","Relatório"
"FATU84","Manifestação do Destinatário CTE","Programa"
"FVEN13","Simulador Custo - Frigorifico","Programa"
"PEDI44","PGD Lib. Pedidos Faturamento MTZ 115 Loc.5108 POR TAM - KND","Programa"
"CFAB18_HKUNTZLER","Emissão Cartão Componente Matricial","Relatório"
"FATU15_BRISA","Relatório Notas Fiscais Matricial","Relatório"
"PEDI117","Relatório de Pendencias de Clientes","Relatório"
"ESTO2","Implantação de Saldo - MARTIN","Programa"
"CREC22","Emissão de Bloquetos - Banco Miranchuck","Programa"
"CREC25_BB","Relatório Miranchuck","Relatório"
"FVEN5","Cálculo Preço de Venda - Calçado s/Preço Estratégico - report FVEN7_GNT","Programa"
"FVEN7_GNT","Cálculo Preço de Venda","Relatório"
"PEDI7","Emissão de Etiquetas por Produto (Italianinho) sem Marca 2/pagina","Programa"
"RHUM26","Relatório Banco de Horas - Novo","Programa"
"RHUM27","Rel. Banco de Horas","Relatório"
"FATU26","Emissão Minuta - FRIGO Excel 64","Programa"
"FATU164","Emissão Minuta","Relatório"
"FPAG36","Recibos_OKS","Programa"
"FPAG37","01-Mensal - Recibo de Pagamento","Relatório"
"FPAG41","02-Termo de Rescisão","Relatório"
"FPAG42","03-Termo de Rescisão - Quitação","Relatório"
"FPAG43","04-Termo de Rescisão - Homologação","Relatório"
"FPAG45","06-Férias - Aviso","Relatório"
"FPAG46_BRI","07-Férias - Solicitação de Abono","Relatório"
"FPAG44_HNR","05-Férias - Recibo","Relatório"
"FPAG115","08-Recibo Pagamento Matricial","Relatório"
"FPAG124_OKS","09-Recibo com Ponto","Relatório"
"FPAG149","11-Lista Adiantamento Quinzenal - Tecnocalza","Relatório"
"FPAG153","12-Recibo Semanal","Relatório"
"FPAG165","13-Relatório Analítico de Rescisão","Relatório"
"FPAG179","14-Recibo com Ponto e Atividades Diárias","Relatório"
"CFAB65","Apontamento de Rótulos localização 9942 - Proc 1410","Programa"
"COMP3","Pedidos de Compra ADOC","Programa"
"CEXC1074","Pedidos de Compra Adoc","Relatório"
"CEXC1075","Pedidos de Compra Adoc","Relatório"
"CFAB1","Apontamento de Ordem de Fabricação (Processo 1405) SKU - Loc 31","Programa"
"PEDI8_GNT","Emissão de Etiqueta","Relatório"
"FATU159","Emissão de LPN","Relatório"
"FATU155","Emissão de Talão","Relatório"
"LFIS21","Livro Registro de Saídas - P2","Relatório"
"LFIS22","Livro Registro de Saídas - P2A","Relatório"
"EPRO15","Estruturação do Produto - Restringe Campos","Programa"
"PEDI4","Liberação Pedidos Faturamento PEDI4 Emp 1 Estab 31 Loc Nula - LIBERAR_PED_SEM_PRODUCAO = N","Programa"
"ESTO4","Requisição com Ordem de Serviço - Localização 218","Programa"
"ESTO112","Plano Abastecimento Materiais e Controle de OF (ABATE - Frigo EMP 1)","Programa"
"CFAB19_AMC","CFAB19_AMC","Relatório"
"FATU153","Liberação Pedidos Fatur por Rota Emp 1 Estab 1 - Ñ OLHA PAINEL","Programa"
"FATU156","Relatório Liberação Pedidos Faturamento por Rota (Resumido)","Relatório"
"FATU163","Relatório Liberação Pedidos Faturamento por Rota (Detalhado)","Relatório"
"PEDI66","Cancelamento Reserva de Semi-Acabado/em Plano de Produção","Programa"
"PEDI5","Pedido de Venda","Relatório"
"CFAB122","Emissão Cartão Componente","Relatório"
"FATU156","Relatório Liberação Pedidos Faturamento por Rota (Resumido)","Relatório"
"FATU163","Relatório Liberação Pedidos Faturamento por Rota (Detalhado)","Relatório"
"FPAG196","Relatório Resumo Recolhimento INSS","Programa"
"ADMI270","Cadastro de Meio de Pagamento Baena Mora","Programa"
"FPAG60","1-Resumo do INSS","Relatório"
"FPAG196","Relatório Resumo Recolhimento INSS c/ Estab Padrão","Programa"
"FPAG60","1-Resumo do INSS","Relatório"
"ADMI271","Cadastro de Atividade Econômica Baena Mora","Programa"
"FATU16","Gera/Emissão Rótulo - Italianinho","Programa"
"FATU17","Rótulos com Imagem","Relatório"
"ESTO112","Plano Abastecimento Materiais e Controle de Ordem de Fabricação (Dublagem)","Programa"
"CREC22","Emissão de Bloquetos - Banco João / Sicredi","Programa"
"CREC25_SICREDI","Boleto Gráfico - Banco João / SICREDI","Relatório"
"FATU16","Gera Rótulos Unidades Armazenamento - Italianinho","Programa"
"FATU177","Rótulos Unidades Armazenamento","Relatório"
"MPSP5","Plano de Produção Laminados","Programa"
"CFAB19_AMC","CFAB19_AMC","Relatório"
"CFAB7","Emissão Ordem de Fabricação Italianinho","Programa"
"CFAB172","Emissão Ordem de Fabricação","Relatório"
"RHUM24","Aviso de Fechamento Banco de Horas","Programa"
"EPRO86","Laminados Família","Programa"
"RHUM25","Rel. Acompanhamento de Salários","Relatório"
"EPRO89","Laminados SubArtigo","Programa"
"RHUM24","Aviso de Fechamento Banco de Horas c/ Estab Pardão","Programa"
"RHUM25","Rel. Acompanhamento de Salários","Relatório"
"TERC1","Remessa Teste AKS (manual)","Programa"
"RHUM26","Relatório Banco de Horas c/ Estab Padrão","Programa"
"RHUM27","Rel. Banco de Horas","Relatório"
"FATU2","Painel Armazenagem","Programa"
"CACE36","Exportação Funcionário DIMEP","Programa"
"CFAB1","Apontamento de Ordem de Fabricação SKU (Processo 154) 2ª QUALIDADE","Programa"
"PEDI8_GNT","Emissão de Etiqueta","Relatório"
"FATU159","Emissão de LPN","Relatório"
"CFAB1","Apontamento de Ordem de Fabricação SKU (Processo 154)","Programa"
"PEDI8_GNT","Emissão de Etiqueta","Relatório"
"FATU159","Emissão de LPN","Relatório"
"FATU155","Emissão de Talão","Relatório"
"FATU155","Emissão de Talão","Relatório"
"PEDI4","Liberação Pedidos Faturamento - PEDI4 Estab 72103","Programa"
"FATU74","Gera NF pelo Transferência Frigorificos","Programa"
"ADMI10","Manutenção do Dicionário","Programa"
"FATU74","Gera NF pelo Rótulo - Estab 31 - Loc 31","Programa"
"CPRO18","Relatório de Devoluções de Venda","Relatório"
"ADMI999_REL","Relatório de Disco - Treinamento","Relatório"
"PEDI5","Pedido de Venda","Relatório"
"PEDI132","Pro-Forma","Relatório"
"PEDI44","Liberação Pedidos Faturamento - ESTAB 3 - Único Item Nota","Programa"
"ADMI249_KND","Controle de Fechamento de Patch p/ Cliente","Programa"
"MPSP5","Plano de Produção - Marcio, com Aproveitamento, Loc 16 E 22, UTILIZA_DATAS_PLANEJAMENTO = N, SEM Cliente, Padrão Pegada","Programa"
"ESTO13","Relatório Posição Estoque - HK","Programa"
"ESTO145","Relatório Posição Estoque","Relatório"
"ESTO43","Relatório Posição Estoque por Identificação","Relatório"
"ESTO14_POR_EMPRESA","Relatório Posição Estoque por Empresa","Relatório"
"ESTO43_POR_EMPRESA","Relatório Posição Estoque por Empresa com Custo","Relatório"
"FVEN7","Cálculo Preço de Venda","Relatório"
"FPAG86","Vale Alimentação","Programa"
"EPRO15","Estruturação do Produto - Exibe Lista de Materiais Inválidos","Programa"
"FATU58","1 - Relatório de carta de correção (PDF).","Relatório"
"FATU30","2 - Recibo de Locação","Relatório"
"FATU58","3 - Relatório de Carta de Correção","Relatório"
"RECE26","4 - Relatório Carta de Correção Entrada","Relatório"
"COMP27","Plano de Necessidades de Formas","Relatório"
"ESTO143","Consulta Movimentação Rótulo","Programa"
"PEDI8_EDR","Emissão de Etiqueta por Unidade de Produto por Plano de Produção - Versão EDR","Relatório"
"PEDI7","Emissão de Etiqueta por Unidade de Produto - MCM","Programa"
"FATU16","Geração/Emissão Rótulo - Baenamora","Programa"
"FATU17_PADRAO","Relatório Rótulos Henrich","Relatório"
"FATU173","2","Relatório"
"CFAB22","Apontamento de Rótulos (Processo 1383)","Programa"
"CFAB65","Apontamento de Rótulos CFAB134 - Não Libera Fat - Processo 191","Programa"
"CFAB1","Apontamento de Ordem de Fabricação (Processo 1399)","Programa"
"PEDI8_GNT","Emissão de Etiqueta","Relatório"
"FATU159","Emissão de LPN","Relatório"
"FATU155","Emissão de Talão","Relatório"
"PEDI149","Cópia de Pedido de Venda Detalhado","Programa"
"PEDI152","Etiqueta MCM","Relatório"
"PEDI7","Emissão de Etiqueta por Unidade de Produto por Plano de Produção - Versão EDR","Programa"
"CEXC111","Relatório Pedido Serviço","Relatório"
"CACE14","Espelho do Ponto","Programa"
"PEDI4","Liberação Pedidos Faturamento - Estab. 72099 COM PRODUÇÃO","Programa"
"FATU15_BRISA","Relatório Notas Fiscais Matricial","Relatório"
"PEDI117","Relatório de Pendencias de Clientes","Relatório"
"ADMI275","Configuração Power BI","Programa"
"CFAB159","Relatório Produção por Contrução","Relatório"
"CFAB1","Apontamento de Ordem de Fabricação (Processo 1405) SKU - 2ª QUALIDADE - ESTAB 31","Programa"
"PEDI8_GNT","Emissão de Etiqueta","Relatório"
"FATU159","Emissão de LPN","Relatório"
"FATU155","Emissão de Talão","Relatório"
"PEDI4","Liberação Pedidos Faturamento PEDI4 Emp 1 Estab 31 Loc 31 - LIBERAR_PED_SEM_PRODUCAO = N","Programa"
"EPRO12","Estruturação do Produto - Resumido","Programa"
"ESTO15","Livro Inventário - 64 Bits","Programa"
"ESTO16","Livro Inventário","Relatório"
"ESTO17","Livro Inventário","Relatório"
"ESTO18","Livro Inventário","Relatório"
"ESTO112","Plano Abastecimento Materiais e Controle de OF (ABATE - Frigo)","Programa"
"CFAB19_AMC","CFAB19_AMC","Relatório"
"ESTO112","Plano Abastecimento Materiais e Controle de Ordem de Fabricação DH","Programa"
"CFAB19_AMC","CFAB19_AMC","Relatório"
"CFAB115","Relatório Lista quantidades Primária e Secundária","Relatório"
"VEND10","Origem Pedido de Venda","Programa"
"CFAB153","Relatório Resumo Produção por Turno","Programa"
"CFAB89","Relatório Produção Diário","Relatório"
"CFAB115","Relatório Produção Diário","Relatório"
"CFAB88","Relatório Produção Diário","Relatório"
"CFAB17","Emissão Cartão Componente - ITALIANINHO","Programa"
"MPSP5","Plano de Produção - Marcio, com Aproveitamento, Loc 16, UTILIZA_DATAS_PLANEJAMENTO = N, SEM Cliente, Padrão Pegada","Programa"
"FPAG117","Edição Especial Histórico de Atividade","Programa"
"ESTO153","Relatório Posição Estoque sem Reserva","Relatório"
"ADMI17","Diretório Aplicação","Programa"
"RECE52","Relatório","Relatório"
"FATU153","Liberação Pedidos Faturamento por Rota Estab 3 - Emissão","Programa"
"PEDI1","Pedidos de Venda - centro distrib obrigatorio","Programa"
"TERC10","Gera Notas Fiscais Remessa Industrialização - Serie 2","Programa"
"CFAB65","Apontamento de Rótulos -  Loc.22 CFAB65 - PROC 191","Programa"
"PEDI44","Liberação Pedidos Faturamento - ESTAB 11 - MARTIN","Programa"
"VEND20","Recibo de Pagamento de Comissões - (Resumo Representante)","Relatório"
"PEDI4","Liberação Pedidos Faturamento PEDI4 Emp 2 Estab 11 Loc 66 - LIBERAR_PED_SEM_PRODUCAO = S","Programa"
"COMP26","Plano de Necessidades de Formas (Processo 330)","Programa"
"CFAB65","Apontamento de Rótulos - Estab 31 -  Loc.31 - PROC 1275","Programa"
"CREC22","Emissão de Bloquetos - BRADESCO (CRESOL)","Programa"
"CREC25_CRESOL","Bloqueto Gráfico","Relatório"
"CREC48","Bloqueto Matricial (Banco do Brasil)","Relatório"
"CREC94","Relatório Notas de Renegociação","Programa"
"CREC93","Relatório Resumo Analítico de Notas de Débito","Relatório"
"CREC77","Relatório Nota de Débito - Oficial","Relatório"
"TERC11","Recibos de Venda Materiais p/ Tercerizados","Programa"
"FATU55","Emissão Etiqueta com Documento (ITALIANINHO)","Programa"
"FATU176","Emissão Etiqueta com Documento Fiscal (ITALIANINHO)","Relatório"
"TERC13","Relatório de Recibos","Relatório"
"ESTO25","Plano Abastecimento Materiais - Transferência - TEA","Programa"
"ESTO26","Relatório Plano Abastecimento Materiais - Transferência Produção","Relatório"
"ESTO151","Relatório Lançamentos de Transferência","Programa"
"PEDI1","Pedido de Venda - ITALIANINHO","Programa"
"ADMI68_LETI","Manutanção Base de Dados Leti","Programa"
"RECE50","Gera Contra Nota Fiscal de Entrada - Frigorífico - valor abate","Programa"
"ESTO152","Relatório Lançamentos por Produto","Relatório"
"ADMI273","RA - Status","Programa"
"ADMI274","RA - Prioridades","Programa"
"TERC1","Remessa Teste AKS (leitor)","Programa"
"CONT46","Estruturação DRE TESTE","Programa"
"EPRO49","TST CAMPO","Programa"
"FATU104","Devoluções de Venda - Emissão - Estab 31","Programa"
"ESTO150","Plano Abastecimento Materiais - Requisição","Relatório"
"ESTO150","Plano Abastecimento Materiais - Requisição","Relatório"
"ESTO23","Transferência entre Localização - Loc 122","Programa"
"ESTO25","Plano Abastecimento Materiais - Remessa Industrialização - Tai","Programa"
"ESTO26","Relatório Plano Abastecimento Materiais - Remessa Industrialização","Relatório"
"CFAB65","Apontamento de Rótulos localização 9242 - Proc 1410","Programa"
"CFAB134","Apontamento de Rótulos Completo - Processo 110","Programa"
"COMP13","Plano de Necessidades de Compras - Estab. 72099","Programa"
"COMP52","Relatório de Log","Relatório"
"CFAB1","Apontamento OF - MÚLTIPLOS PRODUTOS (sugere Produto) Teste para SKU (Processo 154)","Programa"
"CEXC83","Plano Mestre de Produção O.F. Pedido 48470","Programa"
"CEXC83","Plano Mestre de Produção","Relatório"
"CEXC90","Plano Mestre de Produção","Relatório"
"PEDI1","Pedido de Venda - DINE","Programa"
"ADMI255","Painel de encaixotamento (web) - Lutheuz","Programa"
"ADMI68","Manutenção Base de Dados","Programa"
"MPSP5","Plano de Produção -  HENRIQUE","Programa"
"FPAG20","Emissão da C.A.T.","Relatório"
"FPAG28","Acidente de Trajeto","Relatório"
"TERC1","Remessa Normal - Frigorífico","Programa"
"ESTO129","Plano Abastecimento Materiais - Rem Industrialização- Controle de Lote","Programa"
"ESTO26_MLA","Relatório Plano Abastecimento Materiais - Necessidades","Relatório"
"ESTO78","Plano Abastecimento Materiais - Requisição","Relatório"
"ESTO25","Plano Abastecimento Materiais - Remessa Industrialização FRIG","Programa"
"ESTO26","Relatório Plano Abastecimento Materiais - Remessa Industrialização","Relatório"
"CFAB134","Apontamento de Rótulos Completo - Processo 191 LOCAL 11","Programa"
"FATU12","Transferências - DESMANCHA RÓTULOS","Programa"
"CEXT85","02-Faturamento de Exportação - MARTIN","Programa"
"PEDI1","Pedidos de Venda - SHOPIFY","Programa"
"PEDI5","Pedido de Venda","Relatório"
"PEDI132","Pro-Forma","Relatório"
"CEXT82_PEGADA","Pró Forma","Relatório"
"CEXT82_PEGADA","Pró Forma","Relatório"
"ESTO4","Requisição Informada - Por Categoria","Programa"
"PEDI44","Lib. Pedidos Faturamento ESTAB 31 Loc.31 POR TAM","Programa"
"COMP3","Pedidos de Compra Terceirização","Programa"
"COMP9","Pedidos de Compra","Relatório"
"FATU2_MARTIN","Notas Fiscais de Saída - MARTIN","Programa"
"FATU15_BRISA","Relatório Notas Fiscais Matricial","Relatório"
"PEDI117","Relatório de Pendencias de Clientes","Relatório"
"FATU37_PIAGUI","Relatório Notas Fiscais Matricial","Relatório"
"FATU14","Rel NF","Relatório"
"CFAB11_MINUANO","Emissão Ordem de Fabricação","Relatório"
"MPSP46","Ordem de Fabricação -  Geração e Abast (MISTURA)","Programa"
"ESTO81_MPE","Emissão Relatório","Relatório"
"ESTO80","Emissão Etiqueta","Relatório"
"VEND14","Planejamento de Vendas (Produto)","Programa"
"ADMI236","Traduz Módulo","Programa"
"FPAG19_LETI","Históricos e Movimentações - LETI","Programa"
"FPAG20","Emissão da C.A.T.","Relatório"
"FPAG28","Acidente de Trajeto","Relatório"
"PEDI52","Pedido de Venda- PEDI52 - RESERVA_LOTE_AUTOMATICAMENTE = N","Programa"
"PEDI57","Relatório Pedido de Venda - Resumido","Relatório"
"PEDI148","Line Sheet","Relatório"
"PEDI147","Emissão Line Sheet","Programa"
"PEDI4","Liberação Pedidos Faturamento.","Programa"
"CBAN40","Relatório Realizado Financeiro Detalhado  p/Cta. Orçamentária","Programa"
"CBAN41","Relatório Realizado Financeiro Detalhado  p/Cta. Orçamentária","Relatório"
"EPRO81","Relatório de Produtos - T&A","Programa"
"EPRO82","Relatório de Produtos","Relatório"
"TERC21","Retorno (Sem Apontamento Produção/Com Código de Barras) - Lutheuz","Programa"
"TERC21","Retorno (Sem Apontamento Produção/Sem Código de Barras) - Lutheuz","Programa"
"PEDI7","Emissão de Etiqueta Talão - Lutheuz","Programa"
"FATU3","Notas Fiscais de Entrada - Baenamora","Programa"
"FATU178","Relatório Notas Fiscais - Baenamora","Relatório"
"FATU15_ANTONIELLE","Relatório Notas Fiscais Matricial","Relatório"
"RECE26","Relatório Carta de Correção","Relatório"
"FATU64","Relatório Recibo","Relatório"
"ESTO111","Relatório Emissão de Lote","Relatório"
"PEDI151","Emissão Etiqueta Lutheuz","Relatório"
"VEND100","Liberação Comercial Detalhada (VEND100) - Pegada","Programa"
"CFAB156","Emissão Ordem de Fabricação - 48041","Programa"
"CFAB157","Emissão Ordem de Fabricação 1 Processo","Relatório"
"PEDI7","Emissão de Etiqueta por Unidade de Produto por Plano de Produção - CRISTOFOLI","Programa"
"PEDI153","Emissão de Etiqueta Guante","Relatório"
"FATU31","Emissão Rótulos Multi-Produtos","Relatório"
"ESTO112","Plano Abastecimento Materiais e Controle de Ordem de Fabricação (TESTE)","Programa"
"CFAB19_AMC","CFAB19_AMC","Relatório"
"CACE10","Configuração de Horas Extras","Programa"
"CFAB63","Resumo Produção Recurso (Data e Recurso) - Com Grade","Relatório"
"CFAB152","Resumo Produção Recurso (Recurso, Modelo e Turno) - Com Grade","Relatório"
"CFAB6","Resumo Produção Recurso - Com Grade","Relatório"
"CFAB151","Resumo Produção Recurso (Recurso, Construção e Turno)","Relatório"
"TERC2","Retorno (Com Apontamento Produção) Sem NF","Programa"
"PEDI1_GABI","Pedidos de Venda - Gabriela","Programa"
"PEDI5","Pedido de Venda","Relatório"
"PEDI132","Pro-Forma","Relatório"
"CFAB65","Apontamento de Rótulos - MARTIN - PROCESSO 191","Programa"
"FATU85","Monitor Notas Fiscais de Serviço Eletrônicas - Pré-Automatizado","Programa"
"EPRO28","Aprovação p/Cálculo de Custos s/ Parâmetro de Categoria","Programa"
"FPAG145","Eventos Peródicos e Não-Periódicos","Programa"
"CFAB1","Apontamento de Lote - Processo 78 - Padrão Pegada","Programa"
"CFAB10","Estorno Apontamento de Ordem de Fabricação - LEITOR","Programa"
"FATU158","Relatório Detalhamento","Relatório"
"MPSP5","Plano de Produção - MARTIN loc 31","Programa"
"ESTO49","Relatório Análise Estoque - 64B","Programa"
"ESTO50","Relatório Análise Estoque - ESTO50","Relatório"
"ESTO51","Relatório Análise Estoque - ESTO51","Relatório"
"PEDI1","Pedidos de Venda (Curtume) - Produção Exportação - Unidades","Programa"
"ESTO50_POR_EMPRESA","Relatório Análise Estoque - ESTO50_POR_EMPRESA","Relatório"
"ESTO51_POR_EMPRESA","Relatório Análise Estoque - ESTO51_POR_EMPRESA","Relatório"
"PEDI5","Pedido de Venda","Relatório"
"PEDI5_UM_SECUNDARIA","Pedido de Venda Qtd Secundária Sem Valor","Relatório"
"ADMI45","Configurador de Campos Ficha Técnica - IVendre","Programa"
"ESTO112","Plano Abast Materiais e Controle de OF S/APONT MEDIÇÃO TAPETES","Programa"
"ESTO112","Plano Abastecimento Materiais e Controle de Ordem de Fabricação (Marcio, Home Decor)","Programa"
"CFAB19_AMC","CFAB19_AMC","Relatório"
"CFAB19_CURTUME_PADRAO","CFAB19_CURTUME - Emissão de OF","Relatório"
"PEDI5","Relatório Pedido de Venda - Resumido","Relatório"
"PEDI52","Pedido de Venda- PEDI52 - Tapetes","Programa"
"PEDI52","Pedido de Venda- PEDI52 - Tapetes M2","Programa"
"PEDI57","Relatório Pedido de Venda - Resumido","Relatório"
"PEDI52","Pedido de Venda- PEDI52 - Tapetes - Loc 9","Programa"
"PEDI57","Relatório Pedido de Venda - Resumido","Relatório"
"ESTO125","Relatório Posição de Estoque Detalhado (Relatório Novo) - MCM","Programa"
"ESTO125","Relatório Posição de Estoque Detalhado (Relatório Novo) - MCM","Relatório"
"MPSP2","Planejamento - FABRICA XXX","Programa"
"PEDI1","Pedidos de Venda Com Especificações de Materiais (pela Variação/Marca)","Programa"
"PEDI5","Pedido de Venda","Relatório"
"PEDI67","Relatório Acompanhamento Estoque Futuro","Programa"
"CUST25","Custeio Integrado","Programa"
"CUST26","Relatório Custeio Integrado","Relatório"
"PEDI8_HENRICH_BOLSAS","Emissao Etiqueta Bolsas","Relatório"
"CREC25","Bloqueto Gráfico","Relatório"
"PEDI68","Relatório Acompanhamento Estoque Futuro","Relatório"
"VEND22","Valor Unitário Especial","Programa"
"EPRO13","Coleções","Programa"
"FATU2_CLOUD","Notas Fiscais de Saída (Cloud)","Programa"
"FATU37_PIAGUI","Relatório Notas Fiscais Matricial","Relatório"
"FATU14_BRISA","Rel NF","Relatório"
"EPRO15_LETI","Estruturação do Produto","Programa"
"CUST27","Relatório Custeio Integrado - Resumido","Relatório"
"TERC1","Remessa Normal - Roberto","Programa"
"VEND40","Pontos de Venda - 64bits","Programa"
"VEND41","Relatório PDV","Relatório"
"COMP16","Plano de  Necessidades de Compras - 64bits","Programa"
"PEDI4","Liberação Pedidos Faturamento - Estab 33","Programa"
"FATU15_BRISA","Relatório Notas Fiscais Matricial","Relatório"
"PEDI117","Relatório de Pendencias de Clientes","Relatório"
"CFAB160","Apontamento Ordem de Fabricação METRIXER","Programa"
"CFAB161","Etiqueta Apontamento Metrixer","Relatório"
"CFAB1","Apontamento de Ordem de Fabricação - MARTIN - Leitor","Programa"
"PEDI8_GNT","Emissão de Etiqueta","Relatório"
"FATU159","Emissão de LPN","Relatório"
"FATU155","Emissão de Talão","Relatório"
"MPSP5","Plano de Produção - ATZ","Programa"
"ADMI52","Cadastro Usuários Recurso","Programa"
"FATU15_BRISA","Relatório Notas Fiscais Matricial","Relatório"
"COMP76","COMP76 TST","Relatório"
"COMP76","COMP76 TESTE","Relatório"
"COMP76","COMP76 TESTE","Relatório"
"ESTO99999_ZERADOR","Zerar Encerramento De Estoque Mês/Ano","Programa"
"CFAB171","Emissão Lote com processos","Relatório"
"ESTO99999_SEM_ESTOQUE","Implantação Saldo Sem Estoque","Programa"
"ESTO99999_COM_ESTOQUE","Implantação Saldo Com Estoque","Programa"
"MPSP2_CONSULTORIA","Planejamento - Consultoria","Programa"
"PEDI52","Pedido de Venda- PEDI52 - Frigorífico","Programa"
"PEDI57","Relatório Pedido de Venda - Resumido","Relatório"
"PEDI121_KND","Liberação de Pedidos - Pré-Liberação","Programa"
"PEDI121_KND","Liberação de Pedidos - Liberação","Programa"
"FATU153","Liberação Pedidos Faturamento por Rota Estab 72022  - Ñ OLHA PAINEL","Programa"
"FATU156","Relatório Liberação Pedidos Faturamento por Rota (Resumido)","Relatório"
"FATU163","Relatório Liberação Pedidos Faturamento por Rota (Detalhado)","Relatório"
"CFAB162","Painel de Planejamento","Programa"
"ESTO129","Plano Abastecimento Materiais - Requisição - Controle de Lote - Menos Parâmetros","Programa"
"ESTO26_MLA","Relatório Plano Abastecimento Materiais - Necessidades","Relatório"
"ESTO78","Plano Abastecimento Materiais - Requisição","Relatório"
"FATU16","Gera/Emissão Rótulo Unidade Armazenamento (TEA) - Agrupa Prod Rótulo","Programa"
"LFIS131","Tabela Observação Fiscal","Programa"
"FATU87","Emissão Rótulos ( TEA )","Relatório"
"PEDI44","Liberação Pedidos Faturamento - ESTAB 3 - LOCAL11","Programa"
"FATU153","Liberação Pedidos Fatur por Rota Emp 1 Estab 31 - Ñ OLHA PAINEL","Programa"
"FATU156","Relatório Liberação Pedidos Faturamento por Rota (Resumido)","Relatório"
"FATU163","Relatório Liberação Pedidos Faturamento por Rota (Detalhado)","Relatório"
"CFAB17","Emissão Cartão Componente - Versão CFAB18_PADRAO","Programa"
"CFAB18_PADRAO","Emissão Cartão Componente","Relatório"
"CFAB17","Emissão Cartão Componente - Versão CFAB121","Programa"
"CFAB121","Emissão Cartão Componente","Relatório"
"FVEN5","Cálculo Preço de Venda - Calçado s/Preço Estratégico - Report FVEN7","Programa"
"FVEN7","Cálculo Preço de Venda","Relatório"
"FVEN5","Cálculo Preço de Venda -  Excel OKS 64b","Programa"
"FVEN7","Cálculo Preço de Venda","Relatório"
"FVEN5","Cálculo Preço de Venda","Programa"
"FVEN7","Cálculo Preço de Venda","Relatório"
"RECE7","Retorno Remessa Beneficiamento Estab 11","Programa"
"CEXC86","Emissão Ordem de Fabricação","Programa"
"CEXC87","Emissão Ordem de Fabricação","Relatório"
"MPSP74","Relatório Plano Mestre de Produção por Plano, Produto e Cliente - Report MPSP80","Programa"
"MPSP80","Relatório Plano Mestre de Produção por Plano, Produto e Cliente (novo)","Relatório"
"FATU16","Gera/Emissão Rótulo Unidade Armazenamento (AB Calçados)","Programa"
"FATU86","Emissão Rótulos ( AB )","Relatório"
"ADMI999_DISCO_PEDRO","Discos e Músicas - Treinamento - Pedro","Programa"
"ADMI999_REL","Relatório de Disco - Treinamento","Relatório"
"PEDI7","Emissão de Etiqueta por Unidade de Produto por Plano de Produção - PEGADA - Chinelos","Programa"
"PEDI135","Etiqueta PEGADA","Relatório"
"PEDI4","Liberação Pedidos Faturamento - Sem Produção Estab 115 Loc 5118","Programa"
"ADMI999_DISCO_ARTHUR","Discos e Músicas - Treinamento - Arthur","Programa"
"ADMI999_DISCO_ARTHUR_REP","Relatório de Disco - Treinamento - Arthur","Relatório"
"COMP52","Relatório de Log","Relatório"
"CEXT85","02-Faturamento de Exportação","Programa"
"CEXT82_PEGADA","Pró Forma","Relatório"
"CEXT82_PEGADA","Pró Forma","Relatório"
"FATU124","Importação de Notas Fiscais de Entrada por XML - Emp 210","Programa"
"MPSP5","Plano de produção AUG","Programa"
"ADMI159","Imagem por Relatório","Programa"
"CFAB90","Apontamento MultiTarefa - Laminados","Programa"
"CFAB1","Apontamento de Ordem de Fabricação Laminado c/ Lote (Processo 154)","Programa"
"PEDI8_GNT","Emissão de Etiqueta","Relatório"
"FATU159","Emissão de LPN","Relatório"
"FATU155","Emissão de Talão","Relatório"
"CFAB95","Relatório Consulta Rótulos Agrupados","Relatório"
"PEDI6","Emissão de Pedidos - FD HOME DECOR","Programa"
"PEDI42","Pedido de Venda","Relatório"
"CREC25_SICREDI","Boleto Gráfico - SICREDI","Relatório"
"CFAB7","Emissão Ordem de Fabricação HMD","Programa"
"CFAB67","Emissão Ordem de Fabricação","Relatório"
"MPSP5","Plano de Produção - Roteiros","Programa"
"FPAG203","02-Ficha Médica","Relatório"
"PEDI73","Liberação Pedidos Faturamento - Aniger - PERMITE_ROMANEIO_SEM_WMS = S","Programa"
"RHUM29","03-Controle Uniformes","Relatório"
"FATU156","Relatório Liberação Pedidos Faturamento por Rota (Resumido)","Relatório"
"FATU83","Relatório Liberação Pedidos Faturamento por Rota (Detalhado)","Relatório"
"CREC73","relatório","Relatório"
"VEND23","Relatório de perdas","Relatório"
"CFAB65","Apontamento de Rótulos - PROC 1484","Programa"
"COMP74","Envio de E-mail de Pedidos de Compras","Programa"
"RECE30","Recebimento de Notas de Empresa do Mesmo Grupo (Novo)","Programa"
"FPAG30","Lista Resumida de Funcionário","Relatório"
"FPAG180","Lista Resumida de Funcionário Atividades","Relatório"
"CBAN15","Extrato de Conciliação Bancaria - Aniger","Programa"
"PEDI113","Lote Produção Estoque","Relatório"
"ADMI161","Cadastro de Depósito","Programa"
"EPRO47_M","FLUXOS - NAO USAR - Martin","Programa"
"PEDI1","Lote Produção Estoque - Forecast","Programa"
"EPRO102","Cadastro e Configuração Tipo Estrutura WMS","Programa"
"EPRO103","Cadastro Tipo Estrutura","Programa"
"ADMI44","Cadastro Localização","Programa"
"EPRO58","Estruturação de Produtos - Inventário","Programa"
"EPRO59","Estruturação de Produtos - Abastecimento","Programa"
"PREC9","Calendário Recursos","Programa"
"FATU42","Romaneio Transferência - c/ Integração WMS","Programa"
"ADMI162","Serviço Inspeção","Programa"
"ADMI35_LETI","Clientes - LETI","Programa"
"PEDI1","Pedidos de Venda - Normal OK","Programa"
"MPSP82","Pedido de Venda","Relatório"
"PEDI132","Pro-Forma","Relatório"
"PEDI73","Liberação Pedidos Faturamento - Sem Estab e Local","Programa"
"FATU15_BRISA","Relatório Notas Fiscais Matricial","Relatório"
"PEDI117","Relatório de Pendencias de Clientes","Relatório"
"PEDI4_OF","Liberação Pedidos Faturamento OF - LIBERAR_PED_SEM_PRODUCAO = 'N'(Marcio) ESTAB 21, LOC 30","Programa"
"FATU15_BRISA","Relatório Notas Fiscais Matricial","Relatório"
"PEDI117","Relatório de Pendencias de Clientes","Relatório"
"CFAB161","Etiqueta Apontamento Metrixer","Relatório"
"FATU180","Retorno de Industrialização Depósito Disponível - s/Lote s/SKU - FATU180","Programa"
"FATU180","Retorno de Industrialização Depósito Disponível - LIBERAR_PED_SEM_PRODUCAO = N","Programa"
"CFAB17","Emissão Cartão Componente - HENRICH - CFAB62","Programa"
"CFAB62","Emissão Cartão Componente","Relatório"
"CPAG46","Relatório Documentos - Frigolaste","Relatório"
"CPAG7","Relatório Documentos - Frigolaste","Programa"
"CPAG8","Relatório Documentos","Relatório"
"CPAG38","Relatório Documentos/Moeda","Relatório"
"CPAG48","Relatório de Documentos (com observações da NFE)","Relatório"
"CPAG46","Relatório Documentos - Frigolaste","Relatório"
"ADMI50","Criação de Logs Novo","Programa"
"PEDI5","Pedido de Venda","Relatório"
"PEDI5","Pedido de Venda","Relatório"
"PEDI132","Pro-Forma","Relatório"
"PEDI132","Pro-Forma","Relatório"
"ADMI999_DISCO_JULIANO","Discos e Músicas - Treinamento - Juliano","Programa"
"CFAB1","Apontamento de Ordem de Fabricação - Leitor - Robert","Programa"
"PEDI7","Emissão de Etiqueta por Unidade de Produto por Plano de Produção - PEGADA PEDI91","Programa"
"PEDI70","Etiqueta PEGADA","Relatório"
"CEXC88","Cadastro Emails Revisão OF","Programa"
"EPRO101","Grupo Código Barras","Programa"
"EPRO94","Sub-Coleções","Programa"
"PEDI5","Pedido de Venda","Relatório"
"PEDI132","Pro-Forma","Relatório"
"MPSP2","Planejamento - Geral c/Fluxos","Programa"
"PEDI44","Liberação Pedidos Faturamento - Deise","Programa"
"ESTO103","Gera Nota Fiscal Abastecimento Materiais - Remessa Industrialização","Programa"
"PEDI78","Relatório","Relatório"
"CPAG35","LOG Remessa Cobrança Escritural","Relatório"
"MPSP46","Abastecimento fulão - Ordem de fabricação - Augusto","Programa"
"FATU180","Retorno/Faturamento de Industrialização - Localização 9981 - Cocalqui","Programa"
"FATU16","Gera/Emissão Rótulo - ROBERTO","Programa"
"FATU173","Rotulos","Relatório"
"FATU1","Fundamentação Legal - teste","Programa"
"CEXT39","Contrato de Câmbio Exportação","Programa"
"FATU74","PGD Gera NF pelo Rótulo ESTAB 31  Loc.31","Programa"
"CEXT39","Contrato de Câmbio Exp. Contas a Receber","Programa"
"ADMI999_DISCO_ROGER","Discos e Músicas - Treinamento - Roger","Programa"
"COMP7","Posição de Entregas - Roberto","Programa"
"COMP8","Posição de Entregas","Relatório"
"FATU153","Liberação Pedidos Fatur por Rota-Laminados Estab 21 - Ñ OLHA PAINEL","Programa"
"COMP63","Posição de Entregas - Agrupamento Pedido","Relatório"
"COMP70","Posição de Entregas - Agrupamento Comprador","Relatório"
"COMP72","Posição de Entregas - Agrupamento Comprador","Relatório"
"PEDI4","Liberação Pedidos Faturamento Brisa - Estab 21 Local 5124 - Laminados","Programa"
"FATU15_BRISA","Relatório Notas Fiscais Matricial","Relatório"
"PEDI117","Relatório de Pendencias de Clientes","Relatório"
"FATU156","Relatório Liberação Pedidos Faturamento por Rota (Resumido)","Relatório"
"FATU163","Relatório Liberação Pedidos Faturamento por Rota (Detalhado)","Relatório"
"CFAB7","9. Emissão Ordem de Fabricação (+PROCESSO) PEDRO","Programa"
"ADMI999_DISCO_ROBERT","Discos e Músicas - Treinamento - Robert","Programa"
"ADMI999_REL","Relatório de Disco - Treinamento","Relatório"
"CFAB134","Apontamento de Rótulos Completo - Processo 191 LOCAL 16","Programa"
"CFAB134","Apontamento de Rótulos Completo - Processo 191 LOCAL 9893","Programa"
"PEDI52","Pedido de Venda - PEDI52 - (HMD)","Programa"
"PEDI42","Relatório Pedido de Venda - Resumido","Relatório"
"FATU14","Relatório Notas Fiscais","Relatório"
"FATU15_ANTONIELLE","Relatório Notas Fiscais Matricial","Relatório"
"RECE26","Relatório Carta de Correção","Relatório"
"FATU64","Relatório Recibo","Relatório"
"ESTO111","Relatório Emissão de Lote","Relatório"
"FATU142","Etiqueta","Relatório"
"PEDI5","Pedido de Venda","Relatório"
"PEDI132","Pro-Forma","Relatório"
"PEDI7","Emissão de Etiqueta por Unidade de Produto por Plano de Produção - HENRICH PEDI69","Programa"
"PEDI8_HENRICH_PDV","Emissão de Etiqueta por Unidade de Produto por Plano de Produção - HK ARGOX","Programa"
"PEDI69","Emissão Etiqueta Henrich PDV","Relatório"
"ADMI58","Configuração Diretórios Projetos","Programa"
"ADMI99","Regras Tributação ICMS Produtos Importados","Programa"
"PEDI5","Pedido de Venda","Relatório"
"PEDI132","Pro-Forma","Relatório"
"PEDI145","Pedido de Venda","Relatório"
"PEDI132","Pro-Forma","Relatório"
"FATU136","NIMO - Retorno de Industrialização Depósito Disponível - Diversas Remessas - LIBERAR_PED_SEM_PRODUCAO = N","Programa"
"MPSP73","Planejamento Frigorifico - ESTRUTURA 03/2020","Programa"
"CFAB23","Exclusão Apontamento de Rótulos PROC 1484","Programa"
"CFAB134","Apontamento de Rótulos Completo - Processo 1484","Programa"
"ESTO129","Plano Abastecimento Materiais - Requisição Depósito Disponível ESTO129","Programa"
"ESTO26","Relatório Plano Abastecimento Materiais - Necessidades","Relatório"
"ESTO78","Relatório Plano Abastecimento Materiais - Necessidades","Relatório"
"ESTO112","Plano Abast Materiais e Controle de OF S/APONT (Loc 9)","Programa"
"CFAB19_CURTUME_PADRAO","CFAB19_CURTUME - Emissão de OF","Relatório"
"EPRO95","Grupo Construções","Programa"
"RECE7","Retorno Remessa Beneficiamento Estab 3","Programa"
"ESTO115","Reclassificação de Produtos KRUMENAUER","Programa"
"PEDI1_M","Pedidos de Venda - Normal - Martin","Programa"
"PEDI145","Pedido de Venda","Relatório"
"PEDI132","Pro-Forma","Relatório"
"COMP9","Pedidos de Compra","Relatório"
"CFAB168","Gerador de Planos - Aniger TESTE ROBERTO","Programa"
"PEDI71","Vínculo entre Pedidos","Programa"
"PEDI1_240_2","Pedidos de Venda - Normal PATCH 240_2","Programa"
"PEDI145","Pedido de Venda","Relatório"
"PEDI132","Pro-Forma","Relatório"
"EPRO96","Informações Técnicas","Programa"
"EPRO97","Informações Comerciais","Programa"
"EPRO98","Ocasiões de Uso","Programa"
"PATR8","Prédios","Programa"
"COMP50","Plano de Necessidades de Compras Por Estabelecimento - Gera Neces Estab Fat","Programa"
"COMP52","Relatório de Log","Relatório"
"FATU153","Liberação Pedidos Faturamento por Rota Estab 3 - Emissão LOCAL 122 Ñ OLHA PAINEL","Programa"
"FATU156","Relatório Liberação Pedidos Faturamento por Rota (Resumido)","Relatório"
"FATU163","Relatório Liberação Pedidos Faturamento por Rota (Detalhado)","Relatório"
"EPRO49","10 - Teste EPRO16","Programa"
"RHUM30","04-P.P.RA","Relatório"
"RHUM31","05-Trein Interno Segurança","Relatório"
"RHUM32","06-Termo Uso EPI","Relatório"
"RHUM33","07-Normas SST","Relatório"
"RHUM34","08-Trein Óculos Proteção","Relatório"
"RHUM35","09-Treinamento Prensas","Relatório"
"FPAG205","Relatório Estorno Férias","Programa"
"FPAG206","Relatório Estono INSS","Relatório"
"MIND27","Solicitação/Ordem de Serviços de Manutenção - ROBERTO","Programa"
"MIND28","Solicitação de Manutenção","Relatório"
"FATU22","Emissão Rótulo Unidade Armazenamento - OKSEBRA","Programa"
"FATU17_OKSEBRA","Rótulo Unidade Armazenamento","Relatório"
"FATU16","Gera/Emissão Rótulo Unidade Armazenamento - TESTE PN","Programa"
"FATU28","Relatório Rótulos","Relatório"
" FATU17_TECNOCALZA","Rótulo Tecnocalza.","Relatório"
"MPSP66","Relatório Resumo de Planos de Produção por Quinzena","Relatório"
"PEDI44","Liberação Pedidos Faturamento- Estab 5- Matriz (idem Pegada-Deise) - ESTAB 72120","Programa"
"VEND2","Lista de Preço (Estrutural) - ANIGER","Programa"
"CEXC54","Atualização de pedidos","Programa"
"FATU107","EMISSÃO ROTULOS POR NF_teste DN","Programa"
"FATU17_PEGADA_GRD_MARCAR","Emissão Rótulos com Documento Fiscal - GM","Relatório"
"FATU17_PEGADA","Emissão Rótulos com Documento Fiscal","Relatório"
"FATU24","Emissão Rótulos com Documento Fiscal_teste_DN","Programa"
"FATU17_PEGADA_GRD_MARCAR","Rótulos","Relatório"
"CPAG65","Integração CENPROT NAO USAR","Programa"
"FPAG80","Excel","Relatório"
"FATU72","Controle de Carga por Romaneio/NF Saída","Programa"
"FATU153","Liberação Pedidos Fatur por Rota Emp 11 Estab 21 - Ñ OLHA PAINEL","Programa"
"FATU88","Devolução de Transferência","Programa"
"FATU156","Relatório Liberação Pedidos Faturamento por Rota (Resumido)","Relatório"
"FATU163","Relatório Liberação Pedidos Faturamento por Rota (Detalhado)","Relatório"
"PREC37","Material","Programa"
"PEDI7","Emissão de Etiqueta Talão EXCEL tst","Programa"
"PEDI151","A","Relatório"
"FATU153","Liberação Pedidos Fatur por Rota Emp 210 Estab 115 - Ñ OLHA PAINEL","Programa"
"FATU156","Relatório Liberação Pedidos Faturamento por Rota (Resumido)","Relatório"
"FATU163","Relatório Liberação Pedidos Faturamento por Rota (Detalhado)","Relatório"
"PEDI44","Liberação Pedidos Faturamento (PEGADA) - Estab.115","Programa"
"FATU15_BRISA","Relatório Notas Fiscais Matricial","Relatório"
"PEDI117","Relatório de Pendencias de Clientes","Relatório"
"FATU90","Relatório Corrugado","Relatório"
"MPSP2","Planejamento - MATRIZARIA","Programa"
"FATU153","Liberação Pedidos Frigorífico Augusto","Programa"
"CFAB17","Emissão Cartão Componente - TESTE","Programa"
"FATU58","Relatório de Carta de Correção","Relatório"
"FATU117","Relatório de Ocorrências de Faturamento","Relatório"
"FATU14","Notas Fiscais de Saída","Relatório"
"CFAB165","Emissão Cartão Componente","Relatório"
"PEDI113","Lote Produção Estoque","Relatório"
"CEXC89","Recálculo dos Vencimentos de Notas Fiscais TESTE PEDRO","Programa"
"EPRO99","Segmento","Programa"
"CFAB134","Apontamento de Rótulos Completo - Processo 1486","Programa"
"EPRO100","Grupo Segmento","Programa"
"CFAB23","Exclusão Apontamento de Rótulos (Proc. 1486)","Programa"
"CFAB167","Cadastro Fluxo Produtivo - Aniger","Programa"
"EPRO15_ANIGER","Estruturação do Produto - Aniger","Programa"
"ADMI160","Bases compartilhadas","Programa"
"CBAN20","Controle de Cheques","Relatório"
"MPSP3","Atualizar MRP - Aniger","Programa"
"CUST14","Apropriação do Custeio Integrado","Relatório"
"CBAN20","Conferência de Cheques","Relatório"
"ESTO89","Manutenção de Rótulos - Aniger","Programa"
"FATU17_PEGADA","FATU17_PEGADA","Relatório"
"ESTO118","Relatório de Log - Manutenção de Rótulos","Relatório"
"PEDI1","Lote Produção Estoque fracionar lote","Programa"
"CEXC111","Relatório Pedido Serviço","Relatório"
"MPSP2","Planejamento - DH","Programa"
"FATU43","Controle de Carga por NF de Entrada","Programa"
"PEDI75","Alteração Tipo Entrega Produzir a Reservar Estoque","Programa"
"MPSP5","Plano de Produção -  Normal/ELAINE","Programa"
"CFAB65","Apontamento de Rótulos - Estab. 115 / Loc.115  PROCESSO 191","Programa"
"CPRO8","Relatório Análise ABC de Eventos - Painel de Abate","Programa"
"CPRO9","Relatório Análise ABC de Eventos","Relatório"
"CFAB65","Apontamento de Rótulos - PROC 1486 LOCAL 16 (EMP2/UN4)","Programa"
"COMP75","Plano de Necessidades de Compras - 60460","Programa"
"EPRO16","Estruturação do Produto - Aniger - EPRO16","Programa"
"CEXC49","Baixa de Requisição por Lista - Relatório","Relatório"
"CEXC1024","Nota Fiscal de Entrada - SUJETO EXCLUÍDO","Programa"
"FPAG41","1-Termo de Rescisão do Contrato de Trabalho","Relatório"
"FPAG42","2-Termo de Quitação de Rescisão de Contrato de Trabalho","Relatório"
"FPAG43","3-Termo de Homologação de Rescisão de Contrato de Trabalho","Relatório"
"FPAG44","4-Recibo de Pagamento de Férias","Relatório"
"FPAG37","7-Recibo Folha Mensal","Relatório"
"CFAB164","relatório","Relatório"
"CBAN14","12 - Emissão Cheque","Relatório"
"CBAN5","Pagamentos gera report CBAN36","Programa"
"CBAN21_HSBC_ESPANHOL","hsbc espanhol 2","Relatório"
"CBAN36","RECIBO","Relatório"
"FATU110","Retorno de Industrialização Depósito Disponível - SMART GROUP","Programa"
"FATU21","Numeração de Notas Fiscais - Novo","Programa"
"CEXC1073","Relatório","Relatório"
"FATU74","Gera NF pelo Rótulo - Estab 72109","Programa"
"PREC5","Classificação Ficha de Operação","Programa"
"CEXC83","Relatório Plano Mestre de Produção c/ Componentes..","Programa"
"CEXC84","Plano Mestre de Produção","Relatório"
"PEDI4","Liberação Pedidos Faturamento - Estab 2 LOCAL 9983","Programa"
"CPAG52","Aceite para Pagamento","Programa"
"CEXC85","Plano Mestre de Produção","Relatório"
"FATU15_BRISA","Relatório Notas Fiscais Matricial","Relatório"
"PEDI117","Relatório de Pendencias de Clientes","Relatório"
"PEDI44","Liberação Pedidos Faturamento - ESTAB 72113 LOCAL 9980","Programa"
"COMP52","Relatório de Log","Relatório"
"PEDI44","Liberação Pedidos Faturamento - ESTAB 72120 LOCAL 9968","Programa"
"COMP13","Plano de Necessidades de Compras - Aniger","Programa"
"FATU14","Relatório Notas Fiscais","Relatório"
"FATU15_ANTONIELLE","Relatório Notas Fiscais Matricial","Relatório"
"RECE26","Relatório Carta de Correção","Relatório"
"FATU64","Relatório Recibo","Relatório"
"ESTO111","Relatório Emissão de Lote","Relatório"
"EPRO15","Estruturação do Produto - TESTE","Programa"
"COMP52","Relatório de Log","Relatório"
"FATU1","Fundamentação Legal - FRETE","Programa"
"PEDI7","Emissão de Etiquetas por Produto - KABEK","Programa"
"CFAB7","Emissão Ordem de Fabricação","Programa"
"CFAB11_HKUNTZLER","Emissão Ordem de Fabricação","Relatório"
"PEDI1","Pedidos de Venda - Simplificado","Programa"
"PEDI5","Pedido de Venda","Relatório"
"MPSP33","Atualizar MRP","Programa"
"PEDI73","Liberação Pedidos Faturamento - Sem Estab e Local (PERMITE_ROMANEIO_SEM_WMS = S)","Programa"
"FATU6","Devoluções de Venda","Programa"
"FATU104","Devoluções de Venda","Programa"
"PEDI77","TIPO VALIDAÇÃO 1 - Importação de Pedidos (Planet) validar lista de preço","Programa"
"ESTO20","Registro Controle Produção e Estoque","Relatório"
"FATU180","Retorno/Faturamento de Industrialização - Localização 9993 - Cocalqui","Programa"
"CEXC109_ROBERT","Gerenciador de Serviços - Robert","Programa"
"CEXC111","Relatório Pedido Serviço","Relatório"
"MPSP2","Planejamento - Aniger","Programa"
"EPRO47","FLUXOS - NAO USAR","Programa"
"CFAB65","Apontamento de Rótulos - PROC 1486 LOCAL 31","Programa"
"CEXT20","Processo de Importação (Novo)","Programa"
"CFAB1","Apontamento de Ordem de Fabricação - Manual","Programa"
"CFAB1","Apontamento de Ordem de Fabricação - Manual Proc 79","Programa"
"CPAG63","Relatório Documentos - TST","Programa"
"CPAG64","Relatório Documentos","Relatório"
"RECE34","Retorno Remessa Industrialização de Empresas do Mesmo Grupo","Programa"
"PEDI73","Liberação Pedidos Faturamento - Aniger Estab 72112","Programa"
"CFAB65","Apontamento de Rótulos - PROC 1486 LOCAL 9980","Programa"
"RECE8","Relatório Retornos de Remessa Industrialização","Relatório"
"PEDI139","Importação de Pedidos de Venda - New Balance","Programa"
"MPSP14","Plano de Produção -  Aniger VALIDA_PROCESSO_MATERIAL = N","Programa"
"CUST26","Relatório Custeio Integrado","Relatório"
"CUST27","Relatório Custeio Integrado - Resumido","Relatório"
"PEDI76","Configuração de Parâmetros de Importação de Pedidos (Diversas Marcas) validar lista de preço","Programa"
"PEDI44","Liberação Pedidos Faturamento - ESTAB 72122","Programa"
"PEDI4","Liberação Pedidos Faturamento - Sem Produção 72122","Programa"
"FATU15_BRISA","Relatório Notas Fiscais Matricial","Relatório"
"CFAB65","Apontamento de Rótulos - PROC 1486 LOCAL 9991","Programa"
"LFIS24","Apuração ICMS","Relatório"
"FPAG139","Advertência","Relatório"
"FPAG140","Suspensão","Relatório"
"PEDI77","Importação de Pedidos (VEJA) validar lista de preço","Programa"
"PEDI77","Importação de Pedidos (Puma) validar lista de preço","Programa"
"PEDI77","Importação de Pedidos (Nike) validar lista de preço","Programa"
"PEDI77","Importação de Pedidos (VEJA_UNITS E NÃO UNITS/NÃO PACKS) validar lista de preço","Programa"
"PEDI77","Importação de Pedidos (VEJA_PACK) validar lista de preço","Programa"
"CREC55","Estado Título Cobrança","Programa"
"MPSP2","Planejamento - COCALQUI ROBERTO","Programa"
"FATU74","Gera NF pelo Romaneio - Aniger","Programa"
"MPSP28_HKUNTZLER","Plano Mestre de Produção por Modelo","Relatório"
"FPAG139","Advertência","Relatório"
"FATU17_PEGADA_GRD_MARCAR","Emissão Rótulos com Documento Fiscal","Relatório"
"FPAG140","Suspensão","Relatório"
"FATU107","EMISSÃO ROTULOS POR NF - PGD 2","Programa"
"FATU17_PEGADA_GRD_MARCAR","Emissão Rótulos com Documento Fiscal - PEGADA","Relatório"
"FATU31","Emissão Rótulos Multi-Produtos","Relatório"
"PEDI80","PEDI80","Programa"
"VEND124","VEND124 TESTE","Relatório"
"COMP13","Plano de Necessidades de Compras S por ESTAB","Programa"
"COMP52","Relatório de Log","Relatório"
"COMP75","Plano de Necessidades de Compras - GERA_ESTAB_PEDIDO = S","Programa"
"COMP52","Relatório de Log","Relatório"
"CFAB170","Analise de Compras Matéria-Prima Couro / Fornecedor","Relatório"
"PEDI1","Pedidos de Venda - PLANET","Programa"
"PEDI5","Pedido de Venda","Relatório"
"PEDI132","Pro-Forma","Relatório"
"PEDI1_LETI","Pedidos de Venda - Normal","Programa"
"PEDI5","Pedido de Venda","Relatório"
"PEDI132","Pro-Forma","Relatório"
"MPSP5","Plano de Produção -  Normal/ FABIANE","Programa"
"CEXC111","Relatório Pedido Serviço","Relatório"
"CPAG52","Aceite para Pagamento - TESTE - PN","Programa"
"EPRO16_M","Estruturação do Produto - Aniger - MARTIN","Programa"
"FPAG204","Descontos - Teste PN","Programa"
"PEDI72","Configurador de Pedidos por Empresa","Programa"
"FATU74","Gera NF pelo Rótulo - Aniger","Programa"
"ESTO25","Plano Abastecimento Materiais - Requisição - Depósito Sim","Programa"
"ESTO26","Relatório Plano Abastecimento Materiais - Necessidades","Relatório"
"ESTO78","Plano Abastecimento Materiais - Requisição","Relatório"
"VEND25","Combo de Venda","Programa"
"ESTO150","Plano Abastecimento Materiais - Lançamento de Requisição","Relatório"
"FATU6","Devoluções de Venda - IGUAL A PEGADA","Programa"
"PEDI44","Liberação Pedidos Faturamento - IGUAL A PEGADA","Programa"
"FATU74","Gera NF pelo Rótulo - Aniger - Sem Cliente","Programa"
"PEDI77","Importação de Pedidos (Havaianas) validar lista de preço","Programa"
"VEND28","Flex Tst","Programa"
"VEND29","Relatório tst","Relatório"
"PEDI139","Importação de Pedidos de Venda - Veja - Arquivo c/ Solidos/Units","Programa"
"FATU104","Devoluções de Venda - Lançamento - Estab 31","Programa"
"FATU180","Retorno de Industrialização Depósito Disponível - LIBERAR_PED_SEM_PRODUCAO = S","Programa"
"PEDI77","Importação de Pedidos (Diversas Marcas) validar lista de preço","Programa"
"ADMI166","Cria Sinônimos","Programa"
"LFIS132","Configuração Sped Fiscal ICMS Presumido","Programa"
"PEDI77","Importação de Pedidos (Kane) validar lista de preço","Programa"
"LFIS98","Relatório Consolidação PIS/COFINS ENTRADAS E SAÍDAS","Relatório"
"CFAB1","Apontamento de OF Augusto","Programa"
"PEDI7","Emissão PEDI7 teste","Programa"
"PEDI8_HENRICH_BOLSAS","ETIQUETA LTZ","Relatório"
"CBAN42_ESP","Recibo","Relatório"
"SERV4","Histórico de Objetos","Programa"
"ADMI999_DISCO_FERNANDO","Discos e Músicas - Treinamento - Fernando","Programa"
"ADMI999_DISCO_FERNANDO_REP","Relatório de Disco - Treinamento","Relatório"
"ADMI999_DISCO_PATRICK","Discos e Músicas - Treinamento - Patrick","Programa"
"ADMI999_DISCO_PATRICK_REP","Relatório de Disco - Treinamento Patrick","Relatório"
"RECE31","Relatório Impostos","Relatório"
"FATU93","TESTE","Relatório"
"FATU14","Relatório Notas Fiscais","Relatório"
"FATU15_ANTONIELLE","Relatório Notas Fiscais Matricial","Relatório"
"RECE26","Relatório Carta de Correção","Relatório"
"FATU64","Relatório Recibo","Relatório"
"ESTO111","Relatório Emissão de Lote","Relatório"
"FATU74","Gera NF pelo Romaneio ESTAB 24","Programa"
"FATU74","Gera NF pelo Romaneio","Programa"
"VEND24","Grupo Planejamento de Vendas","Programa"
"FPAG98","Recibo Vale Transporte - Teste","Programa"
"FPAG180","Saúde e Segurança do Trabalho","Programa"
"FPAG190","01-Avaliação Audiológica","Relatório"
"FPAG37","01-Mensal - Recibo de Pagamento","Relatório"
"FPAG41","02-Termo de Rescisão","Relatório"
"FPAG42","03-Termo de Rescisão - Quitação","Relatório"
"FPAG43","04-Termo de Rescisão - Homologação","Relatório"
"FPAG45","06-Férias - Aviso","Relatório"
"FPAG46_BRI","07-Férias - Solicitação de Abono","Relatório"
"FPAG44_HNR","05-Férias - Recibo","Relatório"
"FPAG115","08-Recibo Pagamento Matricial","Relatório"
"FPAG124","09-Recibo com Ponto","Relatório"
"FPAG149","11-Lista Adiantamento Quinzenal - Tecnocalza","Relatório"
"FPAG153","12-Recibo Semanal","Relatório"
"FPAG165","13-Relatório Analítico de Rescisão","Relatório"
"FPAG179","14-Recibo com Ponto e Atividades Diárias","Relatório"
"FPAG99","1 - Recibo Vale Transporte","Relatório"
"FPAG110","3 - Resumo Vale Transporte","Relatório"
"FPAG111","4 - Lista Vale Transporte C/ Valor Desconto","Relatório"
"FPAG101","Posição de Férias","Relatório"
"ADMI161","Depósito WMS","Programa"
"EPRO102","Configuração Tipo Estrutura WMS","Programa"
"MPSP66","Relatório Resumo de Planos de Produção por Quinzena","Relatório"
"CFAB30","Emissão Talão HK","Programa"
"CFAB31_HKZ","Emissão Talão","Relatório"
"FATU12","Transferências - Estab 72110","Programa"
"FATU12","Transferências - Estab 2","Programa"
"FATU37","Importação de Notas Fiscais de Entrada por Email","Programa"
"PEDI4","Liberação Pedidos Faturamento - Estab. 115 VALIDA GTIN NF POR TAM LOC 9938","Programa"
"FATU15_BRISA","Relatório Notas Fiscais Matricial","Relatório"
"PEDI117","Relatório de Pendencias de Clientes","Relatório"
"ESTO154","Controle de Integração de Rótulos - WMS","Programa"
"FATU17_PEGADA","FATU17_PEGADA","Relatório"
"ESTO118","Relatório de Log - Manutenção de Rótulos","Relatório"
"FATU16","Gera/Emissão Rótulo Unidade Armazenamento - PEDIDO","Programa"
"FATU17_MALU","Relatório Rótulos","Relatório"
"PEDI77","Importação de Pedidos (Asics) validar lista de preço","Programa"
"FATU124","Importação de Notas Fiscais de Entrada por XML teste","Programa"
"CREC21","Integração CENPROT","Programa"
"RECE7","Retorno de Remessa Beneficiamento - Beneficamento Triangular - Cat Pedido 5","Programa"
"FPAG52","01-Ficha de Registro","Relatório"
"FPAG53","02-A.S.O.","Relatório"
"FPAG54","03-Contrato de Trabalho (experiência)","Relatório"
"FPAG55","04-Termo de Compensação de Horas","Relatório"
"FPAG56","05-Pedido de não inclusão ou cancelamento de Vale Transporte","Relatório"
"FPAG57","06-Declaração de deslocamento(Vale Transporte)","Relatório"
"FPAG61","07-Contrato de confiança","Relatório"
"FPAG62","08-A.S.O. Ficha Clínica","Relatório"
"FPAG63","09-Autorização de descontos","Relatório"
"FPAG65","11-Termo de responsabilidades interno","Relatório"
"FPAG66","12-Termo de Responsabilidade Salário Família","Relatório"
"FPAG67","13-Termo de Alteração Contratual","Relatório"
"FPAG68","14-Ficha de salário família","Relatório"
"FPAG69","15-Verso Ficha Salário Família","Relatório"
"FPAG70","16-Declaração de dependentes I.R.R.F.","Relatório"
"FPAG71","17-Recibo de entrega de C.T.P.S.","Relatório"
"FPAG72","18-Pedido de demissão trabalhado","Relatório"
"FPAG73","19-Pedido de demissão NÂO trabalhado","Relatório"
"MPSP3","Atualiza Plano de Produção - Aniger","Programa"
"EPRO16","1-Estruturação de Produtos - Aniger","Programa"
"CFAB168","Gerador de Planos - Aniger","Programa"
"PEDI3","Cancelamento de Entrega Pedido - Validações","Programa"
"PEDI114","Cancelamento de Entrega Pedido","Relatório"
"EPRO103","Tipo Estrutura WMS","Programa"
"MPSP5","Plano de Produção Augusto","Programa"
"MPSP2","Planejamento POC AREZZO","Programa"
"FPAG75","21-Aviso prévio indenizado","Relatório"
"FPAG76","22-Comunicado de rescisão por término de contrato","Relatório"
"FPAG77","23-P.P.P.-Perfil Profissiográfico Previdenciário","Relatório"
"FPAG78","24-Prorrogação de Contrato","Relatório"
"FPAG166","25-Acordo Para Prorrogação de Horas Extras","Relatório"
"FPAG201","26 - Término Antecipado Do Contrato De Experiência - Pelo Empregado","Relatório"
"FPAG202","27 - Término Antecipado Do Contrato De Experiência - Pelo Empregado","Relatório"
"FPAG208","28 - Integração de Novos Colaboradores","Relatório"
"FATU89","Configuração de Embasamento Legal de Frete","Programa"
"MPSP14_MAR","Plano de Produção -  MARTIN","Programa"
"PEDI4","Liberação Pedidos Faturamento - ESTAB 1 - ROBERTO","Programa"
"FATU15_BRISA","Relatório Notas Fiscais Matricial","Relatório"
"PEDI117","Relatório de Pendencias de Clientes","Relatório"
"PEDI5","Pedido de Venda","Relatório"
"PEDI132","Pro-Forma","Relatório"
"FATU104","Devoluções de Venda - Lançamento","Programa"
"ADMI167","Importação de Objetos BD Origem -> Destino","Programa"
"PEDI5","Pedido de Venda","Relatório"
"PEDI132","Pro-Forma","Relatório"
"FATU158","Relatório Detalhamento","Relatório"
"CREC25","Bloqueto Gráfico","Relatório"
"ESTO12","Relatório Consumos","Relatório"
"FPAG74","20-Aviso prévio trabalhado","Relatório"
"ESTO88","Relatório Consumos por Estrutural","Relatório"
"ESTO94","Relatório Consumos por Estrutural","Relatório"
"PEDI5","Pedido de Venda","Relatório"
"PEDI132","Pro-Forma","Relatório"
"FATU10","Relatório Imposto TESTE","Programa"
"MPSP14","Plano de Produção -  Aniger","Programa"
"CEXT49","Status de Importação","Programa"
"MPSP5","Plano de Produção -  Aniger - MPSP5","Programa"
"VEND26","Relatório Resumido de Comissões","Programa"
"VEND27","Resumo de Comissões","Relatório"
"MPSP2","Planejamento - ANIGER ROBERTO","Programa"
"COMP13","Plano de Necessidades de Compras - c/ Param Aniger (menos GERA_ESTAB_PEDIDO (está N))","Programa"
"COMP52","Relatório de Log","Relatório"
"FATU38","Configuração Email para Importação de XML e Danfe","Programa"
"PEDI139","Importação de Pedidos de Venda - Nike","Programa"
"PEDI139","Importação de Pedidos de Venda - Asics","Programa"
"PEDI139","Importação de Pedidos de Venda - Havaianas","Programa"
"PEDI139","Importação de Pedidos de Venda - Veja - Arquivo c/ Pack/Musical","Programa"
"PEDI139","Importação de Pedidos de Venda - Puma","Programa"
"PEDI139","Importação de Pedidos de Venda - Kane","Programa"
"CBAN7","Configuração Layout Cheques","Programa"
"FPAG208","28 - Integração de Novos Colaboradores","Relatório"
"ADMI163","Identificadores de emails","Programa"
"EPRO104","Construção","Programa"
"FATU3_LETI","Notas Fiscais de Entrada - Monitor - LETI","Programa"
"FATU14","Relatório Notas Fiscais","Relatório"
"FATU15_ANTONIELLE","Relatório Notas Fiscais Matricial","Relatório"
"RECE26","Relatório Carta de Correção","Relatório"
"FATU64","Relatório Recibo","Relatório"
"ESTO111","Relatório Emissão de Lote","Relatório"
"FATU142","Etiqueta","Relatório"
"PEDI73","Liberação Pedidos Faturamento - Aniger AGRUPA PEDIDOS","Programa"
"CFAB171","Emissão de Lotes + Processos","Relatório"
"FATU173","Relatório de Encaixotamento","Relatório"
"PEDI1_240","Pedidos de Venda - Normal 240","Programa"
"PEDI5","Pedido de Venda","Relatório"
"PEDI132","Pro-Forma","Relatório"
"CFAB168","Gerador de Planos - Aniger TESTE MARCIO","Programa"
"RECE7","Retorno de Remessa Beneficiamento - Beneficamento Triangular - Cat Pedido 55","Programa"
"RECE42","Retornos de Remessa Beneficiamento - Automático - Pré Recebimento","Programa"
"LFIS112","Relatório Geração SPED - EFD Contribuições (PIS/Cofins)","Relatório"
"LFIS112","Relatório Geração SPED - EFD Fiscal (ICMS/IPI)","Relatório"
"PEDI77","Importação de Pedidos (OKSEBRA) validar lista de preço","Programa"
"LFIS133","LFIS133","Relatório"
"EPRO105","Estruturação do Produto - Manufatura - Novo","Programa"
"FATU50","Relatório Imposto (Retenção)","Relatório"
"FATU162","Relatório Imposto PIS / COFINS","Relatório"
"LFIS133","TESTE","Relatório"
"FATU58","Relatório de Carta de Correção","Relatório"
"FATU117","Relatório de Ocorrências de Faturamento","Relatório"
"FATU73","Notas Fiscais de Saída","Relatório"
"ADMI999_DISCO_GUSTAVO","Discos e Músicas - Treinamento - Gustavo","Programa"
"ADMI999_DISCO_GUSTAVO_REP","Relatório de Disco - Treinamento - Gustavo","Relatório"
"ADMI999_DISCO_ROGER_REP","Relatório de Disco - Treinamento - Roger","Relatório"
"FATU12","Transferências - Estab 72133","Programa"
"COMP52","Relatório de Log","Relatório"
"CFAB174","emissão lote","Relatório"
"PEDI5","Pedido de Venda","Relatório"
"PEDI132","Pro-Forma","Relatório"
"PEDI4","Liberação Pedidos Faturamento PEDI4 Emp 2 Estab 3 Loc 16 - Grafdil","Programa"
"PEDI151","Emissão do Talão","Relatório"
"PEDI8_LTZ","Etiqueta Via Mia","Relatório"
"PEDI7","1. Gerador de Codigo de Barras de Etiq. de Talão - Lutheuz","Programa"
"PEDI7","2. Emissão de Etiq. produto (individual)  - Lutheuz","Programa"
"FATU16","Gera/Emissão Rótulo Unidade Armazenamento - ZENNY","Programa"
"FATU129","Emissão Rótulos","Relatório"
"CBAN5"," RR TST","Programa"
"FATU131","Rótulo Novo Piagui","Relatório"
"CREC51","Configuração Arquivo ACI","Programa"
"FATU14","Relatório Notas Fiscais","Relatório"
"FATU3","Notas Fiscais de Entrada FL01","Programa"
"FATU15_ANTONIELLE","Relatório Notas Fiscais Matricial","Relatório"
"RECE26","Relatório Carta de Correção","Relatório"
"FATU64","Relatório Recibo","Relatório"
"CEXT55","Agrupador Processos de Exportação","Programa"
"CUST2","Configuração Custeio","Programa"
"CFAB61","Emissão de Lote - PEGADA","Programa"
"CFAB62_PEGADA","Emissão de Lote","Relatório"
"FATU16","Geração/Emissão Rótulo - Piagui - Volume por Pedido","Programa"
"EPRO28","Aprovação p/Cálculo de Custos - Marcio","Programa"
"COMP75","Plano de Necessidades de Compras - Normal","Programa"
"COMP52","Relatório de Log","Relatório"
"COMP76","COMP76","Relatório"
"ESTO96","Impressão Etiqueta Local de Armazenagem","Relatório"
"MPSP5","MPSP5 - Pegada","Programa"
"CFAB134","Apontamento de Rótulos Completo S/ Parâmetro","Programa"
"CFAB22","Apontamento de Rótulos (Processo 1279 - MONTAGEM)","Programa"
"LFIS136","Ajuste de Saldos K200","Programa"
"ESTO36","Solicitação de Necessidades de Materiais (OC)","Programa"
"PEDI73","Liberação Pedidos Faturamento - PEDI73 NOVO","Programa"
"FATU74","Gera NF pelo Rótulo - ATTA","Programa"
"CFAB189","Emissão de Talão","Relatório"
"FATU61_PN","Monitor Notas Fiscais Eletrônicas - TESTE PN","Programa"
"FATU58","1 - Relatório de carta de correção (PDF).","Relatório"
"FATU30","2 - Recibo de Locação","Relatório"
"FATU58","3 - Relatório de Carta de Correção","Relatório"
"RECE26","4 - Relatório Carta de Correção Entrada","Relatório"
"CEXT84","Processo de Exportação","Programa"
"CEXT24","Faturamento de Exportação","Programa"
"FATU130","Nova Emissão Notas Fiscais","Programa"
"PEDI14","Importação Pedido Venda EDI - KUNDEN","Programa"
"PEDI83","Consulta Log Integração Pedido Venda API","Programa"
"CEXC18","Relatório Cotações","Relatório"
"CFAB178","Emissão de Plano de Produção - VPS","Programa"
"CFAB179","Novo - Emissão Lote - VPS","Relatório"
"FATU2","Notas Fiscais de Saída - KND","Programa"
"COMP50","Plano necessidade PEGADA","Programa"
"FATU37_PIAGUI","Relatório Notas Fiscais Matricial","Relatório"
"FATU15_HKUNTZLER","Rel NF","Relatório"
"EPRO42","Alteração Lista Material de Produtos","Relatório"
"EPRO28","Aprovação p/Cálculo de Custos - Roberto","Programa"
"CEXT107","Instrução para Faturamento","Programa"
"CONT77","Livro Razão Brisa","Relatório"
"PEDI4","Liberação Pedidos Faturamento Loc 99686 Item Tamanho S","Programa"
"PEDI4","Liberação Pedidos Faturamento Loc 99686 Item Tamanho N","Programa"
"CUST8","Recálculo do Custeio das Ordens de Fabricação - Planet","Programa"
"CREC25_CRESOL","EMISSÃO BOLETO","Relatório"
"TERC10","Gera Notas Fiscais Remessa Industrialização Categ. 62","Programa"
"RECE7","Retornos de Remessa Industrialização - Com Apontamento Produção, Cat Pedido 62","Programa"
"CFAB22","6.2 Apontamento de Rótulos - (RN)","Programa"
"FPAG216","Tabela 29 - Códigos de Receita - Reclamatória Trabalhista","Programa"
"MPSP6_MPSP82","Relatório Programação Prevista X Realizada (MPSP82)","Programa"
"CFAB1","Apontamento OF PLANO PROD (LETI) com Processo - Teste Alexis","Programa"
"PEDI8_GNT","Emissão de Etiqueta","Relatório"
"FATU159","Emissão de LPN","Relatório"
"FATU155","Emissão de Talão","Relatório"
"MPSP82","Programação Prevista X Realizada","Relatório"
"PEDI44","Liberação Pedidos Faturamento - ESTAB 1 - LOC 2","Programa"
"PEDI1","Pedidos de Venda - ROBERTO","Programa"
"PEDI5","Pedido de Venda","Relatório"
"PEDI132","Pro-Forma","Relatório"
"CEXT84_ARTHUR","Processo de Exportação - Arthur (CEXT24)-----------","Programa"
"CEXT82","02 - Relatório Packing List","Relatório"
"CEXT84"," Processo Exportação - JB","Programa"
"CEXT110","01 - Relatório Invoice/Fatura","Relatório"
"CEXT83","03 - Relatório Certificado de Origem","Relatório"
"CEXT110","04 - Relatório Proforma","Relatório"
"CEXT106","06 - Relatórios Rotulos","Relatório"
"CEXT76","05 - Relatório RE","Relatório"
"CEXT94","07 - Relatório Documento p/Saque","Relatório"
"CEXT100","08 - Relatório Payment Terms","Relatório"
"CEXT98","09 - Relatório Carta Remessa","Relatório"
"CEXT101","10 - Relatório Comissões","Relatório"
"FATU183","Relatório Notas Fiscais Industrializadas","Relatório"
"COMP26","Plano de Necessidades de Formas (Processo 79)","Programa"
"COMP27","Plano de Necessidades de Formas","Relatório"
"CFAB137","Emissão Ordem de Fabricação","Relatório"
"CFAB21","Composição Plano Produção p/ Ordem de Fabricação","Relatório"
"PEDI1","PEDI1 - AUGUSTO","Programa"
"MPSP2","Planejamento - INJETORAS TESTE","Programa"
"MPSP81","Simulação Produção Injetoras","Programa"
"FATU16","Gera/Emissão Rótulo Unidade Armazenamento - TALAO_BEIRA_RIO","Programa"
"FATU17_PADRAO_LEAL","Relatório Rótulos","Relatório"
"FATU133","Talão Beira Rio","Relatório"
"FATU142","Talão Beira Rio","Relatório"
"ESTO157","Registro Controle Produção e Estoque C/Transito","Relatório"
"ESTO112","Plano Abastecimento Materiais e Controle de Ordem de Fabricação - CRP - Pelambre","Programa"
"CFAB19_KRM","CFAB19_CURTUME - Emissão de OF","Relatório"
"ESTO112","Plano Abastecimento Materiais e Controle de Ordem de Fabricação - PRE - CURTIDO-  KRU ALX","Programa"
"CFAB19_KRM","CFAB19_CURTUME - Emissão de OF","Relatório"
"CEXT112","01 - Relatório Invoice/Fatura","Relatório"
"EPRO105","Estruturação do Produto - Manufatura - Novo - Exibe Inativos","Programa"
"CFAB22","Apontamento de Rótulos (Processo 1195-EXPEDIÇÃO)","Programa"
"MPSP83","Posição de Saldos por Plano e Cliente - AKS","Programa"
"CFAB187","Relatório 2","Relatório"
"FATU184","Relatório Controle de Saldo Industrialização Empenhado por Remetente","Programa"
"CFAB7"," - GNT ROBERT","Programa"
"FATU185","Relatório Controle de Saldo Industrialização Empenhado por Remetente","Relatório"
"CFAB23","Exclusão Apontamento de Rótulos (Processo 160040)","Programa"
"CFAB22","Apontamento de Rótulos (ATTA - Processo 247 - EXPEDIÇÃO CA) - ESTAB 11 - LOC 30","Programa"
"CFAB22","Apontamento de Rótulos (ATTA - Processo 79 - MONTAGEM CALÇADOS)","Programa"
"MPSP82","Relatório Plano Mestre de Produção por Plano, Produto e Cliente","Relatório"
"CFAB65","Apontamento de Rótulos - MARTIN - PROCESSO 110","Programa"
"PEDI8_GNT","Emissão de Etiqueta","Relatório"
"FATU159","Emissão de LPN","Relatório"
"FATU155","Emissão de Talão","Relatório"
"CFAB1","Apontamento de Ordem de Fabricação testeeee","Programa"
"PEDI8_GNT","Emissão de Etiqueta","Relatório"
"FATU159","Emissão de LPN","Relatório"
"FATU155","Emissão de Talão","Relatório"
"LFIS138","Layout IRRF","Relatório"
"FPAG214","Natureza do Rendimento","Programa"
"FPAG215","Gera Informe de Rendimentos","Programa"
"FPAG213","Informe de Rendimentos","Relatório"
"PEDI4","Liberação Pedidos Faturamento - GUSTAVO - ESTAB3","Programa"
"PEDI4","Liberação Pedidos Faturamento - GUSTAVO - ESTAB2","Programa"
"FATU154","Desmontagem de Rótulos ATTA","Programa"
"FATU155","Emissão de Etiqueta","Relatório"
"PEDI44","Liberação Pedidos Faturamento - ATTA","Programa"
"FATU15_BRISA","Relatório Notas Fiscais Matricial","Relatório"
"PEDI117","Relatório de Pendencias de Clientes","Relatório"
"CUST28","Cálculo Tarifa Custeio Simplificado","Programa"
"RECE53","Relatório 2","Relatório"
"MPSP5","Plano de Produção - BRISA","Programa"
"CEXC18","Relatório Cotações","Relatório"
"CEXC18","Relatório Cotações","Relatório"
"PEDI4","Liberação Teste Duramas","Programa"
"FATU15_BRISA","Relatório Notas Fiscais Matricial","Relatório"
"PEDI117","Relatório de Pendencias de Clientes","Relatório"
"FATU153","Liberação Pedidos Fatur por Rota Emp 210 Estab 115","Programa"
"FATU156","Relatório Liberação Pedidos Faturamento por Rota (Resumido)","Relatório"
"FATU163","Relatório Liberação Pedidos Faturamento por Rota (Detalhado)","Relatório"
"FATU15_BRISA","Relatório Notas Fiscais Matricial","Relatório"
"PEDI81","Liberação Pedidos Faturamento - Agil - Loc 2 Estab 1","Programa"
"PEDI117","Relatório de Pendencias de Clientes","Relatório"
"PEDI7","3.Gerador de Codigo de Barras do Talão","Programa"
"PEDI8_LTZ","Emissão do Talão","Relatório"
"PEDI7","3.Emissão Etiqueta do Talão - Etiqueta Adesiva","Programa"
"PEDI86","Emissão do Talão","Relatório"
"FATU74","Gera NF pelo Talão - Estab 1 - Localização 7","Programa"
"MPSP5","Plano de Produção - RENAN","Programa"
"PEDI14_LTZ","Importação Pedidos de Venda - EDI INJEPAR","Programa"
"PEDI131","Log Importação Pedidos de Venda - EDI (LTZ)","Relatório"
"PEDI44","Liberação Pedidos Faturamento - ESTAB 71673 - MARTIN","Programa"
"CREC57","daycoval","Relatório"
"CREC48","CREC48","Relatório"
"FATU90","Corrugados","Relatório"
"ESTO112","Plano Abastecimento Materiais e Controle de Ordem de Fabricação SEMI-ACABADO -  KRU ALX","Programa"
"CFAB19_KRM","CFAB19_CURTUME - Emissão de OF","Relatório"
"PATR11","Demonstrativo de Lançamentos (Por Centro de Custo)","Programa"
"PATR12","Demonstrativo de Lançamentos","Relatório"
"CREC51","Configuração Arquivo ACI","Programa"
"CREC51","Configuração Arquivo ACI","Programa"
"FATU110","Retorno de Industrialização Depósito Disponível - INJEPAR","Programa"
"CREC76","Emissão Documento","Relatório"
"PEDI7","Emissão de Etiquetas por Produto - WISHIN 2","Programa"
"CFAB185","Relatório Peso Acordado X Peso Realizado","Programa"
"PEDI4","Liberação Pedidos Faturamento Emp 210 Estab 116 Padrão BRISA","Programa"
"PEDI80","Reserva Pedidos a Produzir","Programa"
"VEND124","VEND124 TESTE","Relatório"
"EPRO49","TIPO_PLANTILLA","Programa"
"EPRO49","*SILUETA MACRO","Programa"
"EPRO49","*SILUETA DETALLADA","Programa"
"FATU186","Relatório Romaneio de Carga","Programa"
"ESTO4","Req Informada teste","Programa"
"ESTO11_ORIGINAL","Relatório Consumos TST","Programa"
"ESTO12","Relatório Consumos","Relatório"
"ESTO88","Relatório Consumos por Estrutural","Relatório"
"ESTO94","Relatório Consumos por Estrutural","Relatório"
"PATR11","Demonstrativo de Lançamentos (Por Centro de Custo)","Programa"
"PATR12","Demonstrativo de Lançamentos","Relatório"
"CBAN14","hsbc espanhol 2","Relatório"
"ESTO26","Relatório Plano Abastecimento Materiais - Remessa Industrialização","Relatório"
"CFAB65","Apontamento de Rótulos - MARTIN - PROCESSO 1195","Programa"
"MPSP5","Plano de Produção - Hackamore","Programa"
"CEXT85","02-Faturamento de Exportação Nimo","Programa"
"CEXT82_PEGADA","Pró Forma","Relatório"
"CEXT82_PEGADA","Pró Forma","Relatório"
"LFIS36","Configurações do Arquivo D.M.A. (BA)","Programa"
"PEDI1","Pedido de Venda - INJEPAR","Programa"
"PEDI5","Pedido de Venda","Relatório"
"MPSP5","Plano de Produção -  INJEPAR","Programa"
"CEXT82_PEGADA","Pró Forma","Relatório"
"CEXT82_PEGADA","Pró Forma","Relatório"
"ESTO129","Plano Abastecimento Materiais - Transferência Loc ESTO129","Programa"
"ESTO26_MLA","Relatório Plano Abastecimento Materiais - Necessidades","Relatório"
"ESTO78","Plano Abastecimento Materiais - Requisição","Relatório"
"CFAB184","Relatório","Relatório"
"PEDI44","Liberação Pedidos Faturamento (Rotulos) EMP 210 ESTAB 115 ATTA","Programa"
"CFAB59","Cópia de Ordem de Fabricação - Impressão OF CFAB184","Programa"
"FATU180","TESTE-Retorno de Industrialização Depósito Disponível - Marcio LOC 1 - Oper Fat Ind, RETORNO_PELA_LISTA_MATERIAL_E_PESO_LIQ = S","Programa"
"MPSP46","Ordem de Fabricação - Geração e Abast (Caleiro, Curtimento, Recurtimento) - Hidro","Programa"
"CFAB11_MINUANO","Emissão Ordem de Fabricação","Relatório"
"ESTO81_AMC","Emissão Relatório","Relatório"
"ESTO80","Emissão Etiqueta","Relatório"
"VEND130","Relatório de Pedidos e Posição de Embarques","Programa"
"CFAB22","Apontamento de Rótulos (Processo 191) LOC 115","Programa"
"PEDI44","Liberação Pedidos Faturamento - ESTAB 115 - ROBERTO","Programa"
"FATU180","Retorno de Industrialização Depósito Disponível - Marcio LOC 1 - Oper Fat Ind, RETORNO_PELA_LISTA_MATERIAL_E_PESO_LIQ = N","Programa"
"MPSP2","Planejamento - El Salvador - BUSCAR_DADOS_PREC33 = S","Programa"
"FATU102","Notas Fiscais de Entrada Complementar","Programa"
"FATU14","Relatório Notas Fiscais","Relatório"
"FATU15_SILOER","Relatório Notas Fiscais Matricial","Relatório"
"ESTO129","Plano Abastecimento Materiais - Simples Remessa - Controle de Lote","Programa"
"ESTO26_MLA","Relatório Plano Abastecimento Materiais - Necessidades","Relatório"
"ESTO78","Plano Abastecimento Materiais - Requisição","Relatório"
"ADMI171","Ocorrências de Tarefas","Programa"
"CFAB22","Apontamento de Rótulos (Processo 1026)","Programa"
"ADMI7_ARTHUR","Mensagens - Arthur","Programa"
"PEDI44","Liberação Pedidos Faturamento - Estab.117","Programa"
"FATU15_BRISA","Relatório Notas Fiscais Matricial","Relatório"
"PEDI117","Relatório de Pendencias de Clientes","Relatório"
"PEDI52","Pedido de Venda- PEDI52 S/ Parametro","Programa"
"PEDI57","Relatório Pedido de Venda - Resumido","Relatório"
"CFAB23","Exclusão Apontamento de Rótulos (Processo 1279)","Programa"
"RHUM40","Configuração de Folha de Acúmulo","Programa"
"ADMI169","Scripts Padronizados","Programa"
"CFAB22","Apontamento de Rótulos (Processo 1298)","Programa"
"ESTO26","Relatório Plano Abastecimento Materiais - Remessa Industrialização","Relatório"
"CREC26","Remessa Cobrança Escritural S/Cobrança","Programa"
"CPAG35","LOG Remessa Cobrança Escritural","Relatório"
"CFAB22","Apontamento de Rótulos (Processo 1326)","Programa"
"PEDI52","Pedido de Venda- PEDI52","Programa"
"PEDI57","Relatório Pedido de Venda - Resumido","Relatório"
"FATU180","Retorno de Industrialização Depósito Disponível - Marcio LOC 1 - Oper Faturamento Venda","Programa"
"PEDI4_OF","Liberação Pedidos Faturamento OF - LIBERAR_PED_SEM_PRODUCAO = 'N'(COMPOSTO) ESTAB 1, LOC 2","Programa"
"FATU15_BRISA","Relatório Notas Fiscais Matricial","Relatório"
"PEDI117","Relatório de Pendencias de Clientes","Relatório"
"CBAN8","Recebimentos ATTA","Programa"
"CBAN72","Recibo","Relatório"
"FATU153","Liberação Pedidos Faturamento por Rota Estab 3 - Emissão LOCAL 122 rota cliente","Programa"
"FATU156","Relatório Liberação Pedidos Faturamento por Rota (Resumido)","Relatório"
"FATU163","Relatório Liberação Pedidos Faturamento por Rota (Detalhado)","Relatório"
"CPAG58","Compensação (Adto X Pgto) - NOVO","Programa"
"CPAG58","Compensação (Adto X Rcto) - NOVO","Programa"
"CPAG67","Modalidades EL SALVADOR","Programa"
"PEDI4","Liberação Pedidos Faturamento - ESTAB 1 - ROBERTO OUTRA EMPRESA","Programa"
"FATU15_BRISA","Relatório Notas Fiscais Matricial","Relatório"
"PEDI117","Relatório de Pendencias de Clientes","Relatório"
"FATU180","Retorno de Industrialização Depósito Disponível - Marcio LOC 1 - Oper Fat Ind, RETORNO_PELA_LISTA_MATERIAL_E_PESO_LIQ = S","Programa"
"TERC1","Remessa (Estab 1)","Programa"
"PEDI1","Lote Estoque - 2_Gerar OF - CHD","Programa"
"FATU189","Relatório Consumo de Materiais Beneficiamento - Listagem Detalhada","Relatório"
"ESTO112","Plano Abastecimento Materiais e Controle de Ordem de Fabricação - 3_Abastecimento WB - CHD","Programa"
"CFAB19_KRM","CFAB19_CURTUME - Emissão de OF","Relatório"
"ESTO4","Requisição Informada","Programa"
"FPAG210","10-Prontuário de Exame Admissional","Relatório"
"PEDI1_PN","Pedidos de Venda - PN","Programa"
"PEDI5","Pedido de Venda","Relatório"
"PEDI132","Pro-Forma","Relatório"
"PEDI7","Emissão de Etiquetas por Produto TESTE","Programa"
"PEDI82","Emissão de Etiqueta Guante","Relatório"
"PEDI1_ROGER","Pedidos de Venda - ROGER","Programa"
"EPRO15_PN","Estruturação do Produto - PN","Programa"
"ESTO2","Implantação de Ssldo - IJP = ESTAB 1, Loc 1, Oper 20-Implantação (Controla Depos.) 2/4","Programa"
"PEDI5","Pedido de Venda","Relatório"
"PEDI132","Pro-Forma","Relatório"
"CFAB171","Emissão Lote Com Processos","Relatório"
"CREC22","Emissão de Bloquetos SULCREDI","Programa"
"CFAB180","Composição Plano Produção p/ Ordem de Fabricação","Relatório"
"CREC25_CRESOL","Boleto Gráfico","Relatório"
"PEDI4","Liberação Pedidos Faturamento - estab 713100","Programa"
"FATU153_FGL","Liberação Pedidos Faturamento por Rota Estab 3 - Ñ OLHA PAINEL - FGL","Programa"
"FATU156","Relatório Liberação Pedidos Faturamento por Rota (Resumido)","Relatório"
"FATU163","Relatório Liberação Pedidos Faturamento por Rota (Detalhado)","Relatório"
"FATU26","Emissão Minuta HK","Programa"
"FATU27","Emissão Minuta","Relatório"
"FATU15_BRISA","Relatório Notas Fiscais Matricial","Relatório"
"PEDI117","Relatório de Pendencias de Clientes","Relatório"
"COMP27","Plano de Necessidades de Formas","Relatório"
"FATU14","Relatório Notas Fiscais","Relatório"
"FATU15_SILOER","Relatório Notas Fiscais Matricial","Relatório"
"EPRO49","!MATERIAL_FORRO","Programa"
"PEDI87","Importação de Talonamento","Programa"
"CFAB90","Apontamento MultiTarefa - Curtume - AUTOMÁTICO / SUGERE_QUANTIDADE_PRIMARIA - Kru","Programa"
"EPRO49","*ATRIBUTO","Programa"
"EPRO49","*DIVISION DE MARCA","Programa"
"COMP14","Cotações Código Produto - Não Altera Preço","Programa"
"CFAB23","Exclusão Apontamento de Rótulos (Processo 160044)","Programa"
"FATU14","Relatório Notas Fiscais","Relatório"
"FATU15_ANTONIELLE","Relatório Notas Fiscais Matricial","Relatório"
"RECE26","Relatório Carta de Correção","Relatório"
"FATU64","Relatório Recibo","Relatório"
"ESTO111","Relatório Emissão de Lote","Relatório"
"PEDI77","Importação de Pedidos FORNOVA","Programa"
"MIND28","Solicitação de Manutenção","Relatório"
"PEDI44","Liberação Pedidos Faturamento - IGUAL A PEGADA AL","Programa"
"MIND40","Solicitação de Manutenção Encerrada","Relatório"
"MIND27","1-Solicitação de Serviços de Manutenção PREVENTIVA","Programa"
"CREC76","Emissão Documento","Relatório"
"CFAB175","Talão auxiliar","Relatório"
"CFAB26","Emissão Talão Auxiliar PLANET","Programa"
"CFAB27","Emissão talão","Relatório"
"CFAB175","Emissão talão","Relatório"
"ADMI172","Extrato das Agendas","Programa"
"CREC22","Emissão de Bloquetos SANTANDER","Programa"
"CREC95","Santander layout 240","Relatório"
"CREC48","CREC48","Relatório"
"MPSP2","Planejamento - INJETORAS","Programa"
"MPSP2_JULIANO","Planejamento - INJETORAS - JULIANO","Programa"
"PEDI7","Emissão de Etiquetas por Produto - VPS","Programa"
"PEDI8_GNT","Emissão de Etiqueta Guante","Relatório"
"CFAB180","Composição Plano Produção p/ Ordem de Fabricação","Relatório"
"PEDI4","Liberação Pedidos Faturamento Emp 210 Estab 115 JS","Programa"
"FATU2","Notas Fiscais de Saída Estab115 Loc 5108 JS","Programa"
"FATU37_PIAGUI","Relatório Notas Fiscais Matricial","Relatório"
"FATU15_HKUNTZLER","Rel NF","Relatório"
"CFAB1","Apontamento de OF - Obriga Abastecimento","Programa"
"FATU17_PADRAO_LEAL","Relatório Rótulos","Relatório"
"FATU133","Talão Beira Rio","Relatório"
"FATU142","Talão Beira Rio","Relatório"
"CFAB22","Apontamento de Rótulos (Processo 79) - LOC 31","Programa"
"PEDI41","Emissão de Etiqueta por Unidade de Produto - renan teste","Programa"
"PEDI8_HENRICH_PDV","Emissão Etiqueta","Relatório"
"CREC97","RELATORIO","Relatório"
"PEDI1","PEDI1 - AUGUSTO","Programa"
"COMP5","TESTE RR","Programa"
"COMP5","RR TESTE 2","Programa"
"FATU134_SGL","Gera Notas Fiscais de Saída XML Romaneio SGL","Programa"
"MIND38","Relatório Manutenção da TPM","Programa"
"MIND39","Relatório Manutenção da TPM","Relatório"
"LFIS24","Apuração ICMS","Relatório"
"FPAG209","Exporta Histórico de Remunerações do Funcionário","Programa"
"FATU15_BRISA","Relatório Notas Fiscais Matricial","Relatório"
"PEDI117","Relatório de Pendencias de Clientes","Relatório"
"COMP3","Pedidos de Compra","Programa"
"PEDI4","Liberação Pedidos Faturamento PEDI4 Emp 2 Estab 3 - VPS","Programa"
"TERC1","Remessa Empresa 210/Estab 115","Programa"
"CFAB1","Apontamento de Talão - Loc 11","Programa"
"ADMI174","Geração Tabelas - DRE Gerencial","Programa"
"EPRO107","Integração GS1","Programa"
"CBAN45_ARGENTINA","Pagamentos - Cheque Terceiros ATTA","Programa"
"CBAN62","Recibo de Pagamento - Detalhado","Relatório"
"CBAN21_BB_LASER","Cheque BB Laser","Relatório"
"FPAG123","BB","Relatório"
"PATR35","SALDO POR CONTA CONTÁBIL - NOVO PEGADA","Relatório"
"COMP9","Pedidos de Compra","Relatório"
"COMP20","Pedido de Compra - Exportação","Relatório"
"PEDI14","Importação Pedidos de Venda - EDI PIAGUI","Programa"
"CPAG35","Log Importação Pedidos de Venda - EDI","Relatório"
"FATU153","Liberação Pedidos Faturamento por Rota Estab 3 - Emissão LOCAL 122 Ñ OLHA PAINEL - VINI","Programa"
"FATU156","Relatório Liberação Pedidos Faturamento por Rota (Resumido)","Relatório"
"FATU83","Relatório Liberação Pedidos Faturamento por Rota (Detalhado)","Relatório"
"CREC25_SICOOB","Bloqueto Gráfico","Relatório"
"CREC48","Bloqueto Matricial (SICOOB)","Relatório"
"CREC25_SICOOB","Boleto Gráfico - SICOOB","Relatório"
"FATU45_PEGADA","Romaneio Pegada","Relatório"
"MIND23","Relatório Ordem de Serviço","Relatório"
"FATU44","Relatório Rótulo","Programa"
"FPAG165","13-Relatório Analítico de Rescisão","Relatório"
"FPAG179","14-Recibo com Ponto e Atividades Diárias","Relatório"
"EPRO49","25 ESTILISTA RESPONSAVEL","Programa"
"MPSP73","Planejamento Necessidade Materiais - BOVINO","Programa"
"FATU6","Devoluções de Empréstimo - LCTO","Programa"
"FATU104","Devoluções de Empréstimo - Lançamento - PEGADA","Programa"
"PEDI44","Liberação Pedidos Faturamento - ESTAB 115 - MARTIN","Programa"
"PEDI77","Importação de Pedidos (ROBERTO) validar lista de preço","Programa"
"FATU173","Corrugados","Relatório"
"CFAB22","Apontamento de Rótulos (Processo 1026-INJEÇÃO)","Programa"
"CFAB22","Apontamento de Rótulos (Processo 159987)","Programa"
"RHUM39","Relatório de Logs","Relatório"
"RHUM39","Relatório de Logs","Relatório"
"PEDI14","Importação Pedidos de Venda - EDI Termotêxtil ENCAIX SÓLIDO","Programa"
"CPAG35","Log Importação Pedidos de Venda - EDI","Relatório"
"ADMI168","Configuração de Usuários Kunden","Programa"
"PEDI4","Liberação Pedidos Faturamento Emp 2291 Estab 71673","Programa"
"FATU153","Liberação Pedidos Frigorífico Emp 2291 Estab 71673","Programa"
"PEDI81","Liberação Pedidos Faturamento - Agil -  Estab 115","Programa"
"FATU15_BRISA","Relatório Notas Fiscais Matricial","Relatório"
"PEDI117","Relatório de Pendencias de Clientes","Relatório"
"PEDI1","Pedidos de Venda - Simplificado RICAL","Programa"
"PEDI5","Pedido de Venda","Relatório"
"EPRO49","+ PATRON","Programa"
"CBAN37","Relatório Realizado Financeiro p/Cta. Orçamentária - Kunden","Programa"
"CBAN38_KUNDEN","Realizado Financeiro por Conta Orçamentária","Relatório"
"ESTO7","Consulta Estoque Produto","Programa"
"CFAB1","Apontamento OF PLANO PROD (LETI)","Programa"
"PEDI8_GNT","Emissão de Etiqueta","Relatório"
"FATU159","Emissão de LPN","Relatório"
"FATU155","Emissão de Talão","Relatório"
"PREC7","Processos - Calcula Eficiencia sobre Meta c/ TPC","Programa"
"PREC7","Processos - Calcula Eficiencia sobre Meta","Programa"
"FATU17_TEA","Emissão Rótulos ( TEA )","Relatório"
"CEXT106","06 - Rótulo","Relatório"
"ESTO161","Relatório Posição Estoque de Materiais em Produtos/Fórmulas","Programa"
"ESTO163","Relatório Posição Estoque","Relatório"
"PEDI44","Liberação Pedidos Faturamento - ATTA - Estab1 - Produção Completa","Programa"
"FATU15_BRISA","Relatório Notas Fiscais Matricial","Relatório"
"PEDI117","Relatório de Pendencias de Clientes","Relatório"
"COMP76","Relatório Orçamento","Relatório"
"CFAB173","Cartão Ponto Funcionário","Programa"
"FATU45_PEGADA","Rotulo","Relatório"
"CFAB23","Estorno Apontamento de Rótulos processo 1158","Programa"
"MIND40","Solicitação de Manutenção Encerrada","Relatório"
"CFAB1","Apontamento de Talão Leitor","Programa"
"COMP3","PEDIDO DE COMPRA AUGUSTO","Programa"
"PEDI5","Pedido de Venda","Relatório"
"PEDI44","Liberação Faturamento ROTULO - OUTRA EMPRESA - GERA ITEM POR TAMANHO","Programa"
"FATU15_BRISA","Relatório Notas Fiscais Matricial","Relatório"
"PEDI117","Relatório de Pendencias de Clientes","Relatório"
"PEDI44","Liberação Pedidos Faturamento - ATTA EMPRESA 2","Programa"
"VEND126","Emissão Etiqueta de Nota Fiscal","Programa"
"CEXT111","11 - Rótulo JB","Relatório"
"VEND129","Relatório de pedidos da nota fiscal","Relatório"
"PEDI1","PEDIDO DE VENDA TESTE 65190","Programa"
"COMP5","recebimentos de pedido TESTE","Programa"
"FATU15_BRISA","Relatório Notas Fiscais Matricial","Relatório"
"PEDI117","Relatório de Pendencias de Clientes","Relatório"
"VEND125","Importar Produto - Lista de Preço","Programa"
"CFAB65","Apontamento de Rótulos - PGD FL02 117  Loc. 5117 CFAB65","Programa"
"FATU74","PGD Gera NF pelo Rótulo F2 117 Loc.5117","Programa"
"ESTO26","Relatório Plano Abastecimento Materiais - Necessidades","Relatório"
"ESTO78","Plano Abastecimento Materiais - Requisição","Relatório"
"ESTO150","Plano Abastecimento Materiais - Lançamento de Requisição","Relatório"
"CFAB59","Cópia de Ordem de Fabricação - Impressão OF CFAB19_AMC","Programa"
"CFAB19_AMC","Relatório OF Curtumes","Relatório"
"FPAG206","Relatório de Eventos","Programa"
"FPAG205","1-Resumo do INSS","Relatório"
"MPSP84","Posição de Saldos por Plano e Cliente","Relatório"
"FATU1","Fundamentação Legal - IBS/CBS","Programa"
"CFAB1","Apontamento de Ordem de Fabricação TESTE RAPIDÃO","Programa"
"PEDI8_GNT","Emissão de Etiqueta","Relatório"
"FATU159","Emissão de LPN","Relatório"
"FATU155","Emissão de Talão","Relatório"
"MIND23","Relatório Ordem de Serviço","Relatório"
"CEXT81_HENRICH","Invoice","Relatório"
"VEND122","Planejamento de Vendas Frigorifico - 2024","Programa"
"CEXT82_HENRICH","Packing List","Relatório"
"MIND28","Solicitação de Manutenção","Relatório"
"CEXT76","Relatório RE","Relatório"
"MPSP5","Plano de Produção - Marcio","Programa"
"VEND131","Relatório","Relatório"
"MPSP2","Planejamento RR","Programa"
"CFAB22","Apontamento de Rótulos (Processo 191) - Localização 11","Programa"
"CEXT18","1 - Gerar Remessa para Embarque BRISA","Programa"
"CFAB1","Apontamento de Talão -  RENAN","Programa"
"PEDI8_GNT","Emissão de Etiqueta","Relatório"
"FATU159","Emissão de LPN","Relatório"
"FATU155","Emissão de Talão","Relatório"
"LFIS139","Layout PIS/COFINS/CSLL","Relatório"
"PEDI85","Relatório Aptos a Faturar","Relatório"
"RHUM36","Importa Ocorrência Fixa","Programa"
"RHUM37","Comprovante de Aviso Empréstimo e-Consignado","Programa"
"CFAB185","Relatório Peso Previsto X Peso Realizado","Programa"
"RHUM38","Comprovante de Aviso Empréstimo e-Consignado","Relatório"
"CBAN5","Pagamentos - Geral","Programa"
"CBAN14","hsbc espanhol 2","Relatório"
"CBAN36","Recibo de Pagamento","Relatório"
"CFAB186","Relatório","Relatório"
"CFAB187","Relatório 2","Relatório"
"FATU37_PIAGUI","Relatório Notas Fiscais Matricial","Relatório"
"FATU15_HKUNTZLER","Rel NF","Relatório"
"CBAN29","Relatório Extrato Caixa/Bancos","Programa"
"CBAN30","Relatório Extrato Caixa/Bancos","Relatório"
"CREC22","Emissão de Bloquetos DAYCOVAL","Programa"
"CEXT36","Exclusão de Remessa - Processo Exportação","Programa"
"PEDI89","Cancelamento de Entrega Pedido Novo","Programa"
"FATU182","Relatório Consumo de Materiais Beneficiamento - Listagem","Programa"
"ESTO131","Apontamento de Requisição","Programa"
"EPRO49","24","Programa"
"CEXT81_HENRICH","Invoice","Relatório"
"EPRO49","23","Programa"
"CEXT84","Processo de Exportação - HENRICH","Programa"
"CEXT82_HENRICH","Packing List","Relatório"
"CEXT76","Relatório RE","Relatório"
"FATU132","FATU132","Relatório"
"FATU16","FATU16 ATTA","Programa"
"MPSP5","MPSP5 - AUGUSTO","Programa"
"ESTO4","Req Informada teste augusto","Programa"
"FATU74","Gera NF pelo Talão - Estab 713100 - Localização 99698","Programa"
"FATU133","Talão Beira Rio","Relatório"
"FATU142","Talão Beira Rio","Relatório"
"ESTO164","Relatório Análise Consumo de Material e % de Aplicação","Programa"
"FATU37_PIAGUI","Relatório Notas Fiscais Matricial","Relatório"
"FATU15_HKUNTZLER","Rel NF","Relatório"
"ESTO165","Relatório Análise Consumo Previsto x Realizado","Relatório"
"MPSP5","Plano de Produção Labelli","Programa"
"FATU188","Relatório Romaneio de Carga","Relatório"
"CBAN72","Recibo","Relatório"
"CFAB7","Emissão Ordem de Fabricação - NKS - ALX","Programa"
"CFAB11_NKS2P","Emissão Ordem de Fabricação","Relatório"
"CBAN36","Recibo de Pagamento","Relatório"
"MIND27","8.Ordens de Serviço - Manutenção Corretiva - Grafdil","Programa"
"MIND28","Solicitação de Manutenção","Relatório"
"CLAB2","01 - Tipos de Testes","Programa"
"ESTO2","Implantação de Ssldo - IJP = ESTAB 1, Loc 89, Oper 10-Implantação Normal","Programa"
"TERC1","Remessa (estab 713100)","Programa"
"PEDI7","Emissão de Etiquetas por Produto - WISHIN","Programa"
"PEDI82","Emissão de Etiqueta Wishin","Relatório"
"ESTO26","Relatório Plano Abastecimento Materiais - Necessidades","Relatório"
"ESTO78","Plano Abastecimento Materiais - Requisição","Relatório"
"ESTO150","Plano Abastecimento Materiais - Lançamento de Requisição","Relatório"
"VEND132","Coleção Cliente","Programa"
"CBAN14","hsbc espanhol 2","Relatório"
"CBAN36","RECIBO","Relatório"
"RECE7","Retornos de Remessa Beneficiamento Categoria Pedido 56","Programa"
"RECE8","Relatório Retornos de Remessa Industrialização","Relatório"
"CFAB23","Exclusão Apontamento de Rótulos (Processo 1326)","Programa"
"EPRO15","Estruturação do Produto - Marcio","Programa"
"CREC25_BB","BOLETO - BB","Relatório"
"MPSP2_JULIANO","Planejamento - JULIANO","Programa"
"CFAB7","Emissão Ordem de Fabricação - VPS","Programa"
"CFAB176","CFAB176","Relatório"
"PEDI4","Liberação Pedidos Faturamento - VPS - Estab 3","Programa"
"FATU15_BRISA","Relatório Notas Fiscais Matricial","Relatório"
"PEDI117","Relatório de Pendencias de Clientes","Relatório"
"PEDI4","Liberação Pedidos Faturamento - Estab 115 - Loc 115","Programa"
"FATU15_BRISA","Relatório Notas Fiscais Matricial","Relatório"
"PEDI117","Relatório de Pendencias de Clientes","Relatório"
"CFAB65","Apontamento de Rótulos - PROC 160063 - TESTE","Programa"
"MPSP2","Planejamento - BAENAMORA","Programa"
"FATU156","Relatório Liberação Pedidos Faturamento por Rota (Resumido)","Relatório"
"FATU163","Relatório Liberação Pedidos Faturamento por Rota (Detalhado)","Relatório"
"PEDI8_GNT","Emissão de Etiqueta","Relatório"
"FATU159","Emissão de LPN","Relatório"
"FATU155","Emissão de Talão","Relatório"
"ADMI170","Configuração iVendre Android","Programa"
"PEDI142","Emissão Etiqueta Awana","Programa"
"PEDI144","Emissão etiquetas","Relatório"
"COMP32","Relatório de Inspeção","Relatório"
"CEXT55","Agrupador Processos de Exportação","Programa"
"CFAB7","Sem nome","Programa"
"CEXT98","Relatório Processo de Exportação Novo","Programa"
"MPSP81","Simulação Produção Injetoras - PN","Programa"
"MPSP82","Relatório Plano Mestre de Produção por Plano, Produto e Cliente","Relatório"
"FPAG212","11-Prontuário de Exame Físico","Relatório"
"FPAG211","12-Avaliação de Ergonomia","Relatório"
"FATU16","FATU16 ATTA - LE","Programa"
"FATU132","FATU132","Relatório"
"EPRO108","Classificação do Animal","Programa"
"FATU181","Modelos NF","Programa"
"CFAB186","Relatório","Relatório"
"LFIS137","Gera Informe de Rendimentos","Programa"
"MPSP5","Plano de Produção - ATTA","Programa"
"MPSP5","Plano de Produção - ATTA - Não Agrupa Pedidos","Programa"
"FATU180","Retorno de Industrialização Depósito Disponível - LOC 1","Programa"
"FATU136","Retorno de Industrialização Depósito Disponível -INJEPAR - LIBERAR_PED_SEM_PRODUCAO = N","Programa"
"FATU16","Gera/Emissão de Rótulos Novo Layout OKSEBRA ALX","Programa"
"FATU93","Rótulo","Relatório"
"ESTO25","Plano Abastecimento Materiais - Transferência para Produção Atta","Programa"
"ESTO26","Relatório Plano Abastecimento Materiais - Transferência Produção","Relatório"
"TERC1","Remessa Henrich","Programa"
"EPRO106","Status Amostra","Programa"
"FATU2_OKS","Notas Fiscais de Saída - MONITOR","Programa"
"FATU58","Relatório de Carta de Correção","Relatório"
"FATU117","Relatório de Ocorrências de Faturamento","Relatório"
"FATU73","Notas Fiscais de Saída","Relatório"
"CEXT84","01 - Processo Exportação Completo - PGD TESTE","Programa"
"CEXT81_PEGADA","Invoice","Relatório"
"CEXT105","Pró Forma","Relatório"
"CEXT82_PEGADA","Packing List","Relatório"
"PREC7","Processos - Malu -Calçados","Programa"
"ESTO159","Livro Inventário - Agrupado","Relatório"
"ESTO158","Livro Inventário - Agrupado","Relatório"
"ADMI175","Regra Tributação IBS/CBS","Programa"
"CFAB188","Emissão Ordem de Fabricação","Relatório"
"ESTO2","Implantação de Ssldo - IJP","Programa"
"CFAB7","Emissão Ordem de Fabricação (+PROCESSO) - AKS ALX","Programa"
"FATU185","Relatório Controle de Saldo Industrialização Empenhado por Remetente","Relatório"
"ESTO12","Relatório Consumos","Relatório"
"ESTO88","Relatório Consumos por Estrutural","Relatório"
"ESTO94","Relatório Consumos por Estrutural","Relatório"
"CFAB183","Relatório Roteiro de Fabricação c/ Especificações","Relatório"
"CEXT110","Processo Exportação - Invoice","Relatório"
"CEXT82_KRUMENAUER","Processo Exportação - Packing List","Relatório"
"CFAB22","Apontamento de Rótulos","Programa"
"CFAB54","Roteiro de Fabricação c/ Especificações - Report (CFAB183)","Programa"
"PEDI1","Pedido de Venda Exportação (Curtume)-P2 Nimo","Programa"
"CEXT84","Processo de Exportação - Nimo","Programa"
"MPSP46","Ordem de Fabricação - Geração e Abast - 4_Abastecimento Fulões Recurtimento - CHD","Programa"
"CFAB11_SEM_QUEBRA","Geração Ordem de Fabricação Medição","Relatório"
"ESTO80","Relatorio Etiquetas","Relatório"
"ESTO81_AMC","Relatório Formulações","Relatório"
"ESTO39","Relatório Solicitação de Necessidades","Relatório"
"CFAB85","Relatório de Rendimento com Custo - Krumenauer","Programa"
"MIND40","Solicitação de Manutenção Encerrada","Relatório"
"CFAB182","Relatório","Relatório"
"SERV25","Gera Script de Tradução por Pedido","Programa"
"RECE35","Recebimento de Notas de Empresa do mesmo Grupo (p/ Oficinas) - EBER GONZALES","Programa"
"RECE7","Retornos de Remessa Industrialização - Sem Apontamento Produção, Cat Pedido 6 - Retorno de Remessa S/ mão de obra","Programa"
"PEDI44","Liberação Pedidos Faturamento - ATTA Sem Produção","Programa"
"FATU15_BRISA","Relatório Notas Fiscais Matricial","Relatório"
"PEDI117","Relatório de Pendencias de Clientes","Relatório"
"CREC57","EMISSÃO BOLETO","Relatório"
"PEDI84","Faturamento - Relatório Pedidos Aptos a Faturar","Programa"
"RECE7","Retornos de Rem Industrialização - Com Apontamento , Cat Pedido 6 - Bloco K","Programa"
"FVEN5","Cálculo Preço de Venda - Relatório FVEN6 - VPS","Programa"
"SERV27_KND","Relatório Acompanhamento de visitas","Relatório"
"FVEN6","Cálculo Preço de Venda - Relatório FVEN6 - VPS","Relatório"
"FATU180","Retorno de Industrialização Depósito Disponível - Marcio LOC 1 - Oper Fat Ind, RETORNO_PELA_LISTA_MATERIAL_E_PESO_LIQ = S 124.88","Programa"
"PEDI1","Pedido de Venda - PIAGUI","Programa"
"PEDI5","Pedido de Venda","Relatório"
"MPSP5","Plan de Producción - PIAGUI","Programa"
"PEDI77","TIPO VALIDAÇÃO 2 - Importação de Pedidos (Planet) validar lista de preço","Programa"
"SERV24","Perguntas/Respostas Gera Classificação","Programa"
"PEDI1","Pedidos de Venda idem config no HENRICH","Programa"
"PEDI5","Pedido de Venda","Relatório"
"ESTO166","Relatório Posição Estoque de Materiais em Produtos em Fabricação e Prontos.","Programa"
"FATU16","Geração/Emissão Rótulo - Piagui  - Volume por Entrega","Programa"
"FATU131","Rótulo Novo Piagui","Relatório"
"TERC2","Retorno (Sem Apontamento Produção) Sem NF","Programa"
"ESTO167","Relatório Posição Estoque","Relatório"
"PEDI1_PN","Pedidos de Venda - Normal - PN","Programa"
"PEDI5","Pedido de Venda","Relatório"
"PEDI132","Pro-Forma","Relatório"
"EPRO111","Relatório Estrutura de Produto c/ Pesos e Percentual de Perda","Programa"
"CEXC107","Pedido Serviço","Programa"
"CEXC111","Relatório Pedido Serviço","Relatório"
"FATU15_BRISA","Relatório Notas Fiscais Matricial","Relatório"
"VEND128","Ajuste Lista de Preço","Programa"
"CFAB10","Estorno Apontamento de Ordem de Fabricação - MANUAL","Programa"
"PEDI150","PEDI150","Relatório"
"PEDI4","Liberação Pedidos Faturamento PEDI4 Emp 1 Estab 3 Loc Nula - LIBERAR_PED_SEM_PRODUCAO = N","Programa"
"PEDI90","Relatório Cancelamento de Entrega Pedido","Programa"
"MPSP2_JULIANO","Planejamento - colar - JULIANO","Programa"
"PEDI114","Cancelamento de Entrega Pedido","Relatório"
"COMP13","Plano de Necessidades de Compras LBL Emp 210 Estab 115","Programa"
"COMP52","Relatório de Log","Relatório"
"COMP76","COMP76 TESTE","Relatório"
"COMP3","Pedidos de Compra - alteração Não liberada, e VALIDA_TOLERANCIA_COMPRA","Programa"
"CEXC1074","Pedido Compra","Relatório"
"CEXC1075","Pedido Compra Exportação","Relatório"
"COMP9","Pedido Compra","Relatório"
"EPRO112","Estrutura do Produto EPRO112","Relatório"
"EPRO113","Estrutura de Produto EPRO113","Relatório"
"CFAB37","Consulta Custeio - Detalhes - CAFB37","Programa"
"FATU190","Gera Arquivo Agregar RS","Programa"
"ADMI176","Produtos Agregar","Programa"
"PREC38","Relatório Eficiência","Relatório"
"ESTO7-12-05-26","Consulta Estoque Produto TESTE","Programa"
"MPSP74","Relatório Plano Mestre de Produção por Grupos de Planos de Produção","Programa"
"MPSP76","Relatório Plano Mestre de Produção por Grupos de Planos de Produção","Relatório"
"MPSP5","Plano de Produção -  Thomas Teste","Programa"
"EPRO114","Bloqueia Listas de Preço","Programa"
"FATU14","Relatório Notas Fiscais","Relatório"
"FATU15_ANTONIELLE","Relatório Notas Fiscais Matricial","Relatório"
"RECE26","Relatório Carta de Correção","Relatório"
"FATU64","Relatório Recibo","Relatório"
"MPSP5","Plano de Produção -  EMPRESA 2309","Programa"
"CFAB22","Apontamento de Rótulos (Processo 160063)","Programa"
"PEDI44","Liberação Pedidos Faturamento (PEGADA) THOMAS - Estab.115 Localização.5118","Programa"
"FATU15_BRISA","Relatório Notas Fiscais Matricial","Relatório"
"PEDI117","Relatório de Pendencias de Clientes","Relatório"
"CFAB191","Encerramento de Planos de Produção e Ordens de Fabricação Ativas e sem Reserva","Programa"
"PEDI77","Importação de Pedidos (ATTA)","Programa"
"ESTO112","Plano Abast Materiais e Controle de OF (Frigo - ABATE/QUARTEIO)","Programa"
"CFAB19_AMC","CFAB19_AMC","Relatório"
"FATU2","3 - Notas Fiscais de Saída - Monitor THOMAS","Programa"
"FATU30","Relatório Notas Fiscais","Relatório"
"FATU30","Relatório Recibo de Locação","Relatório"
"FATU58","Relatório de Carta de Correção","Relatório"
"FATU117","Relatório de Ocorrências de Faturamento","Relatório"
"FATU14","Notas Fiscais de Saída","Relatório"
"FATU15_HKUNTZLER","Notas Fiscais de Saída","Relatório"
"PEDI92","Emissão de Etiqueta henrich","Relatório"
"FATU6","Devolução de Venda Nota de Crédito teste Leti","Programa"
"CEXT84","Processo de Exportação - HK","Programa"
"CEXT82","01 - Relatório Packing List","Relatório"
"MIND27","1-Solicitação de Serviços de Manutenção - EMPRESA 2309","Programa"
"MIND28","Solicitação de Manutenção","Relatório"
"MIND40","Solicitação de Manutenção Encerrada","Relatório"
"CFAB191","Encerramento de Planos de Produção e Ordens de Fabricação Ativas e sem Reserva-LOC16,","Programa"
"CFAB1","Apontamento OF PLANO PROD (THOMAS.S)","Programa"
"PEDI8_GNT","Emissão de Etiqueta","Relatório"
"FATU159","Emissão de LPN","Relatório"
"FATU155","Emissão de Talão","Relatório"
"CEXT84","Processo de Exportação - HK - Packing Rótulos","Programa"
"CEXT84","Processo de Exportação - HK - TESTE","Programa"
"CEXT81","01 - Relatório Invoice","Relatório"
"CEXT81","01 - Relatório Invoice","Relatório"
"CEXT82","01 - Relatório Packing List","Relatório"
"CEXT82","01 - Relatório Packing List","Relatório"
"CEXT81","01 - Relatório Invoice","Relatório"
"FATU153","Liberação Pedidos Frigorífico EMP 2309","Programa"
"FATU12","Transferências - Estab 515151","Programa"
"FATU191","Gerador de Nota Fiscal de Multa e Juros","Programa"
"CFAB1","Apontamento de Lote manual","Programa"
"ESTO111","Relatório Emissão de Lote","Relatório"
"COMP9","Pedidos de Compra","Relatório"
"COMP20","Pedido de Compra - Exportação","Relatório"
"FATU153","Liberação Pedidos Frigorífico Thomas E.- N","Programa"
"PEDI4","Liberação Pedidos Faturamento - Empresa LUIS","Programa"
"FATU15_BRISA","Relatório Notas Fiscais Matricial","Relatório"
"RECE54","Relatório de Recebimentos S/Grade","Relatório"
"PEDI117","Relatório de Pendencias de Clientes","Relatório"
"COMP3","Pedidos de Compra - PLANET","Programa"
"COMP9","Pedidos de Compra","Relatório"
"COMP20","Pedido de Compra - Exportação","Relatório"
"CFAB11_SEM_QUEBRA","Geração Ordem de Fabricação Medição","Relatório"
"ESTO80","Relatorio Etiquetas","Relatório"
"ESTO81_AMC","Relatório Formulações","Relatório"
"CFAB19_KRM","CFAB19_CURTUME - Emissão de OF","Relatório"
"CEXC1109","Perfil do Cliente - VIVO","Relatório"
"VEND91","Perfil do Cliente","Relatório"
"VEND99","Relatório de Documentos","Relatório"
"VEND23","Relatório de perdas","Relatório"
"PEDI7","Emissão de Etiqueta INDIVIDUAL LUTHEUZ - 2309","Programa"
"PEDI151","Emissão Etiqueta Lutheuz","Relatório"
"COMP52","Relatório de Log","Relatório"
"COMP76","COMP76 TESTE","Relatório"
"CPRO31","Lançamentos Resumidos Plano Produção","Programa"
"PEDI4","Liberação Pedidos Faturamento - GUSTAVO Z","Programa"
"FATU15_BRISA","Relatório Notas Fiscais Matricial","Relatório"
"PEDI117","Relatório de Pendencias de Clientes","Relatório"
"PEDI81","Liberação Pedidos Faturamento - ESTAB 713100","Programa"
"FATU15_BRISA","Relatório Notas Fiscais Matricial","Relatório"
"PEDI117","Relatório de Pendencias de Clientes","Relatório"
"PEDI5","Pedido de Venda","Relatório"
"FATU192","Gerador de Nota Fiscal de Pagamento Antecipado","Programa"
"FATU156","Relatório Liberação Pedidos Faturamento por Rota (Resumido)","Relatório"
"FATU163","Relatório Liberação Pedidos Faturamento por Rota (Detalhado)","Relatório"
"CEXC1025","Nota Fiscal de Saída - Consumidor Final","Programa"
"MPSP5_200726","Plano de Produção -  Teste","Programa"
"ESTO25","Plano Abastecimento Materiais - EMPRESA 2309","Programa"
"ESTO26","Relatório Plano Abastecimento Materiais - Necessidades","Relatório"
"ESTO78","Plano Abastecimento Materiais - Requisição","Relatório"
"ESTO150","Plano Abastecimento Materiais - Lançamento de Requisição","Relatório"
"COMP75","Plano de Necessidades de Compras - Marcio_Duramas","Programa"
"COMP52","Relatório de Log","Relatório"
"COMP76","Relatório Orçamento","Relatório"
"FATU2_LETI","Notas Fiscais de Saída - LETI","Programa"
"FATU58","Relatório de Carta de Correção","Relatório"
"FATU117","Relatório de Ocorrências de Faturamento","Relatório"
"FATU73","Notas Fiscais de Saída","Relatório"
"FATU61_LETI","Monitor Notas Fiscais Eletrônicas - LETI","Programa"
"FATU58","1 - Relatório de carta de correção (PDF).","Relatório"
"FATU30","2 - Recibo de Locação","Relatório"
"FATU58","3 - Relatório de Carta de Correção","Relatório"
"RECE26","4 - Relatório Carta de Correção Entrada","Relatório"
"FATU153","Liberação Pedidos Frigorífico Thomas E.- S","Programa"
"MPSP46","Abastecimento fulão - Ordem de fabricação - Thomas E.","Programa"
"ADMI178","Regra Tributação IBS/CBS Entes Governamentais","Programa"
"FPAG139","Advertência","Relatório"
"FPAG140","Suspensão","Relatório"
"CFAB192","Imagem de Conferência","Programa"
"PEDI4","Liberação Pedidos Faturamento - ESTAB 1 RICAL","Programa"
"FATU15_BRISA","Relatório Notas Fiscais Matricial","Relatório"
"PEDI117","Relatório de Pendencias de Clientes","Relatório"
"PEDI1","Pedidos de Venda - Thomas.E","Programa"
"PEDI5","Pedido de Venda","Relatório"
"PEDI132","Pro-Forma","Relatório"
"FATU124","Importação de Notas Fiscais de Entrada por XML GZ","Programa"
"TERC1","Remessa - LUIS","Programa"
"CFAB22","Apontamento de Rótulos (Processo 79) - LOC 5108","Programa"
"CFAB22","Apontamento de Rótulos (Processo 191) Loc. 5109","Programa"
"FATU12","Transferências - Estab 116","Programa"
"ADMI177","Altera Exibe Tradução","Programa"
