cluster_a,cluster_b,links,keywords_a,keywords_b
19,41,38,"fpv, preço venda, cálculo","custeio, custo, recálculo"
12,13,38,"alíquota, cbs, ibs","ibs, cbs, monofásica"
22,126,29,"detalhamento teste, login, user","faturamento, liberação, pedidos"
113,126,29,"risco, crédito, analise","faturamento, liberação, pedidos"
151,153,27,"fabricação geração, plano mestre, mestre produção","plano mestre, mestre produção, relatório plano"
90,97,27,"material, materiais, componente","engenharia, desenvolvimento produto, estruturação produto"
132,140,26,"eficiência, minutos, turno","recurso, planejamento, meta"
98,126,25,"rota, pedidos faturamento, liberação pedidos","faturamento, liberação, pedidos"
122,123,22,"emissão ordem, chão, ordem fabricação","cartão, componente, emissão"
156,157,22,"entrada, nota, fiscal","importação notas, fiscais importação, entrada xml"
43,44,21,"cep, inspeção, lançamento","devolução, devoluções, cep"
102,108,21,"centro custo, requisição, contábil","abastecimento, requisição, materiais"
108,110,21,"abastecimento, requisição, materiais","necessidades, compras, mrp"
77,89,20,"cancelamento saldo, saldo embarque, reserva","estoque futuro, localização, produção estoque"
76,133,19,"encerramento, finalização, proceso","semi, ofs, acabado"
108,151,19,"abastecimento, requisição, materiais","fabricação geração, plano mestre, mestre produção"
158,159,19,"monitor, fiscais, notas","aline, sefaz, monitor"
140,152,19,"recurso, planejamento, meta","mestre produção, plano mestre, forecast"
45,46,18,"armazenagem, local, rótulos","armazenagem, lotes, local"
62,65,18,"painel, web, expedição","painel embalagem, embalagem web, web painel"
108,133,17,"abastecimento, requisição, materiais","semi, ofs, acabado"
10,11,17,"evento, leiaute, autor","tag, obrig rejeição, chave acesso"
117,122,17,"rendimento, curtume, custo","emissão ordem, chão, ordem fabricação"
87,94,17,"diferença, custo médio, estoque","custo médio, unitário, suprimentos estoque"
51,84,17,"email, envio, mails","compras, comprador, alçada"
8,9,16,"doccob, conemb, transportadora","codex clipboard, png, tecnica"
57,71,16,"etiqueta, emissão, impressão","empresa, mrp, tabela"
51,55,16,"email, envio, mails","mail assunto, desenvolvimento, queria entender"
30,116,16,"encaixotamento, talões, liberação faturamento","estorno, cancelamento, devolução"
63,65,16,"etiqueta, primevo, letavo","painel embalagem, embalagem web, web painel"
104,129,16,"cancelamento, entrega, cancelar","entrega, categoria, venda"
79,90,15,"marca, conjunto, cor","material, materiais, componente"
19,105,15,"fpv, preço venda, cálculo","cotação, compras, fornecedor"
26,28,15,"arezzo, importação, rótulos","importação, edi, arquivo"
84,105,15,"compras, comprador, alçada","cotação, compras, fornecedor"
41,43,14,"custeio, custo, recálculo","cep, inspeção, lançamento"
108,150,14,"abastecimento, requisição, materiais","remessa, terceirização, industrialização"
43,108,13,"cep, inspeção, lançamento","abastecimento, requisição, materiais"
58,59,13,"etiquetas, impressora, impressão","navegador, impressora, atalho"
41,42,13,"custeio, custo, recálculo","produtos fabricação, geração produtos, conta contábil"
121,126,13,"exportação, packing, list","faturamento, liberação, pedidos"
55,56,13,"mail assunto, desenvolvimento, queria entender","kunden systems, ocorrida, implantação"
41,102,13,"custeio, custo, recálculo","centro custo, requisição, contábil"
26,27,13,"arezzo, importação, rótulos","romaneio, notas fiscais, fiscais rótulo"
138,139,13,"ivendre, semana, carrinhos","grafdil, carrinho, pessoa"
100,126,12,"instrução, embarque, caixas","faturamento, liberação, pedidos"
110,119,12,"necessidades, compras, mrp","lote mínimo, mínimo compra, compras"
84,110,12,"compras, comprador, alçada","necessidades, compras, mrp"
20,22,12,"controle embarque, embarque web, rótulos","detalhamento teste, login, user"
19,97,12,"fpv, preço venda, cálculo","engenharia, desenvolvimento produto, estruturação produto"
141,151,12,"tinta, formula, acabamento","fabricação geração, plano mestre, mestre produção"
39,46,12,"controle lote, lotes, requisições","armazenagem, lotes, local"
69,108,12,"largura, produção agrupado, plano produção","abastecimento, requisição, materiais"
62,66,12,"painel, web, expedição","painel, abate, animal"
16,17,12,"manutenção industrial, transferência, centro trabalho","manutenção, preventiva, maquina"
89,100,11,"estoque futuro, localização, produção estoque","instrução, embarque, caixas"
8,64,11,"doccob, conemb, transportadora","nao, transcricao, deve"
108,141,11,"abastecimento, requisição, materiais","tinta, formula, acabamento"
88,89,11,"cri, ajuste, divergência","estoque futuro, localização, produção estoque"
132,133,11,"eficiência, minutos, turno","semi, ofs, acabado"
152,153,11,"mestre produção, plano mestre, forecast","plano mestre, mestre produção, relatório plano"
41,94,11,"custeio, custo, recálculo","custo médio, unitário, suprimentos estoque"
78,88,11,"and, select, nvl","cri, ajuste, divergência"
45,52,11,"armazenagem, local, rótulos","rotulo, rótulo, operação"
82,122,11,"relatório analise, relatório gerenciais, fábrica relatório","emissão ordem, chão, ordem fabricação"
22,139,11,"detalhamento teste, login, user","grafdil, carrinho, pessoa"
131,146,11,"android, app, ivendre","proposta, ivendre, representante"
134,146,11,"quantidade peças, ivendre, bonés","proposta, ivendre, representante"
111,129,11,"grade marcar, simplificado, venda","entrega, categoria, venda"
69,111,11,"largura, produção agrupado, plano produção","grade marcar, simplificado, venda"
22,78,10,"detalhamento teste, login, user","and, select, nvl"
25,51,10,"job, logs, ção","email, envio, mails"
119,120,10,"lote mínimo, mínimo compra, compras","reposição, ponto, estoque segurança"
54,152,10,"corrugado, rótulos, corrugada","mestre produção, plano mestre, forecast"
114,115,10,"unidade medida, primária, qtde","apontamento, multitarefa, desvio"
39,45,10,"controle lote, lotes, requisições","armazenagem, local, rótulos"
116,148,10,"estorno, cancelamento, devolução","fiscais, nota, fiscal"
112,140,10,"data base, fecha base, plano produção","recurso, planejamento, meta"
42,108,10,"produtos fabricação, geração produtos, conta contábil","abastecimento, requisição, materiais"
22,108,10,"detalhamento teste, login, user","abastecimento, requisição, materiais"
125,126,10,"faturamento, expedição, rotulo","faturamento, liberação, pedidos"
149,150,10,"industrialização, retorno, remessa","remessa, terceirização, industrialização"
131,137,10,"android, app, ivendre","flex, saldo, representantes controle"
77,104,10,"cancelamento saldo, saldo embarque, reserva","cancelamento, entrega, cancelar"
129,134,10,"entrega, categoria, venda","quantidade peças, ivendre, bonés"
113,129,10,"risco, crédito, analise","entrega, categoria, venda"
110,120,10,"necessidades, compras, mrp","reposição, ponto, estoque segurança"
6,108,10,"satra, ticket, arquivo","abastecimento, requisição, materiais"
22,148,10,"detalhamento teste, login, user","fiscais, nota, fiscal"
143,146,9,"desconto, comissão, preços","proposta, ivendre, representante"
96,97,9,"coleção, estruturação produto, sub","engenharia, desenvolvimento produto, estruturação produto"
39,88,9,"controle lote, lotes, requisições","cri, ajuste, divergência"
106,107,9,"apontamento, web, coletor","apontamento rótulos, fábrica lançamentos, lançamentos apontamento"
72,111,9,"mrp, material, data cadastro","grade marcar, simplificado, venda"
93,94,9,"encerramento, encerrado, períodos","custo médio, unitário, suprimentos estoque"
89,91,9,"estoque futuro, localização, produção estoque","posição estoque, relatório, saldos rótulo"
118,150,9,"custo total, napa asa, asa white","remessa, terceirização, industrialização"
154,155,9,"fornecedor, entrada, ontem","smart, sefaz, nfs"
155,159,9,"smart, sefaz, nfs","aline, sefaz, monitor"
51,159,9,"email, envio, mails","aline, sefaz, monitor"
145,149,9,"triangular, industrialização, beneficiamento","industrialização, retorno, remessa"
101,140,9,"recursos, filtro, semana","recurso, planejamento, meta"
131,134,9,"android, app, ivendre","quantidade peças, ivendre, bonés"
38,62,9,"lote, fracionamento, fracionar","painel, web, expedição"
84,85,9,"compras, comprador, alçada","pré, recebimento, pre"
146,147,8,"proposta, ivendre, representante","ivendre, fotos, ios"
56,81,8,"kunden systems, ocorrida, implantação","ikronos, api, industrial manufatura"
115,122,8,"apontamento, multitarefa, desvio","emissão ordem, chão, ordem fabricação"
11,12,8,"tag, obrig rejeição, chave acesso","alíquota, cbs, ibs"
117,118,8,"rendimento, curtume, custo","custo total, napa asa, asa white"
41,108,8,"custeio, custo, recálculo","abastecimento, requisição, materiais"
44,116,8,"devolução, devoluções, cep","estorno, cancelamento, devolução"
78,89,8,"and, select, nvl","estoque futuro, localização, produção estoque"
92,108,8,"reclassificação, transferência localizações, lançamentos transferência","abastecimento, requisição, materiais"
72,133,8,"mrp, material, data cadastro","semi, ofs, acabado"
133,135,8,"semi, ofs, acabado","lote, balanceado, cálculo"
69,105,8,"largura, produção agrupado, plano produção","cotação, compras, fornecedor"
48,77,8,"ora, erro, mensagem","cancelamento saldo, saldo embarque, reserva"
112,132,8,"data base, fecha base, plano produção","eficiência, minutos, turno"
32,33,8,"dígitos, ean, contentor","gtin, ean, txt"
28,33,8,"importação, edi, arquivo","gtin, ean, txt"
100,129,8,"instrução, embarque, caixas","entrega, categoria, venda"
53,63,8,"etiqueta, impressa, embalagem","etiqueta, primevo, letavo"
98,113,8,"rota, pedidos faturamento, liberação pedidos","risco, crédito, analise"
22,29,8,"detalhamento teste, login, user","cnpj, pessoa, jurídicas"
22,143,8,"detalhamento teste, login, user","desconto, comissão, preços"
23,24,8,"http, frigorifico, link","user, acesso base, login"
84,104,8,"compras, comprador, alçada","cancelamento, entrega, cancelar"
64,148,7,"nao, transcricao, deve","fiscais, nota, fiscal"
49,50,7,"senha, alter, caio","sys, camino, oracle"
50,51,7,"sys, camino, oracle","email, envio, mails"
48,50,7,"ora, erro, mensagem","sys, camino, oracle"
106,115,7,"apontamento, web, coletor","apontamento, multitarefa, desvio"
76,99,7,"encerramento, finalização, proceso","back flush, flush materiais, apontamento"
99,122,7,"back flush, flush materiais, apontamento","emissão ordem, chão, ordem fabricação"
121,125,7,"exportação, packing, list","faturamento, expedição, rotulo"
99,108,7,"back flush, flush materiais, apontamento","abastecimento, requisição, materiais"
77,126,7,"cancelamento saldo, saldo embarque, reserva","faturamento, liberação, pedidos"
145,150,7,"triangular, industrialização, beneficiamento","remessa, terceirização, industrialização"
140,151,7,"recurso, planejamento, meta","fabricação geração, plano mestre, mestre produção"
41,48,7,"custeio, custo, recálculo","ora, erro, mensagem"
15,108,7,"tolerância, pis cofins, tolerancia","abastecimento, requisição, materiais"
148,156,7,"fiscais, nota, fiscal","entrada, nota, fiscal"
142,158,7,"impressora, impressão, monitor","monitor, fiscais, notas"
6,78,7,"satra, ticket, arquivo","and, select, nvl"
133,140,7,"semi, ofs, acabado","recurso, planejamento, meta"
101,108,7,"recursos, filtro, semana","abastecimento, requisição, materiais"
73,129,7,"mínimo, parcela, categoria","entrega, categoria, venda"
5,43,7,"contra nota, gera contra, entrada frigorífico","cep, inspeção, lançamento"
62,63,7,"painel, web, expedição","etiqueta, primevo, letavo"
2,105,7,"moeda, cotação, cotações","cotação, compras, fornecedor"
103,104,7,"embarque parcial, reserva, aceita embarque","cancelamento, entrega, cancelar"
28,103,7,"importação, edi, arquivo","embarque parcial, reserva, aceita embarque"
21,22,7,"publisher, query, report","detalhamento teste, login, user"
22,138,7,"detalhamento teste, login, user","ivendre, semana, carrinhos"
22,25,7,"detalhamento teste, login, user","job, logs, ção"
20,45,6,"controle embarque, embarque web, rótulos","armazenagem, local, rótulos"
20,126,6,"controle embarque, embarque web, rótulos","faturamento, liberação, pedidos"
79,146,6,"marca, conjunto, cor","proposta, ivendre, representante"
90,123,6,"material, materiais, componente","cartão, componente, emissão"
69,133,6,"largura, produção agrupado, plano produção","semi, ofs, acabado"
90,108,6,"material, materiais, componente","abastecimento, requisição, materiais"
22,107,6,"detalhamento teste, login, user","apontamento rótulos, fábrica lançamentos, lançamentos apontamento"
99,140,6,"back flush, flush materiais, apontamento","recurso, planejamento, meta"
108,114,6,"abastecimento, requisição, materiais","unidade medida, primária, qtde"
52,106,6,"rotulo, rótulo, operação","apontamento, web, coletor"
122,141,6,"emissão ordem, chão, ordem fabricação","tinta, formula, acabamento"
19,118,6,"fpv, preço venda, cálculo","custo total, napa asa, asa white"
41,56,6,"custeio, custo, recálculo","kunden systems, ocorrida, implantação"
72,141,6,"mrp, material, data cadastro","tinta, formula, acabamento"
88,92,6,"cri, ajuste, divergência","reclassificação, transferência localizações, lançamentos transferência"
110,112,6,"necessidades, compras, mrp","data base, fecha base, plano produção"
135,151,6,"lote, balanceado, cálculo","fabricação geração, plano mestre, mestre produção"
71,78,6,"empresa, mrp, tabela","and, select, nvl"
81,108,6,"ikronos, api, industrial manufatura","abastecimento, requisição, materiais"
49,51,6,"senha, alter, caio","email, envio, mails"
16,154,6,"manutenção industrial, transferência, centro trabalho","fornecedor, entrada, ontem"
98,116,6,"rota, pedidos faturamento, liberação pedidos","estorno, cancelamento, devolução"
154,158,6,"fornecedor, entrada, ontem","monitor, fiscais, notas"
86,116,6,"desconto, valor unitário, liquido","estorno, cancelamento, devolução"
94,102,6,"custo médio, unitário, suprimentos estoque","centro custo, requisição, contábil"
27,98,6,"romaneio, notas fiscais, fiscais rótulo","rota, pedidos faturamento, liberação pedidos"
89,145,6,"estoque futuro, localização, produção estoque","triangular, industrialização, beneficiamento"
81,153,6,"ikronos, api, industrial manufatura","plano mestre, mestre produção, relatório plano"
104,133,6,"cancelamento, entrega, cancelar","semi, ofs, acabado"
127,140,6,"setup, tempo, planejamento","recurso, planejamento, meta"
110,152,6,"necessidades, compras, mrp","mestre produção, plano mestre, forecast"
19,90,6,"fpv, preço venda, cálculo","material, materiais, componente"
17,56,6,"manutenção, preventiva, maquina","kunden systems, ocorrida, implantação"
57,122,6,"etiqueta, emissão, impressão","emissão ordem, chão, ordem fabricação"
101,122,6,"recursos, filtro, semana","emissão ordem, chão, ordem fabricação"
105,111,6,"cotação, compras, fornecedor","grade marcar, simplificado, venda"
30,31,6,"encaixotamento, talões, liberação faturamento","picking, rótulo, web"
46,62,6,"armazenagem, lotes, local","painel, web, expedição"
129,131,6,"entrega, categoria, venda","android, app, ivendre"
131,138,6,"android, app, ivendre","ivendre, semana, carrinhos"
65,134,6,"painel embalagem, embalagem web, web painel","quantidade peças, ivendre, bonés"
129,138,6,"entrega, categoria, venda","ivendre, semana, carrinhos"
28,129,6,"importação, edi, arquivo","entrega, categoria, venda"
105,129,6,"cotação, compras, fornecedor","entrega, categoria, venda"
131,143,6,"android, app, ivendre","desconto, comissão, preços"
22,51,6,"detalhamento teste, login, user","email, envio, mails"
129,143,6,"entrega, categoria, venda","desconto, comissão, preços"
113,130,6,"risco, crédito, analise","carteira, distribuição pedidos, pedidos relatórios"
30,125,6,"encaixotamento, talões, liberação faturamento","faturamento, expedição, rotulo"
105,110,6,"cotação, compras, fornecedor","necessidades, compras, mrp"
71,110,6,"empresa, mrp, tabela","necessidades, compras, mrp"
48,49,6,"ora, erro, mensagem","senha, alter, caio"
22,66,6,"detalhamento teste, login, user","painel, abate, animal"
22,106,6,"detalhamento teste, login, user","apontamento, web, coletor"
7,18,5,"revisão, bônus, painel","ção, ato, drawback"
3,8,5,"reg, status notas, mandatório","doccob, conemb, transportadora"
138,147,5,"ivendre, semana, carrinhos","ivendre, fotos, ios"
140,153,5,"recurso, planejamento, meta","plano mestre, mestre produção, relatório plano"
22,74,5,"detalhamento teste, login, user","cfop, icms, sped"
74,158,5,"cfop, icms, sped","monitor, fiscais, notas"
8,74,5,"doccob, conemb, transportadora","cfop, icms, sped"
48,51,5,"ora, erro, mensagem","email, envio, mails"
135,153,5,"lote, balanceado, cálculo","plano mestre, mestre produção, relatório plano"
72,90,5,"mrp, material, data cadastro","material, materiais, componente"
99,107,5,"back flush, flush materiais, apontamento","apontamento rótulos, fábrica lançamentos, lançamentos apontamento"
59,142,5,"navegador, impressora, atalho","impressora, impressão, monitor"
87,116,5,"diferença, custo médio, estoque","estorno, cancelamento, devolução"
57,61,5,"etiqueta, emissão, impressão","emissão etiqueta, etiqueta nota, rótulos emissão"
108,122,5,"abastecimento, requisição, materiais","emissão ordem, chão, ordem fabricação"
83,88,5,"brisa, revisão, skus","cri, ajuste, divergência"
88,93,5,"cri, ajuste, divergência","encerramento, encerrado, períodos"
88,91,5,"cri, ajuste, divergência","posição estoque, relatório, saldos rótulo"
116,126,5,"estorno, cancelamento, devolução","faturamento, liberação, pedidos"
45,92,5,"armazenagem, local, rótulos","reclassificação, transferência localizações, lançamentos transferência"
39,100,5,"controle lote, lotes, requisições","instrução, embarque, caixas"
89,153,5,"estoque futuro, localização, produção estoque","plano mestre, mestre produção, relatório plano"
87,88,5,"diferença, custo médio, estoque","cri, ajuste, divergência"
42,76,5,"produtos fabricação, geração produtos, conta contábil","encerramento, finalização, proceso"
78,93,5,"and, select, nvl","encerramento, encerrado, períodos"
42,78,5,"produtos fabricação, geração produtos, conta contábil","and, select, nvl"
89,134,5,"estoque futuro, localização, produção estoque","quantidade peças, ivendre, bonés"
45,91,5,"armazenagem, local, rótulos","posição estoque, relatório, saldos rótulo"
67,88,5,"relatório posição, frigorificos, gerenciamento","cri, ajuste, divergência"
78,91,5,"and, select, nvl","posição estoque, relatório, saldos rótulo"
27,150,5,"romaneio, notas fiscais, fiscais rótulo","remessa, terceirização, industrialização"
95,121,5,"dólares, moeda, valor","exportação, packing, list"
86,148,5,"desconto, valor unitário, liquido","fiscais, nota, fiscal"
105,148,5,"cotação, compras, fornecedor","fiscais, nota, fiscal"
148,157,5,"fiscais, nota, fiscal","importação notas, fiscais importação, entrada xml"
116,155,5,"estorno, cancelamento, devolução","smart, sefaz, nfs"
155,158,5,"smart, sefaz, nfs","monitor, fiscais, notas"
157,158,5,"importação notas, fiscais importação, entrada xml","monitor, fiscais, notas"
27,158,5,"romaneio, notas fiscais, fiscais rótulo","monitor, fiscais, notas"
51,56,5,"email, envio, mails","kunden systems, ocorrida, implantação"
51,158,5,"email, envio, mails","monitor, fiscais, notas"
83,122,5,"brisa, revisão, skus","emissão ordem, chão, ordem fabricação"
45,89,5,"armazenagem, local, rótulos","estoque futuro, localização, produção estoque"
46,52,5,"armazenagem, lotes, local","rotulo, rótulo, operação"
87,108,5,"diferença, custo médio, estoque","abastecimento, requisição, materiais"
22,125,5,"detalhamento teste, login, user","faturamento, expedição, rotulo"
144,149,5,"retorno, industrialização, deposito","industrialização, retorno, remessa"
48,133,5,"ora, erro, mensagem","semi, ofs, acabado"
124,132,5,"operações, propriedade, ficha","eficiência, minutos, turno"
108,140,5,"abastecimento, requisição, materiais","recurso, planejamento, meta"
52,126,5,"rotulo, rótulo, operação","faturamento, liberação, pedidos"
54,72,5,"corrugado, rótulos, corrugada","mrp, material, data cadastro"
101,123,5,"recursos, filtro, semana","cartão, componente, emissão"
33,96,5,"gtin, ean, txt","coleção, estruturação produto, sub"
52,54,5,"rotulo, rótulo, operação","corrugado, rótulos, corrugada"
108,109,5,"abastecimento, requisição, materiais","planejamento vendas, cota, vendas planejamento"
131,136,5,"android, app, ivendre","planejamento vendas, vendas planejamento, vendas frigorífico"
19,48,5,"fpv, preço venda, cálculo","ora, erro, mensagem"
57,58,5,"etiqueta, emissão, impressão","etiquetas, impressora, impressão"
28,56,5,"importação, edi, arquivo","kunden systems, ocorrida, implantação"
78,100,5,"and, select, nvl","instrução, embarque, caixas"
47,108,5,"análise, representante, vendas","abastecimento, requisição, materiais"
51,78,5,"email, envio, mails","and, select, nvl"
40,43,5,"inspeção, laboratorial, inspección","cep, inspeção, lançamento"
14,51,5,"pdv, caixa, kunden","email, envio, mails"
67,110,5,"relatório posição, frigorificos, gerenciamento","necessidades, compras, mrp"
8,22,5,"doccob, conemb, transportadora","detalhamento teste, login, user"
18,121,5,"ção, ato, drawback","exportação, packing, list"
22,121,5,"detalhamento teste, login, user","exportação, packing, list"
54,121,5,"corrugado, rótulos, corrugada","exportação, packing, list"
22,76,5,"detalhamento teste, login, user","encerramento, finalização, proceso"
22,142,5,"detalhamento teste, login, user","impressora, impressão, monitor"
22,128,4,"detalhamento teste, login, user","consignação, operação, classe"
22,34,4,"detalhamento teste, login, user","labelli, api, job"
7,89,4,"revisão, bônus, painel","estoque futuro, localização, produção estoque"
129,146,4,"entrega, categoria, venda","proposta, ivendre, representante"
11,74,4,"tag, obrig rejeição, chave acesso","cfop, icms, sped"
74,148,4,"cfop, icms, sped","fiscais, nota, fiscal"
97,124,4,"engenharia, desenvolvimento produto, estruturação produto","operações, propriedade, ficha"
75,80,4,"classificação, produto destino, ficha técnica","características, categoria, preenchidas"
76,108,4,"encerramento, finalização, proceso","abastecimento, requisição, materiais"
69,115,4,"largura, produção agrupado, plano produção","apontamento, multitarefa, desvio"
52,59,4,"rotulo, rótulo, operação","navegador, impressora, atalho"
56,141,4,"kunden systems, ocorrida, implantação","tinta, formula, acabamento"
35,37,4,"raja, paquete, cantidad","está lendo, etiquetas medidora, medidora está"
42,56,4,"produtos fabricação, geração produtos, conta contábil","kunden systems, ocorrida, implantação"
56,93,4,"kunden systems, ocorrida, implantação","encerramento, encerrado, períodos"
122,124,4,"emissão ordem, chão, ordem fabricação","operações, propriedade, ficha"
144,145,4,"retorno, industrialização, deposito","triangular, industrialização, beneficiamento"
19,55,4,"fpv, preço venda, cálculo","mail assunto, desenvolvimento, queria entender"
16,67,4,"manutenção industrial, transferência, centro trabalho","relatório posição, frigorificos, gerenciamento"
45,88,4,"armazenagem, local, rótulos","cri, ajuste, divergência"
77,88,4,"cancelamento saldo, saldo embarque, reserva","cri, ajuste, divergência"
88,108,4,"cri, ajuste, divergência","abastecimento, requisição, materiais"
126,128,4,"faturamento, liberação, pedidos","consignação, operação, classe"
6,133,4,"satra, ticket, arquivo","semi, ofs, acabado"
31,45,4,"picking, rótulo, web","armazenagem, local, rótulos"
36,77,4,"mensagem knd, erro nimo, sequence","cancelamento saldo, saldo embarque, reserva"
133,151,4,"semi, ofs, acabado","fabricação geração, plano mestre, mestre produção"
55,68,4,"mail assunto, desenvolvimento, queria entender","relatório faturamento, assunto relatório, estornos"
41,76,4,"custeio, custo, recálculo","encerramento, finalização, proceso"
41,150,4,"custeio, custo, recálculo","remessa, terceirização, industrialização"
42,93,4,"produtos fabricação, geração produtos, conta contábil","encerramento, encerrado, períodos"
42,102,4,"produtos fabricação, geração produtos, conta contábil","centro custo, requisição, contábil"
39,40,4,"controle lote, lotes, requisições","inspeção, laboratorial, inspección"
108,152,4,"abastecimento, requisição, materiais","mestre produção, plano mestre, forecast"
108,116,4,"abastecimento, requisição, materiais","estorno, cancelamento, devolução"
45,107,4,"armazenagem, local, rótulos","apontamento rótulos, fábrica lançamentos, lançamentos apontamento"
150,154,4,"remessa, terceirização, industrialização","fornecedor, entrada, ontem"
55,100,4,"mail assunto, desenvolvimento, queria entender","instrução, embarque, caixas"
48,155,4,"ora, erro, mensagem","smart, sefaz, nfs"
116,157,4,"estorno, cancelamento, devolução","importação notas, fiscais importação, entrada xml"
126,148,4,"faturamento, liberação, pedidos","fiscais, nota, fiscal"
74,126,4,"cfop, icms, sped","faturamento, liberação, pedidos"
19,102,4,"fpv, preço venda, cálculo","centro custo, requisição, contábil"
66,108,4,"painel, abate, animal","abastecimento, requisição, materiais"
41,132,4,"custeio, custo, recálculo","eficiência, minutos, turno"
103,126,4,"embarque parcial, reserva, aceita embarque","faturamento, liberação, pedidos"
44,128,4,"devolução, devoluções, cep","consignação, operação, classe"
22,27,4,"detalhamento teste, login, user","romaneio, notas fiscais, fiscais rótulo"
22,96,4,"detalhamento teste, login, user","coleção, estruturação produto, sub"
20,27,4,"controle embarque, embarque web, rótulos","romaneio, notas fiscais, fiscais rótulo"
19,150,4,"fpv, preço venda, cálculo","remessa, terceirização, industrialização"
55,85,4,"mail assunto, desenvolvimento, queria entender","pré, recebimento, pre"
27,52,4,"romaneio, notas fiscais, fiscais rótulo","rotulo, rótulo, operação"
56,140,4,"kunden systems, ocorrida, implantação","recurso, planejamento, meta"
16,48,4,"manutenção industrial, transferência, centro trabalho","ora, erro, mensagem"
32,59,4,"dígitos, ean, contentor","navegador, impressora, atalho"
24,34,4,"user, acesso base, login","labelli, api, job"
34,80,4,"labelli, api, job","características, categoria, preenchidas"
67,89,4,"relatório posição, frigorificos, gerenciamento","estoque futuro, localização, produção estoque"
69,129,4,"largura, produção agrupado, plano produção","entrega, categoria, venda"
52,56,4,"rotulo, rótulo, operação","kunden systems, ocorrida, implantação"
122,153,4,"emissão ordem, chão, ordem fabricação","plano mestre, mestre produção, relatório plano"
136,137,4,"planejamento vendas, vendas planejamento, vendas frigorífico","flex, saldo, representantes controle"
46,53,4,"armazenagem, lotes, local","etiqueta, impressa, embalagem"
19,109,4,"fpv, preço venda, cálculo","planejamento vendas, cota, vendas planejamento"
19,22,4,"fpv, preço venda, cálculo","detalhamento teste, login, user"
100,103,4,"instrução, embarque, caixas","embarque parcial, reserva, aceita embarque"
129,130,4,"entrega, categoria, venda","carteira, distribuição pedidos, pedidos relatórios"
22,57,4,"detalhamento teste, login, user","etiqueta, emissão, impressão"
138,146,4,"ivendre, semana, carrinhos","proposta, ivendre, representante"
20,31,4,"controle embarque, embarque web, rótulos","picking, rótulo, web"
30,45,4,"encaixotamento, talões, liberação faturamento","armazenagem, local, rótulos"
22,30,4,"detalhamento teste, login, user","encaixotamento, talões, liberação faturamento"
109,136,4,"planejamento vendas, cota, vendas planejamento","planejamento vendas, vendas planejamento, vendas frigorífico"
22,113,4,"detalhamento teste, login, user","risco, crédito, analise"
2,16,4,"moeda, cotação, cotações","manutenção industrial, transferência, centro trabalho"
28,84,4,"importação, edi, arquivo","compras, comprador, alçada"
28,51,4,"importação, edi, arquivo","email, envio, mails"
35,51,4,"raja, paquete, cantidad","email, envio, mails"
15,84,4,"tolerância, pis cofins, tolerancia","compras, comprador, alçada"
72,110,4,"mrp, material, data cadastro","necessidades, compras, mrp"
48,120,4,"ora, erro, mensagem","reposição, ponto, estoque segurança"
25,78,4,"job, logs, ção","and, select, nvl"
17,25,4,"manutenção, preventiva, maquina","job, logs, ção"
51,71,4,"email, envio, mails","empresa, mrp, tabela"
43,132,4,"cep, inspeção, lançamento","eficiência, minutos, turno"
6,112,4,"satra, ticket, arquivo","data base, fecha base, plano produção"
26,32,4,"arezzo, importação, rótulos","dígitos, ean, contentor"
48,153,4,"ora, erro, mensagem","plano mestre, mestre produção, relatório plano"
22,84,4,"detalhamento teste, login, user","compras, comprador, alçada"
22,102,4,"detalhamento teste, login, user","centro custo, requisição, contábil"
22,24,4,"detalhamento teste, login, user","user, acesso base, login"
25,122,4,"job, logs, ção","emissão ordem, chão, ordem fabricação"
38,100,3,"lote, fracionamento, fracionar","instrução, embarque, caixas"
51,52,3,"email, envio, mails","rotulo, rótulo, operação"
131,147,3,"android, app, ivendre","ivendre, fotos, ios"
11,158,3,"tag, obrig rejeição, chave acesso","monitor, fiscais, notas"
20,100,3,"controle embarque, embarque web, rótulos","instrução, embarque, caixas"
42,97,3,"produtos fabricação, geração produtos, conta contábil","engenharia, desenvolvimento produto, estruturação produto"
80,96,3,"características, categoria, preenchidas","coleção, estruturação produto, sub"
39,97,3,"controle lote, lotes, requisições","engenharia, desenvolvimento produto, estruturação produto"
72,97,3,"mrp, material, data cadastro","engenharia, desenvolvimento produto, estruturação produto"
96,109,3,"coleção, estruturação produto, sub","planejamento vendas, cota, vendas planejamento"
42,133,3,"produtos fabricação, geração produtos, conta contábil","semi, ofs, acabado"
48,99,3,"ora, erro, mensagem","back flush, flush materiais, apontamento"
99,115,3,"back flush, flush materiais, apontamento","apontamento, multitarefa, desvio"
107,122,3,"apontamento rótulos, fábrica lançamentos, lançamentos apontamento","emissão ordem, chão, ordem fabricação"
52,122,3,"rotulo, rótulo, operação","emissão ordem, chão, ordem fabricação"
52,53,3,"rotulo, rótulo, operação","etiqueta, impressa, embalagem"
70,141,3,"processo sequencia, curpisco, demãos","tinta, formula, acabamento"
114,141,3,"unidade medida, primária, qtde","tinta, formula, acabamento"
35,108,3,"raja, paquete, cantidad","abastecimento, requisição, materiais"
122,132,3,"emissão ordem, chão, ordem fabricação","eficiência, minutos, turno"
94,117,3,"custo médio, unitário, suprimentos estoque","rendimento, curtume, custo"
76,122,3,"encerramento, finalização, proceso","emissão ordem, chão, ordem fabricação"
69,135,3,"largura, produção agrupado, plano produção","lote, balanceado, cálculo"
114,122,3,"unidade medida, primária, qtde","emissão ordem, chão, ordem fabricação"
22,88,3,"detalhamento teste, login, user","cri, ajuste, divergência"
27,126,3,"romaneio, notas fiscais, fiscais rótulo","faturamento, liberação, pedidos"
108,126,3,"abastecimento, requisição, materiais","faturamento, liberação, pedidos"
77,108,3,"cancelamento saldo, saldo embarque, reserva","abastecimento, requisição, materiais"
39,89,3,"controle lote, lotes, requisições","estoque futuro, localização, produção estoque"
56,67,3,"kunden systems, ocorrida, implantação","relatório posição, frigorificos, gerenciamento"
108,135,3,"abastecimento, requisição, materiais","lote, balanceado, cálculo"
122,133,3,"emissão ordem, chão, ordem fabricação","semi, ofs, acabado"
26,36,3,"arezzo, importação, rótulos","mensagem knd, erro nimo, sequence"
107,125,3,"apontamento rótulos, fábrica lançamentos, lançamentos apontamento","faturamento, expedição, rotulo"
89,126,3,"estoque futuro, localização, produção estoque","faturamento, liberação, pedidos"
133,153,3,"semi, ofs, acabado","plano mestre, mestre produção, relatório plano"
110,133,3,"necessidades, compras, mrp","semi, ofs, acabado"
41,122,3,"custeio, custo, recálculo","emissão ordem, chão, ordem fabricação"
41,155,3,"custeio, custo, recálculo","smart, sefaz, nfs"
41,68,3,"custeio, custo, recálculo","relatório faturamento, assunto relatório, estornos"
102,140,3,"centro custo, requisição, contábil","recurso, planejamento, meta"
88,110,3,"cri, ajuste, divergência","necessidades, compras, mrp"
78,110,3,"and, select, nvl","necessidades, compras, mrp"
42,94,3,"produtos fabricação, geração produtos, conta contábil","custo médio, unitário, suprimentos estoque"
45,54,3,"armazenagem, local, rótulos","corrugado, rótulos, corrugada"
45,104,3,"armazenagem, local, rótulos","cancelamento, entrega, cancelar"
91,92,3,"posição estoque, relatório, saldos rótulo","reclassificação, transferência localizações, lançamentos transferência"
81,97,3,"ikronos, api, industrial manufatura","engenharia, desenvolvimento produto, estruturação produto"
148,158,3,"fiscais, nota, fiscal","monitor, fiscais, notas"
95,156,3,"dólares, moeda, valor","entrada, nota, fiscal"
68,116,3,"relatório faturamento, assunto relatório, estornos","estorno, cancelamento, devolução"
20,155,3,"controle embarque, embarque web, rótulos","smart, sefaz, nfs"
49,59,3,"senha, alter, caio","navegador, impressora, atalho"
116,156,3,"estorno, cancelamento, devolução","entrada, nota, fiscal"
86,98,3,"desconto, valor unitário, liquido","rota, pedidos faturamento, liberação pedidos"
154,156,3,"fornecedor, entrada, ontem","entrada, nota, fiscal"
15,100,3,"tolerância, pis cofins, tolerancia","instrução, embarque, caixas"
81,148,3,"ikronos, api, industrial manufatura","fiscais, nota, fiscal"
154,159,3,"fornecedor, entrada, ontem","aline, sefaz, monitor"
145,156,3,"triangular, industrialização, beneficiamento","entrada, nota, fiscal"
27,116,3,"romaneio, notas fiscais, fiscais rótulo","estorno, cancelamento, devolução"
67,108,3,"relatório posição, frigorificos, gerenciamento","abastecimento, requisição, materiais"
17,108,3,"manutenção, preventiva, maquina","abastecimento, requisição, materiais"
88,94,3,"cri, ajuste, divergência","custo médio, unitário, suprimentos estoque"
94,108,3,"custo médio, unitário, suprimentos estoque","abastecimento, requisição, materiais"
46,66,3,"armazenagem, lotes, local","painel, abate, animal"
84,108,3,"compras, comprador, alçada","abastecimento, requisição, materiais"
30,67,3,"encaixotamento, talões, liberação faturamento","relatório posição, frigorificos, gerenciamento"
73,126,3,"mínimo, parcela, categoria","faturamento, liberação, pedidos"
121,148,3,"exportação, packing, list","fiscais, nota, fiscal"
27,61,3,"romaneio, notas fiscais, fiscais rótulo","emissão etiqueta, etiqueta nota, rótulos emissão"
46,83,3,"armazenagem, lotes, local","brisa, revisão, skus"
15,27,3,"tolerância, pis cofins, tolerancia","romaneio, notas fiscais, fiscais rótulo"
58,65,3,"etiquetas, impressora, impressão","painel embalagem, embalagem web, web painel"
26,56,3,"arezzo, importação, rótulos","kunden systems, ocorrida, implantação"
56,133,3,"kunden systems, ocorrida, implantação","semi, ofs, acabado"
36,104,3,"mensagem knd, erro nimo, sequence","cancelamento, entrega, cancelar"
79,123,3,"marca, conjunto, cor","cartão, componente, emissão"
97,123,3,"engenharia, desenvolvimento produto, estruturação produto","cartão, componente, emissão"
59,97,3,"navegador, impressora, atalho","engenharia, desenvolvimento produto, estruturação produto"
1,32,3,"saldo saldo, prev, ent","dígitos, ean, contentor"
19,79,3,"fpv, preço venda, cálculo","marca, conjunto, cor"
28,32,3,"importação, edi, arquivo","dígitos, ean, contentor"
111,139,3,"grade marcar, simplificado, venda","grafdil, carrinho, pessoa"
89,151,3,"estoque futuro, localização, produção estoque","fabricação geração, plano mestre, mestre produção"
89,103,3,"estoque futuro, localização, produção estoque","embarque parcial, reserva, aceita embarque"
30,52,3,"encaixotamento, talões, liberação faturamento","rotulo, rótulo, operação"
52,98,3,"rotulo, rótulo, operação","rota, pedidos faturamento, liberação pedidos"
1,3,3,"saldo saldo, prev, ent","reg, status notas, mandatório"
75,97,3,"classificação, produto destino, ficha técnica","engenharia, desenvolvimento produto, estruturação produto"
19,108,3,"fpv, preço venda, cálculo","abastecimento, requisição, materiais"
69,122,3,"largura, produção agrupado, plano produção","emissão ordem, chão, ordem fabricação"
48,60,3,"ora, erro, mensagem","rótulos, armazenamento, unidades"
28,75,3,"importação, edi, arquivo","classificação, produto destino, ficha técnica"
83,125,3,"brisa, revisão, skus","faturamento, expedição, rotulo"
67,137,3,"relatório posição, frigorificos, gerenciamento","flex, saldo, representantes controle"
43,62,3,"cep, inspeção, lançamento","painel, web, expedição"
62,131,3,"painel, web, expedição","android, app, ivendre"
49,131,3,"senha, alter, caio","android, app, ivendre"
45,78,3,"armazenagem, local, rótulos","and, select, nvl"
22,46,3,"detalhamento teste, login, user","armazenagem, lotes, local"
46,89,3,"armazenagem, lotes, local","estoque futuro, localização, produção estoque"
53,57,3,"etiqueta, impressa, embalagem","etiqueta, emissão, impressão"
65,66,3,"painel embalagem, embalagem web, web painel","painel, abate, animal"
22,65,3,"detalhamento teste, login, user","painel embalagem, embalagem web, web painel"
77,100,3,"cancelamento saldo, saldo embarque, reserva","instrução, embarque, caixas"
38,98,3,"lote, fracionamento, fracionar","rota, pedidos faturamento, liberação pedidos"
136,153,3,"planejamento vendas, vendas planejamento, vendas frigorífico","plano mestre, mestre produção, relatório plano"
22,55,3,"detalhamento teste, login, user","mail assunto, desenvolvimento, queria entender"
48,139,3,"ora, erro, mensagem","grafdil, carrinho, pessoa"
69,104,3,"largura, produção agrupado, plano produção","cancelamento, entrega, cancelar"
104,130,3,"cancelamento, entrega, cancelar","carteira, distribuição pedidos, pedidos relatórios"
108,130,3,"abastecimento, requisição, materiais","carteira, distribuição pedidos, pedidos relatórios"
28,143,3,"importação, edi, arquivo","desconto, comissão, preços"
28,29,3,"importação, edi, arquivo","cnpj, pessoa, jurídicas"
29,84,3,"cnpj, pessoa, jurídicas","compras, comprador, alçada"
28,105,3,"importação, edi, arquivo","cotação, compras, fornecedor"
47,146,3,"análise, representante, vendas","proposta, ivendre, representante"
79,111,3,"marca, conjunto, cor","grade marcar, simplificado, venda"
78,146,3,"and, select, nvl","proposta, ivendre, representante"
54,90,3,"corrugado, rótulos, corrugada","material, materiais, componente"
84,111,3,"compras, comprador, alçada","grade marcar, simplificado, venda"
81,85,3,"ikronos, api, industrial manufatura","pré, recebimento, pre"
111,130,3,"grade marcar, simplificado, venda","carteira, distribuição pedidos, pedidos relatórios"
110,130,3,"necessidades, compras, mrp","carteira, distribuição pedidos, pedidos relatórios"
22,129,3,"detalhamento teste, login, user","entrega, categoria, venda"
98,130,3,"rota, pedidos faturamento, liberação pedidos","carteira, distribuição pedidos, pedidos relatórios"
38,103,3,"lote, fracionamento, fracionar","embarque parcial, reserva, aceita embarque"
89,109,3,"estoque futuro, localização, produção estoque","planejamento vendas, cota, vendas planejamento"
37,106,3,"está lendo, etiquetas medidora, medidora está","apontamento, web, coletor"
139,143,3,"grafdil, carrinho, pessoa","desconto, comissão, preços"
108,132,3,"abastecimento, requisição, materiais","eficiência, minutos, turno"
4,47,3,"power, mcm, visões","análise, representante, vendas"
20,106,3,"controle embarque, embarque web, rótulos","apontamento, web, coletor"
30,56,3,"encaixotamento, talões, liberação faturamento","kunden systems, ocorrida, implantação"
31,104,3,"picking, rótulo, web","cancelamento, entrega, cancelar"
22,52,3,"detalhamento teste, login, user","rotulo, rótulo, operação"
86,143,3,"desconto, valor unitário, liquido","desconto, comissão, preços"
85,105,3,"pré, recebimento, pre","cotação, compras, fornecedor"
19,87,3,"fpv, preço venda, cálculo","diferença, custo médio, estoque"
51,110,3,"email, envio, mails","necessidades, compras, mrp"
1,108,3,"saldo saldo, prev, ent","abastecimento, requisição, materiais"
56,70,3,"kunden systems, ocorrida, implantação","processo sequencia, curpisco, demãos"
19,78,3,"fpv, preço venda, cálculo","and, select, nvl"
71,108,3,"empresa, mrp, tabela","abastecimento, requisição, materiais"
29,51,3,"cnpj, pessoa, jurídicas","email, envio, mails"
78,132,3,"and, select, nvl","eficiência, minutos, turno"
67,132,3,"relatório posição, frigorificos, gerenciamento","eficiência, minutos, turno"
17,124,3,"manutenção, preventiva, maquina","operações, propriedade, ficha"
48,91,3,"ora, erro, mensagem","posição estoque, relatório, saldos rótulo"
48,156,3,"ora, erro, mensagem","entrada, nota, fiscal"
9,56,3,"codex clipboard, png, tecnica","kunden systems, ocorrida, implantação"
8,126,3,"doccob, conemb, transportadora","faturamento, liberação, pedidos"
43,115,3,"cep, inspeção, lançamento","apontamento, multitarefa, desvio"
17,67,3,"manutenção, preventiva, maquina","relatório posição, frigorificos, gerenciamento"
16,150,3,"manutenção industrial, transferência, centro trabalho","remessa, terceirização, industrialização"
21,122,3,"publisher, query, report","emissão ordem, chão, ordem fabricação"
95,126,3,"dólares, moeda, valor","faturamento, liberação, pedidos"
6,52,3,"satra, ticket, arquivo","rotulo, rótulo, operação"
26,153,3,"arezzo, importação, rótulos","plano mestre, mestre produção, relatório plano"
22,130,3,"detalhamento teste, login, user","carteira, distribuição pedidos, pedidos relatórios"
22,89,3,"detalhamento teste, login, user","estoque futuro, localização, produção estoque"
22,105,3,"detalhamento teste, login, user","cotação, compras, fornecedor"
8,14,2,"doccob, conemb, transportadora","pdv, caixa, kunden"
34,126,2,"labelli, api, job","faturamento, liberação, pedidos"
89,108,2,"estoque futuro, localização, produção estoque","abastecimento, requisição, materiais"
22,64,2,"detalhamento teste, login, user","nao, transcricao, deve"
64,80,2,"nao, transcricao, deve","características, categoria, preenchidas"
18,64,2,"ção, ato, drawback","nao, transcricao, deve"
7,52,2,"revisão, bônus, painel","rotulo, rótulo, operação"
7,38,2,"revisão, bônus, painel","lote, fracionamento, fracionar"
7,125,2,"revisão, bônus, painel","faturamento, expedição, rotulo"
42,128,2,"produtos fabricação, geração produtos, conta contábil","consignação, operação, classe"
19,67,2,"fpv, preço venda, cálculo","relatório posição, frigorificos, gerenciamento"
22,77,2,"detalhamento teste, login, user","cancelamento saldo, saldo embarque, reserva"
14,34,2,"pdv, caixa, kunden","labelli, api, job"
34,123,2,"labelli, api, job","cartão, componente, emissão"
19,74,2,"fpv, preço venda, cálculo","cfop, icms, sped"
74,154,2,"cfop, icms, sped","fornecedor, entrada, ontem"
96,108,2,"coleção, estruturação produto, sub","abastecimento, requisição, materiais"
90,96,2,"material, materiais, componente","coleção, estruturação produto, sub"
36,50,2,"mensagem knd, erro nimo, sequence","sys, camino, oracle"
50,139,2,"sys, camino, oracle","grafdil, carrinho, pessoa"
50,147,2,"sys, camino, oracle","ivendre, fotos, ios"
50,159,2,"sys, camino, oracle","aline, sefaz, monitor"
80,150,2,"características, categoria, preenchidas","remessa, terceirização, industrialização"
78,123,2,"and, select, nvl","cartão, componente, emissão"
97,152,2,"engenharia, desenvolvimento produto, estruturação produto","mestre produção, plano mestre, forecast"
106,145,2,"apontamento, web, coletor","triangular, industrialização, beneficiamento"
110,140,2,"necessidades, compras, mrp","recurso, planejamento, meta"
76,115,2,"encerramento, finalização, proceso","apontamento, multitarefa, desvio"
7,83,2,"revisão, bônus, painel","brisa, revisão, skus"
57,59,2,"etiqueta, emissão, impressão","navegador, impressora, atalho"
106,114,2,"apontamento, web, coletor","unidade medida, primária, qtde"
45,116,2,"armazenagem, local, rótulos","estorno, cancelamento, devolução"
19,56,2,"fpv, preço venda, cálculo","kunden systems, ocorrida, implantação"
40,75,2,"inspeção, laboratorial, inspección","classificação, produto destino, ficha técnica"
70,93,2,"processo sequencia, curpisco, demãos","encerramento, encerrado, períodos"
35,56,2,"raja, paquete, cantidad","kunden systems, ocorrida, implantação"
17,97,2,"manutenção, preventiva, maquina","engenharia, desenvolvimento produto, estruturação produto"
107,115,2,"apontamento rótulos, fábrica lançamentos, lançamentos apontamento","apontamento, multitarefa, desvio"
40,108,2,"inspeção, laboratorial, inspección","abastecimento, requisição, materiais"
3,118,2,"reg, status notas, mandatório","custo total, napa asa, asa white"
19,145,2,"fpv, preço venda, cálculo","triangular, industrialização, beneficiamento"
56,105,2,"kunden systems, ocorrida, implantação","cotação, compras, fornecedor"
41,117,2,"custeio, custo, recálculo","rendimento, curtume, custo"
29,55,2,"cnpj, pessoa, jurídicas","mail assunto, desenvolvimento, queria entender"
84,121,2,"compras, comprador, alçada","exportação, packing, list"
108,121,2,"abastecimento, requisição, materiais","exportação, packing, list"
27,148,2,"romaneio, notas fiscais, fiscais rótulo","fiscais, nota, fiscal"
39,108,2,"controle lote, lotes, requisições","abastecimento, requisição, materiais"
94,128,2,"custo médio, unitário, suprimentos estoque","consignação, operação, classe"
125,128,2,"faturamento, expedição, rotulo","consignação, operação, classe"
89,92,2,"estoque futuro, localização, produção estoque","reclassificação, transferência localizações, lançamentos transferência"
83,89,2,"brisa, revisão, skus","estoque futuro, localização, produção estoque"
51,88,2,"email, envio, mails","cri, ajuste, divergência"
3,148,2,"reg, status notas, mandatório","fiscais, nota, fiscal"
112,135,2,"data base, fecha base, plano produção","lote, balanceado, cálculo"
45,135,2,"armazenagem, local, rótulos","lote, balanceado, cálculo"
89,135,2,"estoque futuro, localização, produção estoque","lote, balanceado, cálculo"
135,152,2,"lote, balanceado, cálculo","mestre produção, plano mestre, forecast"
36,126,2,"mensagem knd, erro nimo, sequence","faturamento, liberação, pedidos"
77,153,2,"cancelamento saldo, saldo embarque, reserva","plano mestre, mestre produção, relatório plano"
69,78,2,"largura, produção agrupado, plano produção","and, select, nvl"
41,99,2,"custeio, custo, recálculo","back flush, flush materiais, apontamento"
41,114,2,"custeio, custo, recálculo","unidade medida, primária, qtde"
39,135,2,"controle lote, lotes, requisições","lote, balanceado, cálculo"
93,99,2,"encerramento, encerrado, períodos","back flush, flush materiais, apontamento"
42,150,2,"produtos fabricação, geração produtos, conta contábil","remessa, terceirização, industrialização"
6,15,2,"satra, ticket, arquivo","tolerância, pis cofins, tolerancia"
76,88,2,"encerramento, finalização, proceso","cri, ajuste, divergência"
78,133,2,"and, select, nvl","semi, ofs, acabado"
105,108,2,"cotação, compras, fornecedor","abastecimento, requisição, materiais"
81,111,2,"ikronos, api, industrial manufatura","grade marcar, simplificado, venda"
41,135,2,"custeio, custo, recálculo","lote, balanceado, cálculo"
90,92,2,"material, materiais, componente","reclassificação, transferência localizações, lançamentos transferência"
56,77,2,"kunden systems, ocorrida, implantação","cancelamento saldo, saldo embarque, reserva"
16,148,2,"manutenção industrial, transferência, centro trabalho","fiscais, nota, fiscal"
128,155,2,"consignação, operação, classe","smart, sefaz, nfs"
116,121,2,"estorno, cancelamento, devolução","exportação, packing, list"
41,87,2,"custeio, custo, recálculo","diferença, custo médio, estoque"
18,28,2,"ção, ato, drawback","importação, edi, arquivo"
48,159,2,"ora, erro, mensagem","aline, sefaz, monitor"
122,148,2,"emissão ordem, chão, ordem fabricação","fiscais, nota, fiscal"
16,149,2,"manutenção industrial, transferência, centro trabalho","industrialização, retorno, remessa"
28,158,2,"importação, edi, arquivo","monitor, fiscais, notas"
87,95,2,"diferença, custo médio, estoque","dólares, moeda, valor"
61,142,2,"emissão etiqueta, etiqueta nota, rótulos emissão","impressora, impressão, monitor"
10,155,2,"evento, leiaute, autor","smart, sefaz, nfs"
155,157,2,"smart, sefaz, nfs","importação notas, fiscais importação, entrada xml"
29,155,2,"cnpj, pessoa, jurídicas","smart, sefaz, nfs"
116,158,2,"estorno, cancelamento, devolução","monitor, fiscais, notas"
27,159,2,"romaneio, notas fiscais, fiscais rótulo","aline, sefaz, monitor"
122,159,2,"emissão ordem, chão, ordem fabricação","aline, sefaz, monitor"
81,91,2,"ikronos, api, industrial manufatura","posição estoque, relatório, saldos rótulo"
91,134,2,"posição estoque, relatório, saldos rótulo","quantidade peças, ivendre, bonés"
19,64,2,"fpv, preço venda, cálculo","nao, transcricao, deve"
68,87,2,"relatório faturamento, assunto relatório, estornos","diferença, custo médio, estoque"
67,91,2,"relatório posição, frigorificos, gerenciamento","posição estoque, relatório, saldos rótulo"
111,126,2,"grade marcar, simplificado, venda","faturamento, liberação, pedidos"
73,113,2,"mínimo, parcela, categoria","risco, crédito, analise"
48,126,2,"ora, erro, mensagem","faturamento, liberação, pedidos"
77,130,2,"cancelamento saldo, saldo embarque, reserva","carteira, distribuição pedidos, pedidos relatórios"
20,148,2,"controle embarque, embarque web, rótulos","fiscais, nota, fiscal"
20,125,2,"controle embarque, embarque web, rótulos","faturamento, expedição, rotulo"
44,99,2,"devolução, devoluções, cep","back flush, flush materiais, apontamento"
44,108,2,"devolução, devoluções, cep","abastecimento, requisição, materiais"
60,61,2,"rótulos, armazenamento, unidades","emissão etiqueta, etiqueta nota, rótulos emissão"
89,96,2,"estoque futuro, localização, produção estoque","coleção, estruturação produto, sub"
16,157,2,"manutenção industrial, transferência, centro trabalho","importação notas, fiscais importação, entrada xml"
8,148,2,"doccob, conemb, transportadora","fiscais, nota, fiscal"
50,158,2,"sys, camino, oracle","monitor, fiscais, notas"
21,50,2,"publisher, query, report","sys, camino, oracle"
98,157,2,"rota, pedidos faturamento, liberação pedidos","importação notas, fiscais importação, entrada xml"
48,56,2,"ora, erro, mensagem","kunden systems, ocorrida, implantação"
14,23,2,"pdv, caixa, kunden","http, frigorifico, link"
103,125,2,"embarque parcial, reserva, aceita embarque","faturamento, expedição, rotulo"
2,19,2,"moeda, cotação, cotações","fpv, preço venda, cálculo"
5,157,2,"contra nota, gera contra, entrada frigorífico","importação notas, fiscais importação, entrada xml"
5,22,2,"contra nota, gera contra, entrada frigorífico","detalhamento teste, login, user"
5,85,2,"contra nota, gera contra, entrada frigorífico","pré, recebimento, pre"
67,150,2,"relatório posição, frigorificos, gerenciamento","remessa, terceirização, industrialização"
27,60,2,"romaneio, notas fiscais, fiscais rótulo","rótulos, armazenamento, unidades"
67,68,2,"relatório posição, frigorificos, gerenciamento","relatório faturamento, assunto relatório, estornos"
81,122,2,"ikronos, api, industrial manufatura","emissão ordem, chão, ordem fabricação"
144,150,2,"retorno, industrialização, deposito","remessa, terceirização, industrialização"
128,144,2,"consignação, operação, classe","retorno, industrialização, deposito"
53,59,2,"etiqueta, impressa, embalagem","navegador, impressora, atalho"
58,142,2,"etiquetas, impressora, impressão","impressora, impressão, monitor"
58,63,2,"etiquetas, impressora, impressão","etiqueta, primevo, letavo"
52,58,2,"rotulo, rótulo, operação","etiquetas, impressora, impressão"
23,56,2,"http, frigorifico, link","kunden systems, ocorrida, implantação"
1,56,2,"saldo saldo, prev, ent","kunden systems, ocorrida, implantação"
124,133,2,"operações, propriedade, ficha","semi, ofs, acabado"
89,133,2,"estoque futuro, localização, produção estoque","semi, ofs, acabado"
2,36,2,"moeda, cotação, cotações","mensagem knd, erro nimo, sequence"
132,151,2,"eficiência, minutos, turno","fabricação geração, plano mestre, mestre produção"
127,153,2,"setup, tempo, planejamento","plano mestre, mestre produção, relatório plano"
72,152,2,"mrp, material, data cadastro","mestre produção, plano mestre, forecast"
55,88,2,"mail assunto, desenvolvimento, queria entender","cri, ajuste, divergência"
72,140,2,"mrp, material, data cadastro","recurso, planejamento, meta"
48,108,2,"ora, erro, mensagem","abastecimento, requisição, materiais"
25,41,2,"job, logs, ção","custeio, custo, recálculo"
78,112,2,"and, select, nvl","data base, fecha base, plano produção"
70,76,2,"processo sequencia, curpisco, demãos","encerramento, finalização, proceso"
26,52,2,"arezzo, importação, rótulos","rotulo, rótulo, operação"
26,126,2,"arezzo, importação, rótulos","faturamento, liberação, pedidos"
52,125,2,"rotulo, rótulo, operação","faturamento, expedição, rotulo"
32,57,2,"dígitos, ean, contentor","etiqueta, emissão, impressão"
56,108,2,"kunden systems, ocorrida, implantação","abastecimento, requisição, materiais"
54,108,2,"corrugado, rótulos, corrugada","abastecimento, requisição, materiais"
48,122,2,"ora, erro, mensagem","emissão ordem, chão, ordem fabricação"
67,122,2,"relatório posição, frigorificos, gerenciamento","emissão ordem, chão, ordem fabricação"
22,101,2,"detalhamento teste, login, user","recursos, filtro, semana"
69,90,2,"largura, produção agrupado, plano produção","material, materiais, componente"
54,79,2,"corrugado, rótulos, corrugada","marca, conjunto, cor"
14,79,2,"pdv, caixa, kunden","marca, conjunto, cor"
79,129,2,"marca, conjunto, cor","entrega, categoria, venda"
59,60,2,"navegador, impressora, atalho","rótulos, armazenamento, unidades"
22,33,2,"detalhamento teste, login, user","gtin, ean, txt"
34,131,2,"labelli, api, job","android, app, ivendre"
89,129,2,"estoque futuro, localização, produção estoque","entrega, categoria, venda"
100,134,2,"instrução, embarque, caixas","quantidade peças, ivendre, bonés"
31,125,2,"picking, rótulo, web","faturamento, expedição, rotulo"
124,127,2,"operações, propriedade, ficha","setup, tempo, planejamento"
127,132,2,"setup, tempo, planejamento","eficiência, minutos, turno"
101,110,2,"recursos, filtro, semana","necessidades, compras, mrp"
6,69,2,"satra, ticket, arquivo","largura, produção agrupado, plano produção"
52,108,2,"rotulo, rótulo, operação","abastecimento, requisição, materiais"
52,132,2,"rotulo, rótulo, operação","eficiência, minutos, turno"
52,89,2,"rotulo, rótulo, operação","estoque futuro, localização, produção estoque"
52,113,2,"rotulo, rótulo, operação","risco, crédito, analise"
68,101,2,"relatório faturamento, assunto relatório, estornos","recursos, filtro, semana"
36,122,2,"mensagem knd, erro nimo, sequence","emissão ordem, chão, ordem fabricação"
108,112,2,"abastecimento, requisição, materiais","data base, fecha base, plano produção"
62,104,2,"painel, web, expedição","cancelamento, entrega, cancelar"
22,133,2,"detalhamento teste, login, user","semi, ofs, acabado"
41,144,2,"custeio, custo, recálculo","retorno, industrialização, deposito"
87,145,2,"diferença, custo médio, estoque","triangular, industrialização, beneficiamento"
5,44,2,"contra nota, gera contra, entrada frigorífico","devolução, devoluções, cep"
104,137,2,"cancelamento, entrega, cancelar","flex, saldo, representantes controle"
86,137,2,"desconto, valor unitário, liquido","flex, saldo, representantes controle"
39,43,2,"controle lote, lotes, requisições","cep, inspeção, lançamento"
43,82,2,"cep, inspeção, lançamento","relatório analise, relatório gerenciais, fábrica relatório"
53,65,2,"etiqueta, impressa, embalagem","painel embalagem, embalagem web, web painel"
34,49,2,"labelli, api, job","senha, alter, caio"
38,104,2,"lote, fracionamento, fracionar","cancelamento, entrega, cancelar"
21,25,2,"publisher, query, report","job, logs, ção"
62,153,2,"painel, web, expedição","plano mestre, mestre produção, relatório plano"
53,66,2,"etiqueta, impressa, embalagem","painel, abate, animal"
38,46,2,"lote, fracionamento, fracionar","armazenagem, lotes, local"
65,81,2,"painel embalagem, embalagem web, web painel","ikronos, api, industrial manufatura"
53,62,2,"etiqueta, impressa, embalagem","painel, web, expedição"
38,77,2,"lote, fracionamento, fracionar","cancelamento saldo, saldo embarque, reserva"
34,143,2,"labelli, api, job","desconto, comissão, preços"
99,150,2,"back flush, flush materiais, apontamento","remessa, terceirização, industrialização"
2,41,2,"moeda, cotação, cotações","custeio, custo, recálculo"
28,111,2,"importação, edi, arquivo","grade marcar, simplificado, venda"
73,143,2,"mínimo, parcela, categoria","desconto, comissão, preços"
28,130,2,"importação, edi, arquivo","carteira, distribuição pedidos, pedidos relatórios"
53,58,2,"etiqueta, impressa, embalagem","etiquetas, impressora, impressão"
28,157,2,"importação, edi, arquivo","importação notas, fiscais importação, entrada xml"
28,126,2,"importação, edi, arquivo","faturamento, liberação, pedidos"
28,64,2,"importação, edi, arquivo","nao, transcricao, deve"
9,50,2,"codex clipboard, png, tecnica","sys, camino, oracle"
126,146,2,"faturamento, liberação, pedidos","proposta, ivendre, representante"
81,146,2,"ikronos, api, industrial manufatura","proposta, ivendre, representante"
143,147,2,"desconto, comissão, preços","ivendre, fotos, ios"
86,129,2,"desconto, valor unitário, liquido","entrega, categoria, venda"
31,103,2,"picking, rótulo, web","embarque parcial, reserva, aceita embarque"
105,143,2,"cotação, compras, fornecedor","desconto, comissão, preços"
81,143,2,"ikronos, api, industrial manufatura","desconto, comissão, preços"
100,111,2,"instrução, embarque, caixas","grade marcar, simplificado, venda"
51,73,2,"email, envio, mails","mínimo, parcela, categoria"
110,111,2,"necessidades, compras, mrp","grade marcar, simplificado, venda"
126,129,2,"faturamento, liberação, pedidos","entrega, categoria, venda"
111,138,2,"grade marcar, simplificado, venda","ivendre, semana, carrinhos"
111,134,2,"grade marcar, simplificado, venda","quantidade peças, ivendre, bonés"
89,113,2,"estoque futuro, localização, produção estoque","risco, crédito, analise"
67,126,2,"relatório posição, frigorificos, gerenciamento","faturamento, liberação, pedidos"
67,106,2,"relatório posição, frigorificos, gerenciamento","apontamento, web, coletor"
67,81,2,"relatório posição, frigorificos, gerenciamento","ikronos, api, industrial manufatura"
103,129,2,"embarque parcial, reserva, aceita embarque","entrega, categoria, venda"
89,128,2,"estoque futuro, localização, produção estoque","consignação, operação, classe"
45,106,2,"armazenagem, local, rótulos","apontamento, web, coletor"
59,106,2,"navegador, impressora, atalho","apontamento, web, coletor"
32,37,2,"dígitos, ean, contentor","está lendo, etiquetas medidora, medidora está"
43,106,2,"cep, inspeção, lançamento","apontamento, web, coletor"
80,139,2,"características, categoria, preenchidas","grafdil, carrinho, pessoa"
73,138,2,"mínimo, parcela, categoria","ivendre, semana, carrinhos"
14,138,2,"pdv, caixa, kunden","ivendre, semana, carrinhos"
138,143,2,"ivendre, semana, carrinhos","desconto, comissão, preços"
77,138,2,"cancelamento saldo, saldo embarque, reserva","ivendre, semana, carrinhos"
29,138,2,"cnpj, pessoa, jurídicas","ivendre, semana, carrinhos"
23,138,2,"http, frigorifico, link","ivendre, semana, carrinhos"
89,138,2,"estoque futuro, localização, produção estoque","ivendre, semana, carrinhos"
19,143,2,"fpv, preço venda, cálculo","desconto, comissão, preços"
47,130,2,"análise, representante, vendas","carteira, distribuição pedidos, pedidos relatórios"
47,51,2,"análise, representante, vendas","email, envio, mails"
35,48,2,"raja, paquete, cantidad","ora, erro, mensagem"
47,116,2,"análise, representante, vendas","estorno, cancelamento, devolução"
4,23,2,"power, mcm, visões","http, frigorifico, link"
14,106,2,"pdv, caixa, kunden","apontamento, web, coletor"
66,106,2,"painel, abate, animal","apontamento, web, coletor"
106,132,2,"apontamento, web, coletor","eficiência, minutos, turno"
106,122,2,"apontamento, web, coletor","emissão ordem, chão, ordem fabricação"
30,126,2,"encaixotamento, talões, liberação faturamento","faturamento, liberação, pedidos"
30,84,2,"encaixotamento, talões, liberação faturamento","compras, comprador, alçada"
30,77,2,"encaixotamento, talões, liberação faturamento","cancelamento saldo, saldo embarque, reserva"
31,126,2,"picking, rótulo, web","faturamento, liberação, pedidos"
4,14,2,"power, mcm, visões","pdv, caixa, kunden"
81,113,2,"ikronos, api, industrial manufatura","risco, crédito, analise"
111,113,2,"grade marcar, simplificado, venda","risco, crédito, analise"
19,129,2,"fpv, preço venda, cálculo","entrega, categoria, venda"
19,113,2,"fpv, preço venda, cálculo","risco, crédito, analise"
86,105,2,"desconto, valor unitário, liquido","cotação, compras, fornecedor"
109,113,2,"planejamento vendas, cota, vendas planejamento","risco, crédito, analise"
100,109,2,"instrução, embarque, caixas","planejamento vendas, cota, vendas planejamento"
109,110,2,"planejamento vendas, cota, vendas planejamento","necessidades, compras, mrp"
110,153,2,"necessidades, compras, mrp","plano mestre, mestre produção, relatório plano"
84,129,2,"compras, comprador, alçada","entrega, categoria, venda"
29,105,2,"cnpj, pessoa, jurídicas","cotação, compras, fornecedor"
35,78,2,"raja, paquete, cantidad","and, select, nvl"
36,69,2,"mensagem knd, erro nimo, sequence","largura, produção agrupado, plano produção"
89,110,2,"estoque futuro, localização, produção estoque","necessidades, compras, mrp"
71,112,2,"empresa, mrp, tabela","data base, fecha base, plano produção"
15,110,2,"tolerância, pis cofins, tolerancia","necessidades, compras, mrp"
15,36,2,"tolerância, pis cofins, tolerancia","mensagem knd, erro nimo, sequence"
36,110,2,"mensagem knd, erro nimo, sequence","necessidades, compras, mrp"
108,120,2,"abastecimento, requisição, materiais","reposição, ponto, estoque segurança"
25,120,2,"job, logs, ção","reposição, ponto, estoque segurança"
77,120,2,"cancelamento saldo, saldo embarque, reserva","reposição, ponto, estoque segurança"
36,99,2,"mensagem knd, erro nimo, sequence","back flush, flush materiais, apontamento"
23,51,2,"http, frigorifico, link","email, envio, mails"
140,150,2,"recurso, planejamento, meta","remessa, terceirização, industrialização"
39,150,2,"controle lote, lotes, requisições","remessa, terceirização, industrialização"
17,72,2,"manutenção, preventiva, maquina","mrp, material, data cadastro"
22,45,2,"detalhamento teste, login, user","armazenagem, local, rótulos"
14,25,2,"pdv, caixa, kunden","job, logs, ção"
25,140,2,"job, logs, ção","recurso, planejamento, meta"
29,78,2,"cnpj, pessoa, jurídicas","and, select, nvl"
34,101,2,"labelli, api, job","recursos, filtro, semana"
64,157,2,"nao, transcricao, deve","importação notas, fiscais importação, entrada xml"
78,87,2,"and, select, nvl","diferença, custo médio, estoque"
64,78,2,"nao, transcricao, deve","and, select, nvl"
26,50,2,"arezzo, importação, rótulos","sys, camino, oracle"
29,48,2,"cnpj, pessoa, jurídicas","ora, erro, mensagem"
20,29,2,"controle embarque, embarque web, rótulos","cnpj, pessoa, jurídicas"
3,22,2,"reg, status notas, mandatório","detalhamento teste, login, user"
3,78,2,"reg, status notas, mandatório","and, select, nvl"
23,50,2,"http, frigorifico, link","sys, camino, oracle"
78,156,2,"and, select, nvl","entrada, nota, fiscal"
29,154,2,"cnpj, pessoa, jurídicas","fornecedor, entrada, ontem"
23,81,2,"http, frigorifico, link","ikronos, api, industrial manufatura"
81,131,2,"ikronos, api, industrial manufatura","android, app, ivendre"
80,124,2,"características, categoria, preenchidas","operações, propriedade, ficha"
19,127,2,"fpv, preço venda, cálculo","setup, tempo, planejamento"
80,90,2,"características, categoria, preenchidas","material, materiais, componente"
51,123,2,"email, envio, mails","cartão, componente, emissão"
8,125,2,"doccob, conemb, transportadora","faturamento, expedição, rotulo"
50,78,2,"sys, camino, oracle","and, select, nvl"
17,132,2,"manutenção, preventiva, maquina","eficiência, minutos, turno"
17,151,2,"manutenção, preventiva, maquina","fabricação geração, plano mestre, mestre produção"
17,78,2,"manutenção, preventiva, maquina","and, select, nvl"
17,122,2,"manutenção, preventiva, maquina","emissão ordem, chão, ordem fabricação"
16,89,2,"manutenção industrial, transferência, centro trabalho","estoque futuro, localização, produção estoque"
16,22,2,"manutenção industrial, transferência, centro trabalho","detalhamento teste, login, user"
21,71,2,"publisher, query, report","empresa, mrp, tabela"
21,108,2,"publisher, query, report","abastecimento, requisição, materiais"
50,121,2,"sys, camino, oracle","exportação, packing, list"
60,121,2,"rótulos, armazenamento, unidades","exportação, packing, list"
6,36,2,"satra, ticket, arquivo","mensagem knd, erro nimo, sequence"
6,90,2,"satra, ticket, arquivo","material, materiais, componente"
39,67,2,"controle lote, lotes, requisições","relatório posição, frigorificos, gerenciamento"
6,88,2,"satra, ticket, arquivo","cri, ajuste, divergência"
39,76,2,"controle lote, lotes, requisições","encerramento, finalização, proceso"
35,105,2,"raja, paquete, cantidad","cotação, compras, fornecedor"
18,34,2,"ção, ato, drawback","labelli, api, job"
27,122,2,"romaneio, notas fiscais, fiscais rótulo","emissão ordem, chão, ordem fabricação"
27,125,2,"romaneio, notas fiscais, fiscais rótulo","faturamento, expedição, rotulo"
48,129,2,"ora, erro, mensagem","entrega, categoria, venda"
26,157,2,"arezzo, importação, rótulos","importação notas, fiscais importação, entrada xml"
26,49,2,"arezzo, importação, rótulos","senha, alter, caio"
23,26,2,"http, frigorifico, link","arezzo, importação, rótulos"
26,158,2,"arezzo, importação, rótulos","monitor, fiscais, notas"
42,114,2,"produtos fabricação, geração produtos, conta contábil","unidade medida, primária, qtde"
11,22,2,"tag, obrig rejeição, chave acesso","detalhamento teste, login, user"
22,48,2,"detalhamento teste, login, user","ora, erro, mensagem"
22,73,2,"detalhamento teste, login, user","mínimo, parcela, categoria"
2,25,2,"moeda, cotação, cotações","job, logs, ção"
2,8,2,"moeda, cotação, cotações","doccob, conemb, transportadora"
22,116,2,"detalhamento teste, login, user","estorno, cancelamento, devolução"
14,70,1,"pdv, caixa, kunden","processo sequencia, curpisco, demãos"
7,14,1,"revisão, bônus, painel","pdv, caixa, kunden"
116,136,1,"estorno, cancelamento, devolução","planejamento vendas, vendas planejamento, vendas frigorífico"
128,136,1,"consignação, operação, classe","planejamento vendas, vendas planejamento, vendas frigorífico"
64,146,1,"nao, transcricao, deve","proposta, ivendre, representante"
7,156,1,"revisão, bônus, painel","entrada, nota, fiscal"
7,122,1,"revisão, bônus, painel","emissão ordem, chão, ordem fabricação"
7,108,1,"revisão, bônus, painel","abastecimento, requisição, materiais"
7,121,1,"revisão, bônus, painel","exportação, packing, list"
7,39,1,"revisão, bônus, painel","controle lote, lotes, requisições"
7,45,1,"revisão, bônus, painel","armazenagem, local, rótulos"
7,126,1,"revisão, bônus, painel","faturamento, liberação, pedidos"
7,84,1,"revisão, bônus, painel","compras, comprador, alçada"
7,8,1,"revisão, bônus, painel","doccob, conemb, transportadora"
51,74,1,"email, envio, mails","cfop, icms, sped"
8,19,1,"doccob, conemb, transportadora","fpv, preço venda, cálculo"
42,122,1,"produtos fabricação, geração produtos, conta contábil","emissão ordem, chão, ordem fabricação"
119,134,1,"lote mínimo, mínimo compra, compras","quantidade peças, ivendre, bonés"
119,143,1,"lote mínimo, mínimo compra, compras","desconto, comissão, preços"
25,132,1,"job, logs, ção","eficiência, minutos, turno"
25,45,1,"job, logs, ção","armazenagem, local, rótulos"
8,20,1,"doccob, conemb, transportadora","controle embarque, embarque web, rótulos"
19,146,1,"fpv, preço venda, cálculo","proposta, ivendre, representante"
29,34,1,"cnpj, pessoa, jurídicas","labelli, api, job"
34,150,1,"labelli, api, job","remessa, terceirização, industrialização"
74,86,1,"cfop, icms, sped","desconto, valor unitário, liquido"
74,143,1,"cfop, icms, sped","desconto, comissão, preços"
16,74,1,"manutenção industrial, transferência, centro trabalho","cfop, icms, sped"
3,74,1,"reg, status notas, mandatório","cfop, icms, sped"
67,97,1,"relatório posição, frigorificos, gerenciamento","engenharia, desenvolvimento produto, estruturação produto"
19,115,1,"fpv, preço venda, cálculo","apontamento, multitarefa, desvio"
32,96,1,"dígitos, ean, contentor","coleção, estruturação produto, sub"
90,102,1,"material, materiais, componente","centro custo, requisição, contábil"
22,50,1,"detalhamento teste, login, user","sys, camino, oracle"
70,122,1,"processo sequencia, curpisco, demãos","emissão ordem, chão, ordem fabricação"
70,97,1,"processo sequencia, curpisco, demãos","engenharia, desenvolvimento produto, estruturação produto"
17,119,1,"manutenção, preventiva, maquina","lote mínimo, mínimo compra, compras"
37,79,1,"está lendo, etiquetas medidora, medidora está","marca, conjunto, cor"
48,79,1,"ora, erro, mensagem","marca, conjunto, cor"
6,79,1,"satra, ticket, arquivo","marca, conjunto, cor"
36,96,1,"mensagem knd, erro nimo, sequence","coleção, estruturação produto, sub"
96,153,1,"coleção, estruturação produto, sub","plano mestre, mestre produção, relatório plano"
56,57,1,"kunden systems, ocorrida, implantação","etiqueta, emissão, impressão"
15,134,1,"tolerância, pis cofins, tolerancia","quantidade peças, ivendre, bonés"
122,151,1,"emissão ordem, chão, ordem fabricação","fabricação geração, plano mestre, mestre produção"
15,137,1,"tolerância, pis cofins, tolerancia","flex, saldo, representantes controle"
15,140,1,"tolerância, pis cofins, tolerancia","recurso, planejamento, meta"
15,99,1,"tolerância, pis cofins, tolerancia","back flush, flush materiais, apontamento"
6,48,1,"satra, ticket, arquivo","ora, erro, mensagem"
99,104,1,"back flush, flush materiais, apontamento","cancelamento, entrega, cancelar"
30,99,1,"encaixotamento, talões, liberação faturamento","back flush, flush materiais, apontamento"
55,149,1,"mail assunto, desenvolvimento, queria entender","industrialização, retorno, remessa"
52,107,1,"rotulo, rótulo, operação","apontamento rótulos, fábrica lançamentos, lançamentos apontamento"
52,123,1,"rotulo, rótulo, operação","cartão, componente, emissão"
52,60,1,"rotulo, rótulo, operação","rótulos, armazenamento, unidades"
4,59,1,"power, mcm, visões","navegador, impressora, atalho"
58,116,1,"etiquetas, impressora, impressão","estorno, cancelamento, devolução"
11,13,1,"tag, obrig rejeição, chave acesso","ibs, cbs, monofásica"
56,144,1,"kunden systems, ocorrida, implantação","retorno, industrialização, deposito"
90,141,1,"material, materiais, componente","tinta, formula, acabamento"
55,65,1,"mail assunto, desenvolvimento, queria entender","painel embalagem, embalagem web, web painel"
17,120,1,"manutenção, preventiva, maquina","reposição, ponto, estoque segurança"
82,92,1,"relatório analise, relatório gerenciais, fábrica relatório","reclassificação, transferência localizações, lançamentos transferência"
92,122,1,"reclassificação, transferência localizações, lançamentos transferência","emissão ordem, chão, ordem fabricação"
76,92,1,"encerramento, finalização, proceso","reclassificação, transferência localizações, lançamentos transferência"
101,118,1,"recursos, filtro, semana","custo total, napa asa, asa white"
118,151,1,"custo total, napa asa, asa white","fabricação geração, plano mestre, mestre produção"
94,118,1,"custo médio, unitário, suprimentos estoque","custo total, napa asa, asa white"
19,86,1,"fpv, preço venda, cálculo","desconto, valor unitário, liquido"
47,113,1,"análise, representante, vendas","risco, crédito, analise"
42,69,1,"produtos fabricação, geração produtos, conta contábil","largura, produção agrupado, plano produção"
19,117,1,"fpv, preço venda, cálculo","rendimento, curtume, custo"
70,114,1,"processo sequencia, curpisco, demãos","unidade medida, primária, qtde"
19,42,1,"fpv, preço venda, cálculo","produtos fabricação, geração produtos, conta contábil"
56,75,1,"kunden systems, ocorrida, implantação","classificação, produto destino, ficha técnica"
56,121,1,"kunden systems, ocorrida, implantação","exportação, packing, list"
56,122,1,"kunden systems, ocorrida, implantação","emissão ordem, chão, ordem fabricação"
56,145,1,"kunden systems, ocorrida, implantação","triangular, industrialização, beneficiamento"
3,121,1,"reg, status notas, mandatório","exportação, packing, list"
121,143,1,"exportação, packing, list","desconto, comissão, preços"
99,114,1,"back flush, flush materiais, apontamento","unidade medida, primária, qtde"
43,140,1,"cep, inspeção, lançamento","recurso, planejamento, meta"
85,87,1,"pré, recebimento, pre","diferença, custo médio, estoque"
44,88,1,"devolução, devoluções, cep","cri, ajuste, divergência"
41,86,1,"custeio, custo, recálculo","desconto, valor unitário, liquido"
41,116,1,"custeio, custo, recálculo","estorno, cancelamento, devolução"
89,94,1,"estoque futuro, localização, produção estoque","custo médio, unitário, suprimentos estoque"
91,94,1,"posição estoque, relatório, saldos rótulo","custo médio, unitário, suprimentos estoque"
88,137,1,"cri, ajuste, divergência","flex, saldo, representantes controle"
83,92,1,"brisa, revisão, skus","reclassificação, transferência localizações, lançamentos transferência"
31,81,1,"picking, rótulo, web","ikronos, api, industrial manufatura"
39,98,1,"controle lote, lotes, requisições","rota, pedidos faturamento, liberação pedidos"
39,85,1,"controle lote, lotes, requisições","pré, recebimento, pre"
39,116,1,"controle lote, lotes, requisições","estorno, cancelamento, devolução"
39,126,1,"controle lote, lotes, requisições","faturamento, liberação, pedidos"
19,152,1,"fpv, preço venda, cálculo","mestre produção, plano mestre, forecast"
90,133,1,"material, materiais, componente","semi, ofs, acabado"
90,110,1,"material, materiais, componente","necessidades, compras, mrp"
133,149,1,"semi, ofs, acabado","industrialização, retorno, remessa"
69,151,1,"largura, produção agrupado, plano produção","fabricação geração, plano mestre, mestre produção"
36,153,1,"mensagem knd, erro nimo, sequence","plano mestre, mestre produção, relatório plano"
36,108,1,"mensagem knd, erro nimo, sequence","abastecimento, requisição, materiais"
151,152,1,"fabricação geração, plano mestre, mestre produção","mestre produção, plano mestre, forecast"
133,152,1,"semi, ofs, acabado","mestre produção, plano mestre, forecast"
112,153,1,"data base, fecha base, plano produção","plano mestre, mestre produção, relatório plano"
88,90,1,"cri, ajuste, divergência","material, materiais, componente"
42,99,1,"produtos fabricação, geração produtos, conta contábil","back flush, flush materiais, apontamento"
41,141,1,"custeio, custo, recálculo","tinta, formula, acabamento"
39,122,1,"controle lote, lotes, requisições","emissão ordem, chão, ordem fabricação"
35,93,1,"raja, paquete, cantidad","encerramento, encerrado, períodos"
93,151,1,"encerramento, encerrado, períodos","fabricação geração, plano mestre, mestre produção"
42,45,1,"produtos fabricação, geração produtos, conta contábil","armazenagem, local, rótulos"
42,121,1,"produtos fabricação, geração produtos, conta contábil","exportação, packing, list"
22,42,1,"detalhamento teste, login, user","produtos fabricação, geração produtos, conta contábil"
38,108,1,"lote, fracionamento, fracionar","abastecimento, requisição, materiais"
94,120,1,"custo médio, unitário, suprimentos estoque","reposição, ponto, estoque segurança"
22,91,1,"detalhamento teste, login, user","posição estoque, relatório, saldos rótulo"
19,94,1,"fpv, preço venda, cálculo","custo médio, unitário, suprimentos estoque"
94,151,1,"custo médio, unitário, suprimentos estoque","fabricação geração, plano mestre, mestre produção"
56,86,1,"kunden systems, ocorrida, implantação","desconto, valor unitário, liquido"
41,92,1,"custeio, custo, recálculo","reclassificação, transferência localizações, lançamentos transferência"
92,93,1,"reclassificação, transferência localizações, lançamentos transferência","encerramento, encerrado, períodos"
54,77,1,"corrugado, rótulos, corrugada","cancelamento saldo, saldo embarque, reserva"
81,84,1,"ikronos, api, industrial manufatura","compras, comprador, alçada"
92,151,1,"reclassificação, transferência localizações, lançamentos transferência","fabricação geração, plano mestre, mestre produção"
92,94,1,"reclassificação, transferência localizações, lançamentos transferência","custo médio, unitário, suprimentos estoque"
39,92,1,"controle lote, lotes, requisições","reclassificação, transferência localizações, lançamentos transferência"
41,125,1,"custeio, custo, recálculo","faturamento, expedição, rotulo"
100,125,1,"instrução, embarque, caixas","faturamento, expedição, rotulo"
28,48,1,"importação, edi, arquivo","ora, erro, mensagem"
116,140,1,"estorno, cancelamento, devolução","recurso, planejamento, meta"
145,155,1,"triangular, industrialização, beneficiamento","smart, sefaz, nfs"
27,95,1,"romaneio, notas fiscais, fiscais rótulo","dólares, moeda, valor"
20,116,1,"controle embarque, embarque web, rótulos","estorno, cancelamento, devolução"
116,154,1,"estorno, cancelamento, devolução","fornecedor, entrada, ontem"
144,154,1,"retorno, industrialização, deposito","fornecedor, entrada, ontem"
126,144,1,"faturamento, liberação, pedidos","retorno, industrialização, deposito"
121,154,1,"exportação, packing, list","fornecedor, entrada, ontem"
74,156,1,"cfop, icms, sped","entrada, nota, fiscal"
45,48,1,"armazenagem, local, rótulos","ora, erro, mensagem"
6,87,1,"satra, ticket, arquivo","diferença, custo médio, estoque"
6,156,1,"satra, ticket, arquivo","entrada, nota, fiscal"
6,49,1,"satra, ticket, arquivo","senha, alter, caio"
8,33,1,"doccob, conemb, transportadora","gtin, ean, txt"
78,158,1,"and, select, nvl","monitor, fiscais, notas"
40,135,1,"inspeção, laboratorial, inspección","lote, balanceado, cálculo"
40,61,1,"inspeção, laboratorial, inspección","emissão etiqueta, etiqueta nota, rótulos emissão"
148,154,1,"fiscais, nota, fiscal","fornecedor, entrada, ontem"
102,156,1,"centro custo, requisição, contábil","entrada, nota, fiscal"
48,84,1,"ora, erro, mensagem","compras, comprador, alçada"
142,159,1,"impressora, impressão, monitor","aline, sefaz, monitor"
11,155,1,"tag, obrig rejeição, chave acesso","smart, sefaz, nfs"
49,159,1,"senha, alter, caio","aline, sefaz, monitor"
95,158,1,"dólares, moeda, valor","monitor, fiscais, notas"
32,158,1,"dígitos, ean, contentor","monitor, fiscais, notas"
36,159,1,"mensagem knd, erro nimo, sequence","aline, sefaz, monitor"
20,158,1,"controle embarque, embarque web, rótulos","monitor, fiscais, notas"
98,158,1,"rota, pedidos faturamento, liberação pedidos","monitor, fiscais, notas"
27,86,1,"romaneio, notas fiscais, fiscais rótulo","desconto, valor unitário, liquido"
20,154,1,"controle embarque, embarque web, rótulos","fornecedor, entrada, ontem"
154,157,1,"fornecedor, entrada, ontem","importação notas, fiscais importação, entrada xml"
156,158,1,"entrada, nota, fiscal","monitor, fiscais, notas"
91,93,1,"posição estoque, relatório, saldos rótulo","encerramento, encerrado, períodos"
41,140,1,"custeio, custo, recálculo","recurso, planejamento, meta"
83,121,1,"brisa, revisão, skus","exportação, packing, list"
91,98,1,"posição estoque, relatório, saldos rótulo","rota, pedidos faturamento, liberação pedidos"
92,98,1,"reclassificação, transferência localizações, lançamentos transferência","rota, pedidos faturamento, liberação pedidos"
91,150,1,"posição estoque, relatório, saldos rótulo","remessa, terceirização, industrialização"
91,122,1,"posição estoque, relatório, saldos rótulo","emissão ordem, chão, ordem fabricação"
36,87,1,"mensagem knd, erro nimo, sequence","diferença, custo médio, estoque"
88,141,1,"cri, ajuste, divergência","tinta, formula, acabamento"
87,91,1,"diferença, custo médio, estoque","posição estoque, relatório, saldos rótulo"
128,145,1,"consignação, operação, classe","triangular, industrialização, beneficiamento"
42,92,1,"produtos fabricação, geração produtos, conta contábil","reclassificação, transferência localizações, lançamentos transferência"
83,91,1,"brisa, revisão, skus","posição estoque, relatório, saldos rótulo"
46,67,1,"armazenagem, lotes, local","relatório posição, frigorificos, gerenciamento"
53,67,1,"etiqueta, impressa, embalagem","relatório posição, frigorificos, gerenciamento"
45,67,1,"armazenagem, local, rótulos","relatório posição, frigorificos, gerenciamento"
89,115,1,"estoque futuro, localização, produção estoque","apontamento, multitarefa, desvio"
89,125,1,"estoque futuro, localização, produção estoque","faturamento, expedição, rotulo"
34,108,1,"labelli, api, job","abastecimento, requisição, materiais"
20,34,1,"controle embarque, embarque web, rótulos","labelli, api, job"
77,148,1,"cancelamento saldo, saldo embarque, reserva","fiscais, nota, fiscal"
77,149,1,"cancelamento saldo, saldo embarque, reserva","industrialização, retorno, remessa"
108,144,1,"abastecimento, requisição, materiais","retorno, industrialização, deposito"
44,98,1,"devolução, devoluções, cep","rota, pedidos faturamento, liberação pedidos"
111,149,1,"grade marcar, simplificado, venda","industrialização, retorno, remessa"
78,128,1,"and, select, nvl","consignação, operação, classe"
87,89,1,"diferença, custo médio, estoque","estoque futuro, localização, produção estoque"
27,87,1,"romaneio, notas fiscais, fiscais rótulo","diferença, custo médio, estoque"
44,111,1,"devolução, devoluções, cep","grade marcar, simplificado, venda"
104,136,1,"cancelamento, entrega, cancelar","planejamento vendas, vendas planejamento, vendas frigorífico"
86,156,1,"desconto, valor unitário, liquido","entrada, nota, fiscal"
44,145,1,"devolução, devoluções, cep","triangular, industrialização, beneficiamento"
48,116,1,"ora, erro, mensagem","estorno, cancelamento, devolução"
5,48,1,"contra nota, gera contra, entrada frigorífico","ora, erro, mensagem"
61,158,1,"emissão etiqueta, etiqueta nota, rótulos emissão","monitor, fiscais, notas"
55,155,1,"mail assunto, desenvolvimento, queria entender","smart, sefaz, nfs"
50,93,1,"sys, camino, oracle","encerramento, encerrado, períodos"
140,155,1,"recurso, planejamento, meta","smart, sefaz, nfs"
44,56,1,"devolução, devoluções, cep","kunden systems, ocorrida, implantação"
40,119,1,"inspeção, laboratorial, inspección","lote mínimo, mínimo compra, compras"
14,37,1,"pdv, caixa, kunden","está lendo, etiquetas medidora, medidora está"
14,32,1,"pdv, caixa, kunden","dígitos, ean, contentor"
56,148,1,"kunden systems, ocorrida, implantação","fiscais, nota, fiscal"
44,150,1,"devolução, devoluções, cep","remessa, terceirização, industrialização"
14,125,1,"pdv, caixa, kunden","faturamento, expedição, rotulo"
5,27,1,"contra nota, gera contra, entrada frigorífico","romaneio, notas fiscais, fiscais rótulo"
60,83,1,"rótulos, armazenamento, unidades","brisa, revisão, skus"
22,144,1,"detalhamento teste, login, user","retorno, industrialização, deposito"
116,144,1,"estorno, cancelamento, devolução","retorno, industrialização, deposito"
55,112,1,"mail assunto, desenvolvimento, queria entender","data base, fecha base, plano produção"
27,56,1,"romaneio, notas fiscais, fiscais rótulo","kunden systems, ocorrida, implantação"
21,27,1,"publisher, query, report","romaneio, notas fiscais, fiscais rótulo"
27,55,1,"romaneio, notas fiscais, fiscais rótulo","mail assunto, desenvolvimento, queria entender"
27,58,1,"romaneio, notas fiscais, fiscais rótulo","etiquetas, impressora, impressão"
56,151,1,"kunden systems, ocorrida, implantação","fabricação geração, plano mestre, mestre produção"
145,154,1,"triangular, industrialização, beneficiamento","fornecedor, entrada, ontem"
22,149,1,"detalhamento teste, login, user","industrialização, retorno, remessa"
44,144,1,"devolução, devoluções, cep","retorno, industrialização, deposito"
88,133,1,"cri, ajuste, divergência","semi, ofs, acabado"
78,140,1,"and, select, nvl","recurso, planejamento, meta"
117,151,1,"rendimento, curtume, custo","fabricação geração, plano mestre, mestre produção"
72,112,1,"mrp, material, data cadastro","data base, fecha base, plano produção"
87,112,1,"diferença, custo médio, estoque","data base, fecha base, plano produção"
48,72,1,"ora, erro, mensagem","mrp, material, data cadastro"
56,132,1,"kunden systems, ocorrida, implantação","eficiência, minutos, turno"
132,135,1,"eficiência, minutos, turno","lote, balanceado, cálculo"
84,99,1,"compras, comprador, alçada","back flush, flush materiais, apontamento"
99,133,1,"back flush, flush materiais, apontamento","semi, ofs, acabado"
43,56,1,"cep, inspeção, lançamento","kunden systems, ocorrida, implantação"
127,152,1,"setup, tempo, planejamento","mestre produção, plano mestre, forecast"
72,153,1,"mrp, material, data cadastro","plano mestre, mestre produção, relatório plano"
72,80,1,"mrp, material, data cadastro","características, categoria, preenchidas"
41,55,1,"custeio, custo, recálculo","mail assunto, desenvolvimento, queria entender"
17,101,1,"manutenção, preventiva, maquina","recursos, filtro, semana"
101,151,1,"recursos, filtro, semana","fabricação geração, plano mestre, mestre produção"
45,101,1,"armazenagem, local, rótulos","recursos, filtro, semana"
99,101,1,"back flush, flush materiais, apontamento","recursos, filtro, semana"
35,151,1,"raja, paquete, cantidad","fabricação geração, plano mestre, mestre produção"
36,138,1,"mensagem knd, erro nimo, sequence","ivendre, semana, carrinhos"
35,122,1,"raja, paquete, cantidad","emissão ordem, chão, ordem fabricação"
78,151,1,"and, select, nvl","fabricação geração, plano mestre, mestre produção"
45,126,1,"armazenagem, local, rótulos","faturamento, liberação, pedidos"
82,98,1,"relatório analise, relatório gerenciais, fábrica relatório","rota, pedidos faturamento, liberação pedidos"
80,97,1,"características, categoria, preenchidas","engenharia, desenvolvimento produto, estruturação produto"
59,123,1,"navegador, impressora, atalho","cartão, componente, emissão"
28,59,1,"importação, edi, arquivo","navegador, impressora, atalho"
59,80,1,"navegador, impressora, atalho","características, categoria, preenchidas"
19,32,1,"fpv, preço venda, cálculo","dígitos, ean, contentor"
22,32,1,"detalhamento teste, login, user","dígitos, ean, contentor"
33,108,1,"gtin, ean, txt","abastecimento, requisição, materiais"
61,122,1,"emissão etiqueta, etiqueta nota, rótulos emissão","emissão ordem, chão, ordem fabricação"
53,122,1,"etiqueta, impressa, embalagem","emissão ordem, chão, ordem fabricação"
14,76,1,"pdv, caixa, kunden","encerramento, finalização, proceso"
66,122,1,"painel, abate, animal","emissão ordem, chão, ordem fabricação"
122,140,1,"emissão ordem, chão, ordem fabricação","recurso, planejamento, meta"
90,122,1,"material, materiais, componente","emissão ordem, chão, ordem fabricação"
54,111,1,"corrugado, rótulos, corrugada","grade marcar, simplificado, venda"
36,90,1,"mensagem knd, erro nimo, sequence","material, materiais, componente"
89,107,1,"estoque futuro, localização, produção estoque","apontamento rótulos, fábrica lançamentos, lançamentos apontamento"
79,80,1,"marca, conjunto, cor","características, categoria, preenchidas"
56,79,1,"kunden systems, ocorrida, implantação","marca, conjunto, cor"
69,79,1,"largura, produção agrupado, plano produção","marca, conjunto, cor"
79,97,1,"marca, conjunto, cor","engenharia, desenvolvimento produto, estruturação produto"
79,108,1,"marca, conjunto, cor","abastecimento, requisição, materiais"
97,102,1,"engenharia, desenvolvimento produto, estruturação produto","centro custo, requisição, contábil"
75,119,1,"classificação, produto destino, ficha técnica","lote mínimo, mínimo compra, compras"
55,81,1,"mail assunto, desenvolvimento, queria entender","ikronos, api, industrial manufatura"
33,80,1,"gtin, ean, txt","características, categoria, preenchidas"
28,80,1,"importação, edi, arquivo","características, categoria, preenchidas"
53,79,1,"etiqueta, impressa, embalagem","marca, conjunto, cor"
38,89,1,"lote, fracionamento, fracionar","estoque futuro, localização, produção estoque"
6,123,1,"satra, ticket, arquivo","cartão, componente, emissão"
123,152,1,"cartão, componente, emissão","mestre produção, plano mestre, forecast"
52,81,1,"rotulo, rótulo, operação","ikronos, api, industrial manufatura"
52,153,1,"rotulo, rótulo, operação","plano mestre, mestre produção, relatório plano"
52,114,1,"rotulo, rótulo, operação","unidade medida, primária, qtde"
67,82,1,"relatório posição, frigorificos, gerenciamento","relatório analise, relatório gerenciais, fábrica relatório"
101,124,1,"recursos, filtro, semana","operações, propriedade, ficha"
89,101,1,"estoque futuro, localização, produção estoque","recursos, filtro, semana"
91,101,1,"posição estoque, relatório, saldos rótulo","recursos, filtro, semana"
93,101,1,"encerramento, encerrado, períodos","recursos, filtro, semana"
97,111,1,"engenharia, desenvolvimento produto, estruturação produto","grade marcar, simplificado, venda"
1,22,1,"saldo saldo, prev, ent","detalhamento teste, login, user"
36,97,1,"mensagem knd, erro nimo, sequence","engenharia, desenvolvimento produto, estruturação produto"
55,91,1,"mail assunto, desenvolvimento, queria entender","posição estoque, relatório, saldos rótulo"
75,82,1,"classificação, produto destino, ficha técnica","relatório analise, relatório gerenciais, fábrica relatório"
97,108,1,"engenharia, desenvolvimento produto, estruturação produto","abastecimento, requisição, materiais"
104,108,1,"cancelamento, entrega, cancelar","abastecimento, requisição, materiais"
85,108,1,"pré, recebimento, pre","abastecimento, requisição, materiais"
47,123,1,"análise, representante, vendas","cartão, componente, emissão"
104,122,1,"cancelamento, entrega, cancelar","emissão ordem, chão, ordem fabricação"
54,135,1,"corrugado, rótulos, corrugada","lote, balanceado, cálculo"
36,54,1,"mensagem knd, erro nimo, sequence","corrugado, rótulos, corrugada"
57,60,1,"etiqueta, emissão, impressão","rótulos, armazenamento, unidades"
60,111,1,"rótulos, armazenamento, unidades","grade marcar, simplificado, venda"
60,122,1,"rótulos, armazenamento, unidades","emissão ordem, chão, ordem fabricação"
36,71,1,"mensagem knd, erro nimo, sequence","empresa, mrp, tabela"
48,54,1,"ora, erro, mensagem","corrugado, rótulos, corrugada"
42,55,1,"produtos fabricação, geração produtos, conta contábil","mail assunto, desenvolvimento, queria entender"
55,97,1,"mail assunto, desenvolvimento, queria entender","engenharia, desenvolvimento produto, estruturação produto"
55,108,1,"mail assunto, desenvolvimento, queria entender","abastecimento, requisição, materiais"
0,60,1,"gera emissão, emissão rótulo, rótulo unidade","rótulos, armazenamento, unidades"
19,75,1,"fpv, preço venda, cálculo","classificação, produto destino, ficha técnica"
76,83,1,"encerramento, finalização, proceso","brisa, revisão, skus"
41,83,1,"custeio, custo, recálculo","brisa, revisão, skus"
5,126,1,"contra nota, gera contra, entrada frigorífico","faturamento, liberação, pedidos"
113,137,1,"risco, crédito, analise","flex, saldo, representantes controle"
19,136,1,"fpv, preço venda, cálculo","planejamento vendas, vendas planejamento, vendas frigorífico"
43,116,1,"cep, inspeção, lançamento","estorno, cancelamento, devolução"
68,98,1,"relatório faturamento, assunto relatório, estornos","rota, pedidos faturamento, liberação pedidos"
63,97,1,"etiqueta, primevo, letavo","engenharia, desenvolvimento produto, estruturação produto"
43,148,1,"cep, inspeção, lançamento","fiscais, nota, fiscal"
34,90,1,"labelli, api, job","material, materiais, componente"
126,131,1,"faturamento, liberação, pedidos","android, app, ivendre"
100,131,1,"instrução, embarque, caixas","android, app, ivendre"
38,136,1,"lote, fracionamento, fracionar","planejamento vendas, vendas planejamento, vendas frigorífico"
98,103,1,"rota, pedidos faturamento, liberação pedidos","embarque parcial, reserva, aceita embarque"
14,21,1,"pdv, caixa, kunden","publisher, query, report"
21,62,1,"publisher, query, report","painel, web, expedição"
40,45,1,"inspeção, laboratorial, inspección","armazenagem, local, rótulos"
62,82,1,"painel, web, expedição","relatório analise, relatório gerenciais, fábrica relatório"
97,151,1,"engenharia, desenvolvimento produto, estruturação produto","fabricação geração, plano mestre, mestre produção"
66,91,1,"painel, abate, animal","posição estoque, relatório, saldos rótulo"
65,77,1,"painel embalagem, embalagem web, web painel","cancelamento saldo, saldo embarque, reserva"
23,68,1,"http, frigorifico, link","relatório faturamento, assunto relatório, estornos"
32,68,1,"dígitos, ean, contentor","relatório faturamento, assunto relatório, estornos"
32,63,1,"dígitos, ean, contentor","etiqueta, primevo, letavo"
62,81,1,"painel, web, expedição","ikronos, api, industrial manufatura"
100,138,1,"instrução, embarque, caixas","ivendre, semana, carrinhos"
62,98,1,"painel, web, expedição","rota, pedidos faturamento, liberação pedidos"
84,100,1,"compras, comprador, alçada","instrução, embarque, caixas"
42,89,1,"produtos fabricação, geração produtos, conta contábil","estoque futuro, localização, produção estoque"
62,136,1,"painel, web, expedição","planejamento vendas, vendas planejamento, vendas frigorífico"
55,159,1,"mail assunto, desenvolvimento, queria entender","aline, sefaz, monitor"
67,120,1,"relatório posição, frigorificos, gerenciamento","reposição, ponto, estoque segurança"
5,82,1,"contra nota, gera contra, entrada frigorífico","relatório analise, relatório gerenciais, fábrica relatório"
5,148,1,"contra nota, gera contra, entrada frigorífico","fiscais, nota, fiscal"
19,63,1,"fpv, preço venda, cálculo","etiqueta, primevo, letavo"
34,86,1,"labelli, api, job","desconto, valor unitário, liquido"
34,130,1,"labelli, api, job","carteira, distribuição pedidos, pedidos relatórios"
34,61,1,"labelli, api, job","emissão etiqueta, etiqueta nota, rótulos emissão"
31,60,1,"picking, rótulo, web","rótulos, armazenamento, unidades"
22,150,1,"detalhamento teste, login, user","remessa, terceirização, industrialização"
19,110,1,"fpv, preço venda, cálculo","necessidades, compras, mrp"
19,123,1,"fpv, preço venda, cálculo","cartão, componente, emissão"
55,116,1,"mail assunto, desenvolvimento, queria entender","estorno, cancelamento, devolução"
116,130,1,"estorno, cancelamento, devolução","carteira, distribuição pedidos, pedidos relatórios"
56,155,1,"kunden systems, ocorrida, implantação","smart, sefaz, nfs"
19,96,1,"fpv, preço venda, cálculo","coleção, estruturação produto, sub"
19,28,1,"fpv, preço venda, cálculo","importação, edi, arquivo"
19,134,1,"fpv, preço venda, cálculo","quantidade peças, ivendre, bonés"
19,112,1,"fpv, preço venda, cálculo","data base, fecha base, plano produção"
77,133,1,"cancelamento saldo, saldo embarque, reserva","semi, ofs, acabado"
77,129,1,"cancelamento saldo, saldo embarque, reserva","entrega, categoria, venda"
31,129,1,"picking, rótulo, web","entrega, categoria, venda"
53,61,1,"etiqueta, impressa, embalagem","emissão etiqueta, etiqueta nota, rótulos emissão"
57,90,1,"etiqueta, emissão, impressão","material, materiais, componente"
46,58,1,"armazenagem, lotes, local","etiquetas, impressora, impressão"
58,84,1,"etiquetas, impressora, impressão","compras, comprador, alçada"
59,111,1,"navegador, impressora, atalho","grade marcar, simplificado, venda"
0,28,1,"gera emissão, emissão rótulo, rótulo unidade","importação, edi, arquivo"
34,89,1,"labelli, api, job","estoque futuro, localização, produção estoque"
26,48,1,"arezzo, importação, rótulos","ora, erro, mensagem"
28,50,1,"importação, edi, arquivo","sys, camino, oracle"
28,87,1,"importação, edi, arquivo","diferença, custo médio, estoque"
100,128,1,"instrução, embarque, caixas","consignação, operação, classe"
100,108,1,"instrução, embarque, caixas","abastecimento, requisição, materiais"
56,147,1,"kunden systems, ocorrida, implantação","ivendre, fotos, ios"
52,146,1,"rotulo, rótulo, operação","proposta, ivendre, representante"
116,146,1,"estorno, cancelamento, devolução","proposta, ivendre, representante"
37,147,1,"está lendo, etiquetas medidora, medidora está","ivendre, fotos, ios"
28,146,1,"importação, edi, arquivo","proposta, ivendre, representante"
21,28,1,"publisher, query, report","importação, edi, arquivo"
51,146,1,"email, envio, mails","proposta, ivendre, representante"
108,147,1,"abastecimento, requisição, materiais","ivendre, fotos, ios"
103,128,1,"embarque parcial, reserva, aceita embarque","consignação, operação, classe"
116,125,1,"estorno, cancelamento, devolução","faturamento, expedição, rotulo"
84,113,1,"compras, comprador, alçada","risco, crédito, analise"
48,136,1,"ora, erro, mensagem","planejamento vendas, vendas planejamento, vendas frigorífico"
126,143,1,"faturamento, liberação, pedidos","desconto, comissão, preços"
81,126,1,"ikronos, api, industrial manufatura","faturamento, liberação, pedidos"
104,146,1,"cancelamento, entrega, cancelar","proposta, ivendre, representante"
69,130,1,"largura, produção agrupado, plano produção","carteira, distribuição pedidos, pedidos relatórios"
73,84,1,"mínimo, parcela, categoria","compras, comprador, alçada"
73,90,1,"mínimo, parcela, categoria","material, materiais, componente"
73,119,1,"mínimo, parcela, categoria","lote mínimo, mínimo compra, compras"
120,129,1,"reposição, ponto, estoque segurança","entrega, categoria, venda"
122,130,1,"emissão ordem, chão, ordem fabricação","carteira, distribuição pedidos, pedidos relatórios"
57,130,1,"etiqueta, emissão, impressão","carteira, distribuição pedidos, pedidos relatórios"
44,130,1,"devolução, devoluções, cep","carteira, distribuição pedidos, pedidos relatórios"
98,129,1,"rota, pedidos faturamento, liberação pedidos","entrega, categoria, venda"
103,113,1,"embarque parcial, reserva, aceita embarque","risco, crédito, analise"
34,129,1,"labelli, api, job","entrega, categoria, venda"
34,69,1,"labelli, api, job","largura, produção agrupado, plano produção"
108,111,1,"abastecimento, requisição, materiais","grade marcar, simplificado, venda"
130,146,1,"carteira, distribuição pedidos, pedidos relatórios","proposta, ivendre, representante"
77,113,1,"cancelamento saldo, saldo embarque, reserva","risco, crédito, analise"
14,130,1,"pdv, caixa, kunden","carteira, distribuição pedidos, pedidos relatórios"
84,130,1,"compras, comprador, alçada","carteira, distribuição pedidos, pedidos relatórios"
130,153,1,"carteira, distribuição pedidos, pedidos relatórios","plano mestre, mestre produção, relatório plano"
67,111,1,"relatório posição, frigorificos, gerenciamento","grade marcar, simplificado, venda"
111,122,1,"grade marcar, simplificado, venda","emissão ordem, chão, ordem fabricação"
89,130,1,"estoque futuro, localização, produção estoque","carteira, distribuição pedidos, pedidos relatórios"
20,84,1,"controle embarque, embarque web, rótulos","compras, comprador, alçada"
46,84,1,"armazenagem, lotes, local","compras, comprador, alçada"
84,132,1,"compras, comprador, alçada","eficiência, minutos, turno"
77,110,1,"cancelamento saldo, saldo embarque, reserva","necessidades, compras, mrp"
47,77,1,"análise, representante, vendas","cancelamento saldo, saldo embarque, reserva"
67,77,1,"relatório posição, frigorificos, gerenciamento","cancelamento saldo, saldo embarque, reserva"
36,67,1,"mensagem knd, erro nimo, sequence","relatório posição, frigorificos, gerenciamento"
77,103,1,"cancelamento saldo, saldo embarque, reserva","embarque parcial, reserva, aceita embarque"
103,130,1,"embarque parcial, reserva, aceita embarque","carteira, distribuição pedidos, pedidos relatórios"
100,104,1,"instrução, embarque, caixas","cancelamento, entrega, cancelar"
30,89,1,"encaixotamento, talões, liberação faturamento","estoque futuro, localização, produção estoque"
51,130,1,"email, envio, mails","carteira, distribuição pedidos, pedidos relatórios"
14,98,1,"pdv, caixa, kunden","rota, pedidos faturamento, liberação pedidos"
99,106,1,"back flush, flush materiais, apontamento","apontamento, web, coletor"
106,112,1,"apontamento, web, coletor","data base, fecha base, plano produção"
106,146,1,"apontamento, web, coletor","proposta, ivendre, representante"
44,106,1,"devolução, devoluções, cep","apontamento, web, coletor"
37,66,1,"está lendo, etiquetas medidora, medidora está","painel, abate, animal"
32,138,1,"dígitos, ean, contentor","ivendre, semana, carrinhos"
134,138,1,"quantidade peças, ivendre, bonés","ivendre, semana, carrinhos"
69,138,1,"largura, produção agrupado, plano produção","ivendre, semana, carrinhos"
52,138,1,"rotulo, rótulo, operação","ivendre, semana, carrinhos"
104,138,1,"cancelamento, entrega, cancelar","ivendre, semana, carrinhos"
31,138,1,"picking, rótulo, web","ivendre, semana, carrinhos"
126,138,1,"faturamento, liberação, pedidos","ivendre, semana, carrinhos"
108,138,1,"abastecimento, requisição, materiais","ivendre, semana, carrinhos"
86,138,1,"desconto, valor unitário, liquido","ivendre, semana, carrinhos"
47,138,1,"análise, representante, vendas","ivendre, semana, carrinhos"
47,96,1,"análise, representante, vendas","coleção, estruturação produto, sub"
40,78,1,"inspeção, laboratorial, inspección","and, select, nvl"
22,23,1,"detalhamento teste, login, user","http, frigorifico, link"
47,81,1,"análise, representante, vendas","ikronos, api, industrial manufatura"
35,104,1,"raja, paquete, cantidad","cancelamento, entrega, cancelar"
27,35,1,"romaneio, notas fiscais, fiscais rótulo","raja, paquete, cantidad"
47,98,1,"análise, representante, vendas","rota, pedidos faturamento, liberação pedidos"
47,88,1,"análise, representante, vendas","cri, ajuste, divergência"
34,51,1,"labelli, api, job","email, envio, mails"
21,33,1,"publisher, query, report","gtin, ean, txt"
21,44,1,"publisher, query, report","devolução, devoluções, cep"
14,147,1,"pdv, caixa, kunden","ivendre, fotos, ios"
20,39,1,"controle embarque, embarque web, rótulos","controle lote, lotes, requisições"
30,39,1,"encaixotamento, talões, liberação faturamento","controle lote, lotes, requisições"
45,58,1,"armazenagem, local, rótulos","etiquetas, impressora, impressão"
101,133,1,"recursos, filtro, semana","semi, ofs, acabado"
38,52,1,"lote, fracionamento, fracionar","rotulo, rótulo, operação"
31,111,1,"picking, rótulo, web","grade marcar, simplificado, venda"
31,91,1,"picking, rótulo, web","posição estoque, relatório, saldos rótulo"
4,130,1,"power, mcm, visões","carteira, distribuição pedidos, pedidos relatórios"
19,47,1,"fpv, preço venda, cálculo","análise, representante, vendas"
105,113,1,"cotação, compras, fornecedor","risco, crédito, analise"
29,113,1,"cnpj, pessoa, jurídicas","risco, crédito, analise"
88,113,1,"cri, ajuste, divergência","risco, crédito, analise"
113,134,1,"risco, crédito, analise","quantidade peças, ivendre, bonés"
109,129,1,"planejamento vendas, cota, vendas planejamento","entrega, categoria, venda"
23,34,1,"http, frigorifico, link","labelli, api, job"
35,55,1,"raja, paquete, cantidad","mail assunto, desenvolvimento, queria entender"
73,103,1,"mínimo, parcela, categoria","embarque parcial, reserva, aceita embarque"
105,117,1,"cotação, compras, fornecedor","rendimento, curtume, custo"
81,105,1,"ikronos, api, industrial manufatura","cotação, compras, fornecedor"
78,109,1,"and, select, nvl","planejamento vendas, cota, vendas planejamento"
29,108,1,"cnpj, pessoa, jurídicas","abastecimento, requisição, materiais"
51,67,1,"email, envio, mails","relatório posição, frigorificos, gerenciamento"
78,113,1,"and, select, nvl","risco, crédito, analise"
51,126,1,"email, envio, mails","faturamento, liberação, pedidos"
84,133,1,"compras, comprador, alçada","semi, ofs, acabado"
46,104,1,"armazenagem, lotes, local","cancelamento, entrega, cancelar"
19,154,1,"fpv, preço venda, cálculo","fornecedor, entrada, ontem"
84,102,1,"compras, comprador, alçada","centro custo, requisição, contábil"
2,94,1,"moeda, cotação, cotações","custo médio, unitário, suprimentos estoque"
110,118,1,"necessidades, compras, mrp","custo total, napa asa, asa white"
69,84,1,"largura, produção agrupado, plano produção","compras, comprador, alçada"
57,105,1,"etiqueta, emissão, impressão","cotação, compras, fornecedor"
31,105,1,"picking, rótulo, web","cotação, compras, fornecedor"
105,154,1,"cotação, compras, fornecedor","fornecedor, entrada, ontem"
35,38,1,"raja, paquete, cantidad","lote, fracionamento, fracionar"
102,105,1,"centro custo, requisição, contábil","cotação, compras, fornecedor"
104,111,1,"cancelamento, entrega, cancelar","grade marcar, simplificado, venda"
78,104,1,"and, select, nvl","cancelamento, entrega, cancelar"
52,105,1,"rotulo, rótulo, operação","cotação, compras, fornecedor"
110,148,1,"necessidades, compras, mrp","fiscais, nota, fiscal"
84,119,1,"compras, comprador, alçada","lote mínimo, mínimo compra, compras"
110,116,1,"necessidades, compras, mrp","estorno, cancelamento, devolução"
102,110,1,"centro custo, requisição, contábil","necessidades, compras, mrp"
85,110,1,"pré, recebimento, pre","necessidades, compras, mrp"
38,54,1,"lote, fracionamento, fracionar","corrugado, rótulos, corrugada"
36,38,1,"mensagem knd, erro nimo, sequence","lote, fracionamento, fracionar"
78,120,1,"and, select, nvl","reposição, ponto, estoque segurança"
36,120,1,"mensagem knd, erro nimo, sequence","reposição, ponto, estoque segurança"
81,137,1,"ikronos, api, industrial manufatura","flex, saldo, representantes controle"
85,156,1,"pré, recebimento, pre","entrada, nota, fiscal"
95,105,1,"dólares, moeda, valor","cotação, compras, fornecedor"
145,146,1,"triangular, industrialização, beneficiamento","proposta, ivendre, representante"
116,145,1,"estorno, cancelamento, devolução","triangular, industrialização, beneficiamento"
91,120,1,"posição estoque, relatório, saldos rótulo","reposição, ponto, estoque segurança"
69,110,1,"largura, produção agrupado, plano produção","necessidades, compras, mrp"
51,85,1,"email, envio, mails","pré, recebimento, pre"
78,84,1,"and, select, nvl","compras, comprador, alçada"
78,105,1,"and, select, nvl","cotação, compras, fornecedor"
41,105,1,"custeio, custo, recálculo","cotação, compras, fornecedor"
77,150,1,"cancelamento saldo, saldo embarque, reserva","remessa, terceirização, industrialização"
78,150,1,"and, select, nvl","remessa, terceirização, industrialização"
134,150,1,"quantidade peças, ivendre, bonés","remessa, terceirização, industrialização"
143,150,1,"desconto, comissão, preços","remessa, terceirização, industrialização"
5,150,1,"contra nota, gera contra, entrada frigorífico","remessa, terceirização, industrialização"
91,108,1,"posição estoque, relatório, saldos rótulo","abastecimento, requisição, materiais"
98,108,1,"rota, pedidos faturamento, liberação pedidos","abastecimento, requisição, materiais"
121,150,1,"exportação, packing, list","remessa, terceirização, industrialização"
125,150,1,"faturamento, expedição, rotulo","remessa, terceirização, industrialização"
99,102,1,"back flush, flush materiais, apontamento","centro custo, requisição, contábil"
56,150,1,"kunden systems, ocorrida, implantação","remessa, terceirização, industrialização"
108,124,1,"abastecimento, requisição, materiais","operações, propriedade, ficha"
96,102,1,"coleção, estruturação produto, sub","centro custo, requisição, contábil"
71,102,1,"empresa, mrp, tabela","centro custo, requisição, contábil"
97,129,1,"engenharia, desenvolvimento produto, estruturação produto","entrega, categoria, venda"
65,129,1,"painel embalagem, embalagem web, web painel","entrega, categoria, venda"
71,140,1,"empresa, mrp, tabela","recurso, planejamento, meta"
71,159,1,"empresa, mrp, tabela","aline, sefaz, monitor"
51,113,1,"email, envio, mails","risco, crédito, analise"
52,78,1,"rotulo, rótulo, operação","and, select, nvl"
14,128,1,"pdv, caixa, kunden","consignação, operação, classe"
25,89,1,"job, logs, ção","estoque futuro, localização, produção estoque"
2,95,1,"moeda, cotação, cotações","dólares, moeda, valor"
22,67,1,"detalhamento teste, login, user","relatório posição, frigorificos, gerenciamento"
67,73,1,"relatório posição, frigorificos, gerenciamento","mínimo, parcela, categoria"
3,97,1,"reg, status notas, mandatório","engenharia, desenvolvimento produto, estruturação produto"
3,119,1,"reg, status notas, mandatório","lote mínimo, mínimo compra, compras"
33,78,1,"gtin, ean, txt","and, select, nvl"
29,64,1,"cnpj, pessoa, jurídicas","nao, transcricao, deve"
3,19,1,"reg, status notas, mandatório","fpv, preço venda, cálculo"
44,50,1,"devolução, devoluções, cep","sys, camino, oracle"
50,55,1,"sys, camino, oracle","mail assunto, desenvolvimento, queria entender"
78,116,1,"and, select, nvl","estorno, cancelamento, devolução"
2,51,1,"moeda, cotação, cotações","email, envio, mails"
17,51,1,"manutenção, preventiva, maquina","email, envio, mails"
84,158,1,"compras, comprador, alçada","monitor, fiscais, notas"
29,149,1,"cnpj, pessoa, jurídicas","industrialização, retorno, remessa"
29,56,1,"cnpj, pessoa, jurídicas","kunden systems, ocorrida, implantação"
29,81,1,"cnpj, pessoa, jurídicas","ikronos, api, industrial manufatura"
29,156,1,"cnpj, pessoa, jurídicas","entrada, nota, fiscal"
29,131,1,"cnpj, pessoa, jurídicas","android, app, ivendre"
29,139,1,"cnpj, pessoa, jurídicas","grafdil, carrinho, pessoa"
129,139,1,"entrega, categoria, venda","grafdil, carrinho, pessoa"
16,51,1,"manutenção industrial, transferência, centro trabalho","email, envio, mails"
84,154,1,"compras, comprador, alçada","fornecedor, entrada, ontem"
64,74,1,"nao, transcricao, deve","cfop, icms, sped"
22,132,1,"detalhamento teste, login, user","eficiência, minutos, turno"
81,132,1,"ikronos, api, industrial manufatura","eficiência, minutos, turno"
132,152,1,"eficiência, minutos, turno","mestre produção, plano mestre, forecast"
67,78,1,"relatório posição, frigorificos, gerenciamento","and, select, nvl"
76,124,1,"encerramento, finalização, proceso","operações, propriedade, ficha"
42,124,1,"produtos fabricação, geração produtos, conta contábil","operações, propriedade, ficha"
124,140,1,"operações, propriedade, ficha","recurso, planejamento, meta"
80,131,1,"características, categoria, preenchidas","android, app, ivendre"
51,81,1,"email, envio, mails","ikronos, api, industrial manufatura"
49,93,1,"senha, alter, caio","encerramento, encerrado, períodos"
77,91,1,"cancelamento saldo, saldo embarque, reserva","posição estoque, relatório, saldos rótulo"
49,87,1,"senha, alter, caio","diferença, custo médio, estoque"
78,129,1,"and, select, nvl","entrega, categoria, venda"
78,131,1,"and, select, nvl","android, app, ivendre"
98,137,1,"rota, pedidos faturamento, liberação pedidos","flex, saldo, representantes controle"
36,49,1,"mensagem knd, erro nimo, sequence","senha, alter, caio"
20,71,1,"controle embarque, embarque web, rótulos","empresa, mrp, tabela"
71,80,1,"empresa, mrp, tabela","características, categoria, preenchidas"
78,126,1,"and, select, nvl","faturamento, liberação, pedidos"
50,71,1,"sys, camino, oracle","empresa, mrp, tabela"
52,142,1,"rotulo, rótulo, operação","impressora, impressão, monitor"
19,52,1,"fpv, preço venda, cálculo","rotulo, rótulo, operação"
43,124,1,"cep, inspeção, lançamento","operações, propriedade, ficha"
43,122,1,"cep, inspeção, lançamento","emissão ordem, chão, ordem fabricação"
43,89,1,"cep, inspeção, lançamento","estoque futuro, localização, produção estoque"
43,48,1,"cep, inspeção, lançamento","ora, erro, mensagem"
70,115,1,"processo sequencia, curpisco, demãos","apontamento, multitarefa, desvio"
43,75,1,"cep, inspeção, lançamento","classificação, produto destino, ficha técnica"
44,137,1,"devolução, devoluções, cep","flex, saldo, representantes controle"
56,123,1,"kunden systems, ocorrida, implantação","cartão, componente, emissão"
51,139,1,"email, envio, mails","grafdil, carrinho, pessoa"
16,44,1,"manutenção industrial, transferência, centro trabalho","devolução, devoluções, cep"
16,126,1,"manutenção industrial, transferência, centro trabalho","faturamento, liberação, pedidos"
41,44,1,"custeio, custo, recálculo","devolução, devoluções, cep"
44,78,1,"devolução, devoluções, cep","and, select, nvl"
39,44,1,"controle lote, lotes, requisições","devolução, devoluções, cep"
17,41,1,"manutenção, preventiva, maquina","custeio, custo, recálculo"
17,62,1,"manutenção, preventiva, maquina","painel, web, expedição"
30,55,1,"encaixotamento, talões, liberação faturamento","mail assunto, desenvolvimento, queria entender"
17,142,1,"manutenção, preventiva, maquina","impressora, impressão, monitor"
17,36,1,"manutenção, preventiva, maquina","mensagem knd, erro nimo, sequence"
17,91,1,"manutenção, preventiva, maquina","posição estoque, relatório, saldos rótulo"
17,130,1,"manutenção, preventiva, maquina","carteira, distribuição pedidos, pedidos relatórios"
16,92,1,"manutenção industrial, transferência, centro trabalho","reclassificação, transferência localizações, lançamentos transferência"
16,159,1,"manutenção industrial, transferência, centro trabalho","aline, sefaz, monitor"
21,70,1,"publisher, query, report","processo sequencia, curpisco, demãos"
21,59,1,"publisher, query, report","navegador, impressora, atalho"
21,78,1,"publisher, query, report","and, select, nvl"
21,36,1,"publisher, query, report","mensagem knd, erro nimo, sequence"
21,117,1,"publisher, query, report","rendimento, curtume, custo"
59,147,1,"navegador, impressora, atalho","ivendre, fotos, ios"
41,121,1,"custeio, custo, recálculo","exportação, packing, list"
118,121,1,"custo total, napa asa, asa white","exportação, packing, list"
28,121,1,"importação, edi, arquivo","exportação, packing, list"
1,55,1,"saldo saldo, prev, ent","mail assunto, desenvolvimento, queria entender"
45,121,1,"armazenagem, local, rótulos","exportação, packing, list"
38,45,1,"lote, fracionamento, fracionar","armazenagem, local, rótulos"
27,121,1,"romaneio, notas fiscais, fiscais rótulo","exportação, packing, list"
54,112,1,"corrugado, rótulos, corrugada","data base, fecha base, plano produção"
121,130,1,"exportação, packing, list","carteira, distribuição pedidos, pedidos relatórios"
97,121,1,"engenharia, desenvolvimento produto, estruturação produto","exportação, packing, list"
81,121,1,"ikronos, api, industrial manufatura","exportação, packing, list"
50,75,1,"sys, camino, oracle","classificação, produto destino, ficha técnica"
40,83,1,"inspeção, laboratorial, inspección","brisa, revisão, skus"
40,133,1,"inspeção, laboratorial, inspección","semi, ofs, acabado"
40,106,1,"inspeção, laboratorial, inspección","apontamento, web, coletor"
40,101,1,"inspeção, laboratorial, inspección","recursos, filtro, semana"
3,6,1,"reg, status notas, mandatório","satra, ticket, arquivo"
6,67,1,"satra, ticket, arquivo","relatório posição, frigorificos, gerenciamento"
6,14,1,"satra, ticket, arquivo","pdv, caixa, kunden"
6,22,1,"satra, ticket, arquivo","detalhamento teste, login, user"
6,81,1,"satra, ticket, arquivo","ikronos, api, industrial manufatura"
6,120,1,"satra, ticket, arquivo","reposição, ponto, estoque segurança"
6,76,1,"satra, ticket, arquivo","encerramento, finalização, proceso"
6,20,1,"satra, ticket, arquivo","controle embarque, embarque web, rótulos"
6,80,1,"satra, ticket, arquivo","características, categoria, preenchidas"
6,151,1,"satra, ticket, arquivo","fabricação geração, plano mestre, mestre produção"
6,105,1,"satra, ticket, arquivo","cotação, compras, fornecedor"
52,100,1,"rotulo, rótulo, operação","instrução, embarque, caixas"
20,88,1,"controle embarque, embarque web, rótulos","cri, ajuste, divergência"
20,65,1,"controle embarque, embarque web, rótulos","painel embalagem, embalagem web, web painel"
20,121,1,"controle embarque, embarque web, rótulos","exportação, packing, list"
39,84,1,"controle lote, lotes, requisições","compras, comprador, alçada"
76,135,1,"encerramento, finalização, proceso","lote, balanceado, cálculo"
49,55,1,"senha, alter, caio","mail assunto, desenvolvimento, queria entender"
39,78,1,"controle lote, lotes, requisições","and, select, nvl"
37,39,1,"está lendo, etiquetas medidora, medidora está","controle lote, lotes, requisições"
37,45,1,"está lendo, etiquetas medidora, medidora está","armazenagem, local, rótulos"
37,144,1,"está lendo, etiquetas medidora, medidora está","retorno, industrialização, deposito"
35,46,1,"raja, paquete, cantidad","armazenagem, lotes, local"
35,101,1,"raja, paquete, cantidad","recursos, filtro, semana"
35,141,1,"raja, paquete, cantidad","tinta, formula, acabamento"
34,79,1,"labelli, api, job","marca, conjunto, cor"
26,34,1,"arezzo, importação, rótulos","labelli, api, job"
28,34,1,"importação, edi, arquivo","labelli, api, job"
26,81,1,"arezzo, importação, rótulos","ikronos, api, industrial manufatura"
27,84,1,"romaneio, notas fiscais, fiscais rótulo","compras, comprador, alçada"
26,51,1,"arezzo, importação, rótulos","email, envio, mails"
26,106,1,"arezzo, importação, rótulos","apontamento, web, coletor"
98,154,1,"rota, pedidos faturamento, liberação pedidos","fornecedor, entrada, ontem"
125,158,1,"faturamento, expedição, rotulo","monitor, fiscais, notas"
26,125,1,"arezzo, importação, rótulos","faturamento, expedição, rotulo"
36,48,1,"mensagem knd, erro nimo, sequence","ora, erro, mensagem"
26,79,1,"arezzo, importação, rótulos","marca, conjunto, cor"
26,90,1,"arezzo, importação, rótulos","material, materiais, componente"
34,50,1,"labelli, api, job","sys, camino, oracle"
26,54,1,"arezzo, importação, rótulos","corrugado, rótulos, corrugada"
8,56,1,"doccob, conemb, transportadora","kunden systems, ocorrida, implantação"
2,56,1,"moeda, cotação, cotações","kunden systems, ocorrida, implantação"
42,115,1,"produtos fabricação, geração produtos, conta contábil","apontamento, multitarefa, desvio"
7,46,1,"revisão, bônus, painel","armazenagem, lotes, local"
45,108,1,"armazenagem, local, rótulos","abastecimento, requisição, materiais"
54,99,1,"corrugado, rótulos, corrugada","back flush, flush materiais, apontamento"
88,99,1,"cri, ajuste, divergência","back flush, flush materiais, apontamento"
89,139,1,"estoque futuro, localização, produção estoque","grafdil, carrinho, pessoa"
23,78,1,"http, frigorifico, link","and, select, nvl"
3,13,1,"reg, status notas, mandatório","ibs, cbs, monofásica"
22,38,1,"detalhamento teste, login, user","lote, fracionamento, fracionar"
22,98,1,"detalhamento teste, login, user","rota, pedidos faturamento, liberação pedidos"
12,64,1,"alíquota, cbs, ibs","nao, transcricao, deve"
22,158,1,"detalhamento teste, login, user","monitor, fiscais, notas"
51,112,1,"email, envio, mails","data base, fecha base, plano produção"
55,131,1,"mail assunto, desenvolvimento, queria entender","android, app, ivendre"
9,22,1,"codex clipboard, png, tecnica","detalhamento teste, login, user"
22,154,1,"detalhamento teste, login, user","fornecedor, entrada, ontem"
22,151,1,"detalhamento teste, login, user","fabricação geração, plano mestre, mestre produção"
22,31,1,"detalhamento teste, login, user","picking, rótulo, web"
54,105,1,"corrugado, rótulos, corrugada","cotação, compras, fornecedor"
22,79,1,"detalhamento teste, login, user","marca, conjunto, cor"
43,76,1,"cep, inspeção, lançamento","encerramento, finalização, proceso"
25,108,1,"job, logs, ção","abastecimento, requisição, materiais"
25,101,1,"job, logs, ção","recursos, filtro, semana"
25,144,1,"job, logs, ção","retorno, industrialização, deposito"
25,40,1,"job, logs, ção","inspeção, laboratorial, inspección"
25,81,1,"job, logs, ção","ikronos, api, industrial manufatura"
18,22,1,"ção, ato, drawback","detalhamento teste, login, user"
122,150,1,"emissão ordem, chão, ordem fabricação","remessa, terceirização, industrialização"
89,122,1,"estoque futuro, localização, produção estoque","emissão ordem, chão, ordem fabricação"
22,41,1,"detalhamento teste, login, user","custeio, custo, recálculo"
10,22,1,"evento, leiaute, autor","detalhamento teste, login, user"
22,81,1,"detalhamento teste, login, user","ikronos, api, industrial manufatura"
22,104,1,"detalhamento teste, login, user","cancelamento, entrega, cancelar"
22,28,1,"detalhamento teste, login, user","importação, edi, arquivo"
